date_tirage,boule_1,boule_2,boule_3,boule_4,boule_5,numero_complementaire,gain_rang1,source
1976-05-19,31,15,33,27,36,34,0.0,Historique Loto de mai 1976 à octobre 2008
1976-06-03,10,26,42,1,4,31,96480.0,Historique Loto de mai 1976 à octobre 2008
1976-06-10,44,16,47,10,15,27,0.0,Historique Loto de mai 1976 à octobre 2008
1976-06-16,2,3,35,13,1,49,0.0,Historique Loto de mai 1976 à octobre 2008
1976-06-23,30,22,11,9,23,49,0.0,Historique Loto de mai 1976 à octobre 2008
1976-06-30,10,17,25,35,5,1,0.0,Historique Loto de mai 1976 à octobre 2008
1976-07-07,27,32,34,19,45,15,0.0,Historique Loto de mai 1976 à octobre 2008
1976-07-15,42,5,29,28,27,8,0.0,Historique Loto de mai 1976 à octobre 2008
1976-07-21,15,2,31,19,27,5,0.0,Historique Loto de mai 1976 à octobre 2008
1976-07-28,40,49,16,37,35,7,0.0,Historique Loto de mai 1976 à octobre 2008
1976-08-05,47,37,25,6,4,42,0.0,Historique Loto de mai 1976 à octobre 2008
1976-08-11,8,42,33,31,17,26,0.0,Historique Loto de mai 1976 à octobre 2008
1976-08-18,21,9,3,24,34,48,0.0,Historique Loto de mai 1976 à octobre 2008
1976-08-25,32,11,7,8,38,48,0.0,Historique Loto de mai 1976 à octobre 2008
1976-09-01,27,33,42,8,26,25,0.0,Historique Loto de mai 1976 à octobre 2008
1976-09-08,25,30,22,3,38,13,808052.0,Historique Loto de mai 1976 à octobre 2008
1976-09-15,27,7,39,3,8,28,191187.0,Historique Loto de mai 1976 à octobre 2008
1976-09-22,35,24,10,36,9,11,0.0,Historique Loto de mai 1976 à octobre 2008
1976-09-29,7,15,11,8,35,24,0.0,Historique Loto de mai 1976 à octobre 2008
1976-10-06,47,30,38,6,26,8,0.0,Historique Loto de mai 1976 à octobre 2008
1976-10-13,36,19,46,2,20,35,0.0,Historique Loto de mai 1976 à octobre 2008
1976-10-20,20,26,14,48,33,18,0.0,Historique Loto de mai 1976 à octobre 2008
1976-10-27,43,5,40,13,17,10,1111823.0,Historique Loto de mai 1976 à octobre 2008
1976-11-04,46,40,30,9,33,3,0.0,Historique Loto de mai 1976 à octobre 2008
1976-11-10,17,3,41,38,30,32,812217.0,Historique Loto de mai 1976 à octobre 2008
1976-11-17,2,32,44,45,20,38,0.0,Historique Loto de mai 1976 à octobre 2008
1976-11-24,20,19,25,5,12,10,368478.0,Historique Loto de mai 1976 à octobre 2008
1976-12-01,18,26,16,22,28,7,0.0,Historique Loto de mai 1976 à octobre 2008
1976-12-08,38,31,12,49,7,42,685874.0,Historique Loto de mai 1976 à octobre 2008
1976-12-15,26,45,19,9,39,43,0.0,Historique Loto de mai 1976 à octobre 2008
1976-12-22,20,36,3,7,1,28,0.0,Historique Loto de mai 1976 à octobre 2008
1976-12-29,9,12,32,24,47,41,530383.0,Historique Loto de mai 1976 à octobre 2008
1977-01-05,36,26,1,34,32,42,0.0,Historique Loto de mai 1976 à octobre 2008
1977-01-12,16,15,17,31,8,24,0.0,Historique Loto de mai 1976 à octobre 2008
1977-01-19,41,33,2,14,45,44,0.0,Historique Loto de mai 1976 à octobre 2008
1977-01-26,21,7,45,12,9,23,1946207.0,Historique Loto de mai 1976 à octobre 2008
1977-02-02,25,23,5,1,41,43,0.0,Historique Loto de mai 1976 à octobre 2008
1977-02-09,11,40,28,22,1,46,1083475.0,Historique Loto de mai 1976 à octobre 2008
1977-02-16,11,44,13,37,31,24,1171462.0,Historique Loto de mai 1976 à octobre 2008
1977-02-23,42,43,25,22,34,32,2402062.0,Historique Loto de mai 1976 à octobre 2008
1977-03-02,26,27,6,22,33,46,1351615.0,Historique Loto de mai 1976 à octobre 2008
1977-03-09,3,28,4,9,46,17,1425739.0,Historique Loto de mai 1976 à octobre 2008
1977-03-16,40,21,20,45,44,32,1492734.0,Historique Loto de mai 1976 à octobre 2008
1977-03-23,14,20,22,40,17,4,742064.0,Historique Loto de mai 1976 à octobre 2008
1977-03-30,19,10,40,41,43,33,0.0,Historique Loto de mai 1976 à octobre 2008
1977-04-06,33,18,7,8,25,42,2359293.0,Historique Loto de mai 1976 à octobre 2008
1977-04-14,41,28,26,3,16,38,1547878.0,Historique Loto de mai 1976 à octobre 2008
1977-04-20,30,17,35,7,9,41,1577622.0,Historique Loto de mai 1976 à octobre 2008
1977-04-27,6,30,29,28,44,11,0.0,Historique Loto de mai 1976 à octobre 2008
1977-05-04,29,36,49,38,34,26,2546117.0,Historique Loto de mai 1976 à octobre 2008
1977-05-11,28,10,1,23,9,41,1198410.0,Historique Loto de mai 1976 à octobre 2008
1977-05-18,7,20,4,19,44,39,412019.0,Historique Loto de mai 1976 à octobre 2008
1977-05-25,44,38,20,31,22,25,3412823.0,Historique Loto de mai 1976 à octobre 2008
1977-06-01,32,38,15,2,18,7,3155468.0,Historique Loto de mai 1976 à octobre 2008
1977-06-08,24,43,31,21,37,11,975346.0,Historique Loto de mai 1976 à octobre 2008
1977-06-15,29,39,8,27,28,9,0.0,Historique Loto de mai 1976 à octobre 2008
1977-06-22,42,15,7,19,12,26,1403926.0,Historique Loto de mai 1976 à octobre 2008
1977-06-29,47,38,48,37,1,35,0.0,Historique Loto de mai 1976 à octobre 2008
1977-07-06,28,2,37,16,20,34,0.0,Historique Loto de mai 1976 à octobre 2008
1977-07-13,44,21,48,36,3,42,6902525.0,Historique Loto de mai 1976 à octobre 2008
1977-07-20,11,7,32,12,30,17,339983.0,Historique Loto de mai 1976 à octobre 2008
1977-07-27,6,28,48,44,14,17,1102177.0,Historique Loto de mai 1976 à octobre 2008
1977-08-03,23,26,24,18,15,32,3077680.0,Historique Loto de mai 1976 à octobre 2008
1977-08-10,31,30,47,15,45,23,0.0,Historique Loto de mai 1976 à octobre 2008
1977-08-18,4,10,29,5,32,25,4332713.0,Historique Loto de mai 1976 à octobre 2008
1977-08-24,5,26,9,49,19,11,228525.0,Historique Loto de mai 1976 à octobre 2008
1977-08-31,43,34,8,49,32,41,1589155.0,Historique Loto de mai 1976 à octobre 2008
1977-09-07,37,7,32,34,27,44,3335077.0,Historique Loto de mai 1976 à octobre 2008
1977-09-14,9,18,17,3,44,16,1720014.0,Historique Loto de mai 1976 à octobre 2008
1977-09-21,15,27,5,3,19,31,171456.0,Historique Loto de mai 1976 à octobre 2008
1977-09-28,2,4,33,7,38,30,1236877.0,Historique Loto de mai 1976 à octobre 2008
1977-10-05,4,36,49,7,28,37,472347.0,Historique Loto de mai 1976 à octobre 2008
1977-10-12,47,27,6,5,42,31,779406.0,Historique Loto de mai 1976 à octobre 2008
1977-10-19,45,6,11,24,12,31,1302855.0,Historique Loto de mai 1976 à octobre 2008
1977-10-26,38,6,25,34,3,9,0.0,Historique Loto de mai 1976 à octobre 2008
1977-11-03,31,47,32,4,38,46,0.0,Historique Loto de mai 1976 à octobre 2008
1977-11-09,20,42,35,14,19,4,8070154.0,Historique Loto de mai 1976 à octobre 2008
1977-11-16,1,33,20,28,9,26,641783.0,Historique Loto de mai 1976 à octobre 2008
1977-11-23,3,15,16,2,37,10,2266052.0,Historique Loto de mai 1976 à octobre 2008
1977-11-30,23,21,38,45,48,26,4490914.0,Historique Loto de mai 1976 à octobre 2008
1977-12-07,37,44,20,42,6,23,2257944.0,Historique Loto de mai 1976 à octobre 2008
1977-12-14,30,12,27,38,41,9,2312922.0,Historique Loto de mai 1976 à octobre 2008
1977-12-21,38,9,28,12,19,16,1812696.0,Historique Loto de mai 1976 à octobre 2008
1977-12-28,11,6,35,23,39,25,2400434.0,Historique Loto de mai 1976 à octobre 2008
1978-01-04,7,36,5,12,37,19,2159878.0,Historique Loto de mai 1976 à octobre 2008
1978-01-11,38,45,4,43,17,25,553524.0,Historique Loto de mai 1976 à octobre 2008
1978-01-18,23,22,33,27,26,2,5055422.0,Historique Loto de mai 1976 à octobre 2008
1978-01-25,36,1,12,34,37,47,5134353.0,Historique Loto de mai 1976 à octobre 2008
1978-02-01,16,2,37,48,7,42,767470.0,Historique Loto de mai 1976 à octobre 2008
1978-02-08,10,33,27,5,8,47,259919.0,Historique Loto de mai 1976 à octobre 2008
1978-02-15,40,4,38,39,24,36,2668300.0,Historique Loto de mai 1976 à octobre 2008
1978-02-22,42,5,37,14,31,19,1752746.0,Historique Loto de mai 1976 à octobre 2008
1978-03-01,45,17,18,46,38,34,5380506.0,Historique Loto de mai 1976 à octobre 2008
1978-03-08,41,7,34,16,40,14,612252.0,Historique Loto de mai 1976 à octobre 2008
1978-03-15,27,14,13,20,12,3,882254.0,Historique Loto de mai 1976 à octobre 2008
1978-03-22,43,36,31,29,45,49,0.0,Historique Loto de mai 1976 à octobre 2008
1978-03-30,28,15,7,4,24,39,417319.0,Historique Loto de mai 1976 à octobre 2008
1978-04-05,33,27,7,12,35,36,1324049.0,Historique Loto de mai 1976 à octobre 2008
1978-04-12,36,7,31,46,26,18,0.0,Historique Loto de mai 1976 à octobre 2008
1978-04-19,49,17,27,42,40,12,4174215.0,Historique Loto de mai 1976 à octobre 2008
1978-04-26,37,45,29,28,24,40,1810351.0,Historique Loto de mai 1976 à octobre 2008
1978-05-03,17,27,19,40,28,48,4754571.0,Historique Loto de mai 1976 à octobre 2008
1978-05-10,5,4,2,29,8,14,350998.0,Historique Loto de mai 1976 à octobre 2008
1978-05-18,23,45,49,11,20,44,1869544.0,Historique Loto de mai 1976 à octobre 2008
1978-05-24,7,18,46,47,3,33,922614.0,Historique Loto de mai 1976 à octobre 2008
1978-05-31,49,14,48,10,29,44,0.0,Historique Loto de mai 1976 à octobre 2008
1978-06-07,21,1,43,35,13,24,454100.0,Historique Loto de mai 1976 à octobre 2008
1978-06-14,12,49,40,10,1,35,661033.0,Historique Loto de mai 1976 à octobre 2008
1978-06-21,49,11,32,44,20,19,864166.0,Historique Loto de mai 1976 à octobre 2008
1978-06-28,3,46,41,45,16,1,2565577.0,Historique Loto de mai 1976 à octobre 2008
1978-07-05,46,47,39,29,17,25,1249355.0,Historique Loto de mai 1976 à octobre 2008
1978-07-12,9,15,2,40,25,41,627524.0,Historique Loto de mai 1976 à octobre 2008
1978-07-19,28,11,16,8,24,46,922798.0,Historique Loto de mai 1976 à octobre 2008
1978-07-26,17,19,11,34,7,31,774459.0,Historique Loto de mai 1976 à octobre 2008
1978-08-02,5,3,1,27,17,23,1438299.0,Historique Loto de mai 1976 à octobre 2008
1978-08-09,40,3,18,16,21,8,2220442.0,Historique Loto de mai 1976 à octobre 2008
1978-08-17,45,31,18,27,30,28,0.0,Historique Loto de mai 1976 à octobre 2008
1978-08-23,41,21,20,42,46,16,6425561.0,Historique Loto de mai 1976 à octobre 2008
1978-08-30,28,38,21,12,48,32,0.0,Historique Loto de mai 1976 à octobre 2008
1978-09-06,2,6,40,48,37,30,8022580.0,Historique Loto de mai 1976 à octobre 2008
1978-09-13,20,48,35,34,8,9,3089877.0,Historique Loto de mai 1976 à octobre 2008
1978-09-20,34,25,4,5,41,36,2740181.0,Historique Loto de mai 1976 à octobre 2008
1978-09-27,48,45,27,47,23,17,1598952.0,Historique Loto de mai 1976 à octobre 2008
1978-10-04,12,21,9,20,8,27,1097270.0,Historique Loto de mai 1976 à octobre 2008
1978-10-11,4,48,14,33,29,3,1667363.0,Historique Loto de mai 1976 à octobre 2008
1978-10-18,41,35,27,16,24,5,1345302.0,Historique Loto de mai 1976 à octobre 2008
1978-10-25,28,34,8,42,20,43,1318220.0,Historique Loto de mai 1976 à octobre 2008
1978-11-02,31,46,39,36,26,13,6230318.0,Historique Loto de mai 1976 à octobre 2008
1978-11-08,6,16,21,3,49,29,1087400.0,Historique Loto de mai 1976 à octobre 2008
1978-11-15,48,38,17,42,8,31,3282802.0,Historique Loto de mai 1976 à octobre 2008
1978-11-22,32,20,47,14,19,13,1111649.0,Historique Loto de mai 1976 à octobre 2008
1978-11-29,32,10,11,49,25,20,944452.0,Historique Loto de mai 1976 à octobre 2008
1978-12-06,42,30,35,31,44,41,3380234.0,Historique Loto de mai 1976 à octobre 2008
1978-12-13,25,15,7,31,42,12,236432.0,Historique Loto de mai 1976 à octobre 2008
1978-12-20,48,31,41,49,35,27,901280.0,Historique Loto de mai 1976 à octobre 2008
1978-12-28,42,2,31,36,1,24,3276625.0,Historique Loto de mai 1976 à octobre 2008
1979-01-04,20,21,47,13,49,30,6162607.0,Historique Loto de mai 1976 à octobre 2008
1979-01-10,40,41,14,18,20,24,6681238.0,Historique Loto de mai 1976 à octobre 2008
1979-01-17,12,37,30,16,19,10,1424484.0,Historique Loto de mai 1976 à octobre 2008
1979-01-24,6,37,36,40,26,7,2391832.0,Historique Loto de mai 1976 à octobre 2008
1979-01-31,4,22,30,26,49,3,797796.0,Historique Loto de mai 1976 à octobre 2008
1979-02-07,26,24,14,22,23,35,2471460.0,Historique Loto de mai 1976 à octobre 2008
1979-02-14,27,30,18,49,47,10,1248010.0,Historique Loto de mai 1976 à octobre 2008
1979-02-21,41,10,49,43,18,45,7273275.0,Historique Loto de mai 1976 à octobre 2008
1979-02-28,2,20,5,31,11,10,402046.0,Historique Loto de mai 1976 à octobre 2008
1979-03-07,18,13,43,2,42,17,920358.0,Historique Loto de mai 1976 à octobre 2008
1979-03-14,25,36,32,20,45,13,1479676.0,Historique Loto de mai 1976 à octobre 2008
1979-03-21,6,42,38,45,46,5,2446024.0,Historique Loto de mai 1976 à octobre 2008
1979-03-28,23,42,14,27,3,26,560053.0,Historique Loto de mai 1976 à octobre 2008
1979-04-04,12,45,9,1,3,35,461943.0,Historique Loto de mai 1976 à octobre 2008
1979-04-11,34,2,28,12,7,35,1211453.0,Historique Loto de mai 1976 à octobre 2008
1979-04-19,12,39,35,19,20,27,1367424.0,Historique Loto de mai 1976 à octobre 2008
1979-04-25,13,21,39,37,41,20,999637.0,Historique Loto de mai 1976 à octobre 2008
1979-05-03,21,36,8,33,17,23,6536282.0,Historique Loto de mai 1976 à octobre 2008
1979-05-09,40,41,49,24,9,6,3525854.0,Historique Loto de mai 1976 à octobre 2008
1979-05-16,27,41,1,23,3,33,1838925.0,Historique Loto de mai 1976 à octobre 2008
1979-05-23,36,42,48,11,5,10,1203148.0,Historique Loto de mai 1976 à octobre 2008
1979-05-30,8,15,48,44,19,42,6988088.0,Historique Loto de mai 1976 à octobre 2008
1979-06-07,3,49,9,48,10,18,1360718.0,Historique Loto de mai 1976 à octobre 2008
1979-06-13,8,21,9,35,4,38,1130346.0,Historique Loto de mai 1976 à octobre 2008
1979-06-20,10,12,3,25,8,48,977762.0,Historique Loto de mai 1976 à octobre 2008
1979-06-27,7,26,32,19,44,41,370883.0,Historique Loto de mai 1976 à octobre 2008
1979-07-04,25,1,15,39,4,14,3249125.0,Historique Loto de mai 1976 à octobre 2008
1979-07-11,44,15,41,45,33,34,3191379.0,Historique Loto de mai 1976 à octobre 2008
1979-07-18,13,8,49,36,19,18,1035773.0,Historique Loto de mai 1976 à octobre 2008
1979-07-25,19,23,8,31,47,17,385060.0,Historique Loto de mai 1976 à octobre 2008
1979-08-01,17,2,29,23,14,34,1436416.0,Historique Loto de mai 1976 à octobre 2008
1979-08-08,47,40,22,21,45,36,5677780.0,Historique Loto de mai 1976 à octobre 2008
1979-08-16,36,42,20,15,47,11,5625393.0,Historique Loto de mai 1976 à octobre 2008
1979-08-22,48,22,31,44,14,46,2013659.0,Historique Loto de mai 1976 à octobre 2008
1979-08-29,8,25,15,16,4,33,893912.0,Historique Loto de mai 1976 à octobre 2008
1979-09-05,43,13,26,17,30,4,591094.0,Historique Loto de mai 1976 à octobre 2008
1979-09-12,31,45,17,13,5,14,291599.0,Historique Loto de mai 1976 à octobre 2008
1979-09-19,8,10,16,12,2,18,133110.0,Historique Loto de mai 1976 à octobre 2008
1979-09-26,44,6,37,12,3,9,809641.0,Historique Loto de mai 1976 à octobre 2008
1979-10-03,7,24,28,13,38,21,390025.0,Historique Loto de mai 1976 à octobre 2008
1979-10-10,4,36,29,28,42,13,1069037.0,Historique Loto de mai 1976 à octobre 2008
1979-10-17,27,39,25,22,41,5,926934.0,Historique Loto de mai 1976 à octobre 2008
1979-10-24,7,46,33,45,34,20,3689326.0,Historique Loto de mai 1976 à octobre 2008
1979-10-31,3,7,19,28,27,16,671318.0,Historique Loto de mai 1976 à octobre 2008
1979-11-07,28,45,46,12,40,13,2479074.0,Historique Loto de mai 1976 à octobre 2008
1979-11-14,48,25,24,44,38,35,7562751.0,Historique Loto de mai 1976 à octobre 2008
1979-11-21,28,12,24,4,30,32,553491.0,Historique Loto de mai 1976 à octobre 2008
1979-11-28,22,40,2,4,43,33,0.0,Historique Loto de mai 1976 à octobre 2008
1979-12-05,12,7,27,35,15,48,738012.0,Historique Loto de mai 1976 à octobre 2008
1979-12-12,8,32,36,37,22,13,8285829.0,Historique Loto de mai 1976 à octobre 2008
1979-12-19,10,26,12,22,4,16,711668.0,Historique Loto de mai 1976 à octobre 2008
1979-12-28,41,19,24,47,39,6,1505885.0,Historique Loto de mai 1976 à octobre 2008
1980-01-03,26,32,48,39,9,6,1499297.0,Historique Loto de mai 1976 à octobre 2008
1980-01-09,39,46,47,21,9,30,8326106.0,Historique Loto de mai 1976 à octobre 2008
1980-01-16,42,26,43,9,32,38,1700066.0,Historique Loto de mai 1976 à octobre 2008
1980-01-23,31,9,7,39,33,14,2855187.0,Historique Loto de mai 1976 à octobre 2008
1980-01-30,29,28,42,46,19,25,2858627.0,Historique Loto de mai 1976 à octobre 2008
1980-02-06,38,48,19,25,2,28,1455598.0,Historique Loto de mai 1976 à octobre 2008
1980-02-13,43,20,25,39,26,46,4749430.0,Historique Loto de mai 1976 à octobre 2008
1980-02-20,5,1,45,37,49,31,565154.0,Historique Loto de mai 1976 à octobre 2008
1980-02-27,3,30,19,18,13,12,1009104.0,Historique Loto de mai 1976 à octobre 2008
1980-03-05,48,47,38,25,18,14,1546008.0,Historique Loto de mai 1976 à octobre 2008
1980-03-12,48,38,17,46,9,47,2333131.0,Historique Loto de mai 1976 à octobre 2008
1980-03-19,36,35,32,23,1,33,2351583.0,Historique Loto de mai 1976 à octobre 2008
1980-03-26,18,10,46,35,4,27,9274390.0,Historique Loto de mai 1976 à octobre 2008
1980-04-02,29,41,6,19,26,7,2485359.0,Historique Loto de mai 1976 à octobre 2008
1980-04-09,47,41,12,31,5,10,2378499.0,Historique Loto de mai 1976 à octobre 2008
1980-04-16,6,22,45,21,2,4,3137951.0,Historique Loto de mai 1976 à octobre 2008
1980-04-23,10,14,12,3,42,43,813179.0,Historique Loto de mai 1976 à octobre 2008
1980-04-30,6,7,9,17,45,26,1922938.0,Historique Loto de mai 1976 à octobre 2008
1980-05-07,22,1,25,14,10,8,1924928.0,Historique Loto de mai 1976 à octobre 2008
1980-05-14,6,46,14,17,37,44,1064373.0,Historique Loto de mai 1976 à octobre 2008
1980-05-21,45,5,44,15,48,8,2361859.0,Historique Loto de mai 1976 à octobre 2008
1980-05-29,7,8,2,25,15,26,612754.0,Historique Loto de mai 1976 à octobre 2008
1980-06-04,14,18,6,48,27,39,839759.0,Historique Loto de mai 1976 à octobre 2008
1980-06-11,25,34,9,42,31,24,9283483.0,Historique Loto de mai 1976 à octobre 2008
1980-06-18,7,40,36,11,22,1,515466.0,Historique Loto de mai 1976 à octobre 2008
1980-06-25,5,25,38,3,31,26,963345.0,Historique Loto de mai 1976 à octobre 2008
1980-07-02,34,47,36,5,40,30,9330310.0,Historique Loto de mai 1976 à octobre 2008
1980-07-09,14,11,45,29,41,18,662329.0,Historique Loto de mai 1976 à octobre 2008
1980-07-17,42,17,2,28,4,1,1790861.0,Historique Loto de mai 1976 à octobre 2008
1980-07-23,4,21,11,22,38,49,1461555.0,Historique Loto de mai 1976 à octobre 2008
1980-07-30,3,13,5,11,19,12,650292.0,Historique Loto de mai 1976 à octobre 2008
1980-08-06,7,40,48,10,6,32,2721306.0,Historique Loto de mai 1976 à octobre 2008
1980-08-13,28,5,32,12,15,20,585051.0,Historique Loto de mai 1976 à octobre 2008
1980-08-20,20,16,48,39,1,31,0.0,Historique Loto de mai 1976 à octobre 2008
1980-08-27,48,24,18,45,36,28,728173.0,Historique Loto de mai 1976 à octobre 2008
1980-09-03,16,43,28,20,7,35,819704.0,Historique Loto de mai 1976 à octobre 2008
1980-09-10,31,19,3,20,39,1,2329018.0,Historique Loto de mai 1976 à octobre 2008
1980-09-17,49,4,9,43,12,42,861680.0,Historique Loto de mai 1976 à octobre 2008
1980-09-24,12,28,31,4,45,2,8916429.0,Historique Loto de mai 1976 à octobre 2008
1980-10-01,44,1,31,32,23,48,8350878.0,Historique Loto de mai 1976 à octobre 2008
1980-10-08,47,3,22,13,5,4,531979.0,Historique Loto de mai 1976 à octobre 2008
1980-10-15,14,33,29,21,18,6,2539750.0,Historique Loto de mai 1976 à octobre 2008
1980-10-22,46,6,48,36,41,23,3377859.0,Historique Loto de mai 1976 à octobre 2008
1980-10-29,15,3,41,45,37,31,1015198.0,Historique Loto de mai 1976 à octobre 2008
1980-11-05,42,49,21,10,39,13,4971856.0,Historique Loto de mai 1976 à octobre 2008
1980-11-13,40,1,13,7,31,4,1205148.0,Historique Loto de mai 1976 à octobre 2008
1980-11-19,6,13,21,39,37,25,1262818.0,Historique Loto de mai 1976 à octobre 2008
1980-11-26,39,21,40,42,44,1,2549082.0,Historique Loto de mai 1976 à octobre 2008
1980-12-03,22,35,47,40,24,38,3386430.0,Historique Loto de mai 1976 à octobre 2008
1980-12-10,16,40,27,18,11,39,5172891.0,Historique Loto de mai 1976 à octobre 2008
1980-12-17,5,12,44,24,11,42,1347828.0,Historique Loto de mai 1976 à octobre 2008
1980-12-24,15,47,7,10,31,35,1171328.0,Historique Loto de mai 1976 à octobre 2008
1980-12-31,7,16,34,8,39,41,5230368.0,Historique Loto de mai 1976 à octobre 2008
1981-01-07,20,44,41,31,18,21,8770988.0,Historique Loto de mai 1976 à octobre 2008
1981-01-14,34,31,26,38,48,47,2150087.0,Historique Loto de mai 1976 à octobre 2008
1981-01-21,19,28,49,26,47,35,1561657.0,Historique Loto de mai 1976 à octobre 2008
1981-01-28,4,28,29,19,18,16,1112940.0,Historique Loto de mai 1976 à octobre 2008
1981-02-04,43,3,7,13,20,40,1030393.0,Historique Loto de mai 1976 à octobre 2008
1981-02-11,46,24,11,14,28,26,1880731.0,Historique Loto de mai 1976 à octobre 2008
1981-02-18,34,25,5,28,19,29,788353.0,Historique Loto de mai 1976 à octobre 2008
1981-02-25,29,12,48,13,15,9,9706234.0,Historique Loto de mai 1976 à octobre 2008
1981-03-04,26,19,6,48,34,3,551516.0,Historique Loto de mai 1976 à octobre 2008
1981-03-11,28,40,3,36,41,30,4043577.0,Historique Loto de mai 1976 à octobre 2008
1981-03-18,44,14,22,39,45,42,6103711.0,Historique Loto de mai 1976 à octobre 2008
1981-03-25,2,18,49,28,47,31,1195394.0,Historique Loto de mai 1976 à octobre 2008
1981-04-01,5,33,24,34,21,13,5858786.0,Historique Loto de mai 1976 à octobre 2008
1981-04-08,45,18,43,24,13,38,1458772.0,Historique Loto de mai 1976 à octobre 2008
1981-04-15,2,33,48,38,7,4,1917227.0,Historique Loto de mai 1976 à octobre 2008
1981-04-23,9,34,17,1,24,5,1241113.0,Historique Loto de mai 1976 à octobre 2008
1981-04-29,40,13,29,41,42,49,2245624.0,Historique Loto de mai 1976 à octobre 2008
1981-05-06,41,17,38,43,47,19,2286972.0,Historique Loto de mai 1976 à octobre 2008
1981-05-13,3,19,2,37,48,6,2918319.0,Historique Loto de mai 1976 à octobre 2008
1981-05-20,6,29,18,4,47,43,2316732.0,Historique Loto de mai 1976 à octobre 2008
1981-05-27,39,28,8,2,16,49,2866671.0,Historique Loto de mai 1976 à octobre 2008
1981-06-03,26,25,5,40,12,46,1109137.0,Historique Loto de mai 1976 à octobre 2008
1981-06-11,4,40,5,44,35,9,0.0,Historique Loto de mai 1976 à octobre 2008
1981-06-17,42,13,38,18,1,48,1636290.0,Historique Loto de mai 1976 à octobre 2008
1981-06-24,49,35,2,3,38,44,5433108.0,Historique Loto de mai 1976 à octobre 2008
1981-07-01,12,4,34,27,25,38,740007.0,Historique Loto de mai 1976 à octobre 2008
1981-07-08,12,31,18,7,11,30,1010074.0,Historique Loto de mai 1976 à octobre 2008
1981-07-16,40,2,49,20,15,28,6725479.0,Historique Loto de mai 1976 à octobre 2008
1981-07-22,34,22,11,26,25,27,7053360.0,Historique Loto de mai 1976 à octobre 2008
1981-07-29,13,19,9,27,49,6,439856.0,Historique Loto de mai 1976 à octobre 2008
1981-08-05,24,15,49,36,30,13,2482321.0,Historique Loto de mai 1976 à octobre 2008
1981-08-12,2,49,6,37,13,23,1254912.0,Historique Loto de mai 1976 à octobre 2008
1981-08-19,4,13,9,35,37,10,1402288.0,Historique Loto de mai 1976 à octobre 2008
1981-08-26,12,9,36,45,48,27,1122670.0,Historique Loto de mai 1976 à octobre 2008
1981-09-02,20,13,31,43,37,26,1154030.0,Historique Loto de mai 1976 à octobre 2008
1981-09-09,29,33,25,32,5,7,7169879.0,Historique Loto de mai 1976 à octobre 2008
1981-09-16,11,9,2,20,36,27,2192068.0,Historique Loto de mai 1976 à octobre 2008
1981-09-23,34,9,14,24,19,40,3298732.0,Historique Loto de mai 1976 à octobre 2008
1981-09-30,14,34,15,13,39,18,0.0,Historique Loto de mai 1976 à octobre 2008
1981-10-07,4,12,47,11,28,17,1785555.0,Historique Loto de mai 1976 à octobre 2008
1981-10-14,19,12,36,47,25,15,319813.0,Historique Loto de mai 1976 à octobre 2008
1981-10-21,2,26,24,1,43,32,3906044.0,Historique Loto de mai 1976 à octobre 2008
1981-10-28,48,8,15,25,40,18,1282271.0,Historique Loto de mai 1976 à octobre 2008
1981-11-04,24,46,7,23,2,40,1922023.0,Historique Loto de mai 1976 à octobre 2008
1981-11-12,27,4,43,10,24,32,1613063.0,Historique Loto de mai 1976 à octobre 2008
1981-11-18,43,2,27,46,40,42,1957705.0,Historique Loto de mai 1976 à octobre 2008
1981-11-25,44,12,27,48,16,2,1290837.0,Historique Loto de mai 1976 à octobre 2008
1981-12-02,22,39,36,32,5,44,2350234.0,Historique Loto de mai 1976 à octobre 2008
1981-12-09,12,34,29,1,36,33,7881832.0,Historique Loto de mai 1976 à octobre 2008
1981-12-16,18,38,13,22,34,5,1906976.0,Historique Loto de mai 1976 à octobre 2008
1981-12-23,48,14,26,13,45,27,1488174.0,Historique Loto de mai 1976 à octobre 2008
1981-12-30,28,45,34,48,37,31,310861.0,Historique Loto de mai 1976 à octobre 2008
1982-01-06,49,23,42,40,38,29,1492804.0,Historique Loto de mai 1976 à octobre 2008
1982-01-13,9,29,25,8,14,27,1195380.0,Historique Loto de mai 1976 à octobre 2008
1982-01-20,24,46,27,11,23,49,2450088.0,Historique Loto de mai 1976 à octobre 2008
1982-01-27,26,34,23,24,47,17,2046542.0,Historique Loto de mai 1976 à octobre 2008
1982-02-03,26,24,40,10,23,41,2488522.0,Historique Loto de mai 1976 à octobre 2008
1982-02-10,17,38,23,6,27,18,1969065.0,Historique Loto de mai 1976 à octobre 2008
1982-02-17,39,29,23,18,17,35,1804728.0,Historique Loto de mai 1976 à octobre 2008
1982-02-24,34,30,10,18,4,45,2526509.0,Historique Loto de mai 1976 à octobre 2008
1982-03-03,28,48,13,23,16,5,788413.0,Historique Loto de mai 1976 à octobre 2008
1982-03-10,3,13,24,19,36,39,575457.0,Historique Loto de mai 1976 à octobre 2008
1982-03-17,42,35,29,12,16,38,1804646.0,Historique Loto de mai 1976 à octobre 2008
1982-03-24,9,35,48,11,49,24,1144609.0,Historique Loto de mai 1976 à octobre 2008
1982-03-31,39,32,27,23,28,12,6085783.0,Historique Loto de mai 1976 à octobre 2008
1982-04-07,40,36,29,19,31,5,2051512.0,Historique Loto de mai 1976 à octobre 2008
1982-04-15,35,22,23,24,17,5,2423096.0,Historique Loto de mai 1976 à octobre 2008
1982-04-21,10,17,24,11,2,31,1534944.0,Historique Loto de mai 1976 à octobre 2008
1982-04-28,20,8,3,4,16,41,776081.0,Historique Loto de mai 1976 à octobre 2008
1982-05-05,24,22,20,3,28,33,2047233.0,Historique Loto de mai 1976 à octobre 2008
1982-05-12,22,12,5,9,47,35,689788.0,Historique Loto de mai 1976 à octobre 2008
1982-05-19,24,14,2,9,12,1,299856.0,Historique Loto de mai 1976 à octobre 2008
1982-05-26,35,40,24,38,4,43,4131609.0,Historique Loto de mai 1976 à octobre 2008
1982-06-03,45,32,44,35,24,43,2371815.0,Historique Loto de mai 1976 à octobre 2008
1982-06-09,15,39,28,6,11,24,5892541.0,Historique Loto de mai 1976 à octobre 2008
1982-06-16,35,48,46,20,17,29,5976532.0,Historique Loto de mai 1976 à octobre 2008
1982-06-23,10,15,37,25,49,36,1292880.0,Historique Loto de mai 1976 à octobre 2008
1982-06-30,35,14,34,31,39,6,1907946.0,Historique Loto de mai 1976 à octobre 2008
1982-07-07,12,41,29,17,39,10,1402817.0,Historique Loto de mai 1976 à octobre 2008
1982-07-15,19,6,24,45,23,41,1043233.0,Historique Loto de mai 1976 à octobre 2008
1982-07-21,4,24,40,49,11,15,542914.0,Historique Loto de mai 1976 à octobre 2008
1982-07-28,28,1,32,7,24,36,679117.0,Historique Loto de mai 1976 à octobre 2008
1982-08-04,20,5,28,40,25,33,1493463.0,Historique Loto de mai 1976 à octobre 2008
1982-08-11,32,44,35,47,16,19,1768750.0,Historique Loto de mai 1976 à octobre 2008
1982-08-18,15,49,30,35,31,9,0.0,Historique Loto de mai 1976 à octobre 2008
1982-08-25,18,40,29,44,15,28,1896028.0,Historique Loto de mai 1976 à octobre 2008
1982-09-01,12,42,14,2,10,24,1391007.0,Historique Loto de mai 1976 à octobre 2008
1982-09-08,30,9,48,37,35,21,1636304.0,Historique Loto de mai 1976 à octobre 2008
1982-09-15,29,40,36,48,27,19,1457932.0,Historique Loto de mai 1976 à octobre 2008
1982-09-22,21,37,40,34,45,18,2136250.0,Historique Loto de mai 1976 à octobre 2008
1982-09-29,14,16,23,2,32,5,2423573.0,Historique Loto de mai 1976 à octobre 2008
1982-10-06,17,28,13,6,45,21,1017504.0,Historique Loto de mai 1976 à octobre 2008
1982-10-13,40,31,38,49,37,30,1756223.0,Historique Loto de mai 1976 à octobre 2008
1982-10-20,27,49,44,11,14,4,2080863.0,Historique Loto de mai 1976 à octobre 2008
1982-10-27,25,30,38,39,40,28,3078048.0,Historique Loto de mai 1976 à octobre 2008
1982-11-04,15,10,21,22,42,7,1023183.0,Historique Loto de mai 1976 à octobre 2008
1982-11-10,32,30,7,8,22,23,1126207.0,Historique Loto de mai 1976 à octobre 2008
1982-11-17,22,16,45,49,48,27,3154967.0,Historique Loto de mai 1976 à octobre 2008
1982-11-24,30,3,33,23,10,44,316015.0,Historique Loto de mai 1976 à octobre 2008
1982-12-01,31,32,36,9,26,29,4204306.0,Historique Loto de mai 1976 à octobre 2008
1982-12-08,30,35,19,28,47,20,1594232.0,Historique Loto de mai 1976 à octobre 2008
1982-12-15,49,26,4,6,40,33,6400854.0,Historique Loto de mai 1976 à octobre 2008
1982-12-22,46,44,10,7,48,22,3354618.0,Historique Loto de mai 1976 à octobre 2008
1982-12-29,49,25,8,32,31,41,1332992.0,Historique Loto de mai 1976 à octobre 2008
1983-01-05,16,21,31,48,1,37,1333480.0,Historique Loto de mai 1976 à octobre 2008
1983-01-12,42,29,18,45,15,24,595728.0,Historique Loto de mai 1976 à octobre 2008
1983-01-19,39,14,2,49,48,11,1531693.0,Historique Loto de mai 1976 à octobre 2008
1983-01-26,34,20,5,8,2,22,1946456.0,Historique Loto de mai 1976 à octobre 2008
1983-02-02,12,5,37,22,31,49,1364582.0,Historique Loto de mai 1976 à octobre 2008
1983-02-09,23,29,6,34,12,39,696801.0,Historique Loto de mai 1976 à octobre 2008
1983-02-16,40,33,14,30,12,41,2770398.0,Historique Loto de mai 1976 à octobre 2008
1983-02-23,4,8,32,30,42,48,2747003.0,Historique Loto de mai 1976 à octobre 2008
1983-03-02,33,22,26,34,45,5,1722706.0,Historique Loto de mai 1976 à octobre 2008
1983-03-09,28,22,12,24,38,5,1376018.0,Historique Loto de mai 1976 à octobre 2008
1983-03-16,23,9,36,5,43,27,2771362.0,Historique Loto de mai 1976 à octobre 2008
1983-03-23,26,11,32,34,22,17,909720.0,Historique Loto de mai 1976 à octobre 2008
1983-03-30,26,2,35,21,19,29,1045463.0,Historique Loto de mai 1976 à octobre 2008
1983-04-07,33,44,6,29,24,21,2653250.0,Historique Loto de mai 1976 à octobre 2008
1983-04-13,49,36,42,15,22,25,702074.0,Historique Loto de mai 1976 à octobre 2008
1983-04-20,26,31,40,33,10,43,898819.0,Historique Loto de mai 1976 à octobre 2008
1983-04-27,10,8,21,16,5,11,371503.0,Historique Loto de mai 1976 à octobre 2008
1983-05-04,24,21,40,43,5,48,3349226.0,Historique Loto de mai 1976 à octobre 2008
1983-05-11,48,12,41,22,44,26,3782566.0,Historique Loto de mai 1976 à octobre 2008
1983-05-18,1,30,49,9,32,35,599694.0,Historique Loto de mai 1976 à octobre 2008
1983-05-26,32,8,6,11,35,12,1097047.0,Historique Loto de mai 1976 à octobre 2008
1983-06-01,18,40,9,14,21,45,993205.0,Historique Loto de mai 1976 à octobre 2008
1983-06-08,20,9,6,7,37,32,4284869.0,Historique Loto de mai 1976 à octobre 2008
1983-06-15,10,20,30,17,34,43,3241578.0,Historique Loto de mai 1976 à octobre 2008
1983-06-22,29,14,39,5,21,33,1614771.0,Historique Loto de mai 1976 à octobre 2008
1983-06-29,21,48,37,10,43,11,1807121.0,Historique Loto de mai 1976 à octobre 2008
1983-07-06,26,38,46,35,49,32,2473188.0,Historique Loto de mai 1976 à octobre 2008
1983-07-13,15,14,28,30,48,39,1992502.0,Historique Loto de mai 1976 à octobre 2008
1983-07-20,18,40,28,31,48,21,787670.0,Historique Loto de mai 1976 à octobre 2008
1983-07-27,37,9,17,18,14,33,1180525.0,Historique Loto de mai 1976 à octobre 2008
1983-08-03,16,45,7,19,11,44,716514.0,Historique Loto de mai 1976 à octobre 2008
1983-08-10,44,29,3,24,13,27,1283422.0,Historique Loto de mai 1976 à octobre 2008
1983-08-18,23,37,21,44,4,24,519577.0,Historique Loto de mai 1976 à octobre 2008
1983-08-24,43,46,4,18,49,22,1626415.0,Historique Loto de mai 1976 à octobre 2008
1983-08-31,43,29,9,49,45,7,1678129.0,Historique Loto de mai 1976 à octobre 2008
1983-09-07,5,42,38,31,11,3,816969.0,Historique Loto de mai 1976 à octobre 2008
1983-09-14,15,44,33,27,11,32,346532.0,Historique Loto de mai 1976 à octobre 2008
1983-09-21,27,12,8,39,25,11,370370.0,Historique Loto de mai 1976 à octobre 2008
1983-09-28,49,12,33,19,24,41,340546.0,Historique Loto de mai 1976 à octobre 2008
1983-10-05,6,47,1,23,2,34,690132.0,Historique Loto de mai 1976 à octobre 2008
1983-10-12,19,20,40,13,34,21,1664979.0,Historique Loto de mai 1976 à octobre 2008
1983-10-19,5,11,47,44,8,34,633155.0,Historique Loto de mai 1976 à octobre 2008
1983-10-26,8,21,33,31,18,43,2179079.0,Historique Loto de mai 1976 à octobre 2008
1983-11-03,20,33,49,5,24,47,1239757.0,Historique Loto de mai 1976 à octobre 2008
1983-11-09,37,46,19,49,26,39,1470030.0,Historique Loto de mai 1976 à octobre 2008
1983-11-16,41,37,42,27,17,38,2201859.0,Historique Loto de mai 1976 à octobre 2008
1983-11-23,3,31,41,21,47,19,3328074.0,Historique Loto de mai 1976 à octobre 2008
1983-11-30,7,22,13,21,44,28,745127.0,Historique Loto de mai 1976 à octobre 2008
1983-12-07,43,27,47,16,44,42,6763373.0,Historique Loto de mai 1976 à octobre 2008
1983-12-14,43,34,23,10,48,16,1502932.0,Historique Loto de mai 1976 à octobre 2008
1983-12-21,27,42,4,20,7,46,1086659.0,Historique Loto de mai 1976 à octobre 2008
1983-12-28,33,35,40,20,5,30,1455758.0,Historique Loto de mai 1976 à octobre 2008
1984-01-04,22,27,2,28,37,10,6698250.0,Historique Loto de mai 1976 à octobre 2008
1984-01-11,20,45,5,29,31,35,2344266.0,Historique Loto de mai 1976 à octobre 2008
1984-01-18,6,8,30,1,7,35,483064.0,Historique Loto de mai 1976 à octobre 2008
1984-01-25,7,42,47,22,12,43,481387.0,Historique Loto de mai 1976 à octobre 2008
1984-02-01,18,45,31,15,41,44,3009063.0,Historique Loto de mai 1976 à octobre 2008
1984-02-08,19,34,24,29,38,39,2962174.0,Historique Loto de mai 1976 à octobre 2008
1984-02-15,36,39,16,35,8,23,6933468.0,Historique Loto de mai 1976 à octobre 2008
1984-02-22,9,3,42,39,38,29,2978419.0,Historique Loto de mai 1976 à octobre 2008
1984-02-29,19,34,44,13,39,22,916358.0,Historique Loto de mai 1976 à octobre 2008
1984-03-07,38,29,32,10,1,45,3067155.0,Historique Loto de mai 1976 à octobre 2008
1984-03-10,7,43,14,18,34,3,1291508.0,Historique Loto de mai 1976 à octobre 2008
1984-03-14,47,18,24,6,10,12,588762.0,Historique Loto de mai 1976 à octobre 2008
1984-03-17,8,13,25,2,16,34,439946.0,Historique Loto de mai 1976 à octobre 2008
1984-03-21,49,6,38,29,23,44,3867995.0,Historique Loto de mai 1976 à octobre 2008
1984-03-24,30,29,41,2,26,13,0.0,Historique Loto de mai 1976 à octobre 2008
1984-03-28,46,36,22,23,38,13,1259256.0,Historique Loto de mai 1976 à octobre 2008
1984-03-31,13,39,10,40,25,19,1960958.0,Historique Loto de mai 1976 à octobre 2008
1984-04-04,42,20,34,29,46,30,858016.0,Historique Loto de mai 1976 à octobre 2008
1984-04-07,6,17,30,40,19,11,3501526.0,Historique Loto de mai 1976 à octobre 2008
1984-04-11,10,12,16,27,18,42,792350.0,Historique Loto de mai 1976 à octobre 2008
1984-04-14,26,13,43,30,46,34,1752682.0,Historique Loto de mai 1976 à octobre 2008
1984-04-18,31,9,14,39,42,22,1586379.0,Historique Loto de mai 1976 à octobre 2008
1984-04-21,26,39,3,38,5,18,2356328.0,Historique Loto de mai 1976 à octobre 2008
1984-04-25,30,49,45,41,16,19,2205470.0,Historique Loto de mai 1976 à octobre 2008
1984-04-28,34,15,49,22,28,35,1399187.0,Historique Loto de mai 1976 à octobre 2008
1984-05-02,25,15,22,31,16,14,3193826.0,Historique Loto de mai 1976 à octobre 2008
1984-05-05,27,48,42,18,21,10,1536723.0,Historique Loto de mai 1976 à octobre 2008
1984-05-09,23,7,12,47,22,33,620770.0,Historique Loto de mai 1976 à octobre 2008
1984-05-12,26,39,1,42,23,2,6395215.0,Historique Loto de mai 1976 à octobre 2008
1984-05-16,17,16,49,18,23,32,6409313.0,Historique Loto de mai 1976 à octobre 2008
1984-05-19,30,10,2,19,20,1,958123.0,Historique Loto de mai 1976 à octobre 2008
1984-05-23,13,18,43,36,28,26,671851.0,Historique Loto de mai 1976 à octobre 2008
1984-05-26,22,16,35,4,5,42,1006834.0,Historique Loto de mai 1976 à octobre 2008
1984-05-30,45,49,41,40,21,9,1324456.0,Historique Loto de mai 1976 à octobre 2008
1984-06-02,6,48,49,1,12,21,2318232.0,Historique Loto de mai 1976 à octobre 2008
1984-06-06,39,21,13,30,38,36,1595865.0,Historique Loto de mai 1976 à octobre 2008
1984-06-09,15,32,42,27,8,48,7315459.0,Historique Loto de mai 1976 à octobre 2008
1984-06-13,23,30,49,25,21,37,2001640.0,Historique Loto de mai 1976 à octobre 2008
1984-06-16,32,19,3,21,42,8,2224210.0,Historique Loto de mai 1976 à octobre 2008
1984-06-20,12,18,47,40,21,34,1439730.0,Historique Loto de mai 1976 à octobre 2008
1984-06-23,37,32,24,31,3,2,3350390.0,Historique Loto de mai 1976 à octobre 2008
1984-06-27,25,5,34,33,46,16,2015465.0,Historique Loto de mai 1976 à octobre 2008
1984-06-30,32,33,47,14,16,35,3439130.0,Historique Loto de mai 1976 à octobre 2008
1984-07-04,15,29,46,37,33,47,973705.0,Historique Loto de mai 1976 à octobre 2008
1984-07-07,23,36,34,6,12,27,655180.0,Historique Loto de mai 1976 à octobre 2008
1984-07-11,29,25,46,4,34,42,1600700.0,Historique Loto de mai 1976 à octobre 2008
1984-07-14,5,32,40,15,34,27,6482920.0,Historique Loto de mai 1976 à octobre 2008
1984-07-18,17,46,1,24,40,30,796370.0,Historique Loto de mai 1976 à octobre 2008
1984-07-21,14,25,22,46,44,47,0.0,Historique Loto de mai 1976 à octobre 2008
1984-07-25,15,7,28,25,35,22,1059925.0,Historique Loto de mai 1976 à octobre 2008
1984-07-28,18,14,7,40,25,39,1322275.0,Historique Loto de mai 1976 à octobre 2008
1984-08-01,3,39,28,14,5,6,998630.0,Historique Loto de mai 1976 à octobre 2008
1984-08-04,3,32,27,29,1,26,1023405.0,Historique Loto de mai 1976 à octobre 2008
1984-08-08,33,48,20,42,40,37,2264425.0,Historique Loto de mai 1976 à octobre 2008
1984-08-11,10,48,39,15,34,9,1037545.0,Historique Loto de mai 1976 à octobre 2008
1984-08-15,15,38,41,35,20,28,1269315.0,Historique Loto de mai 1976 à octobre 2008
1984-08-18,33,48,49,6,29,40,2037945.0,Historique Loto de mai 1976 à octobre 2008
1984-08-22,47,36,41,24,14,21,827185.0,Historique Loto de mai 1976 à octobre 2008
1984-08-25,12,36,2,41,17,6,912025.0,Historique Loto de mai 1976 à octobre 2008
1984-08-29,47,38,21,15,49,30,1807980.0,Historique Loto de mai 1976 à octobre 2008
1984-09-01,23,7,10,38,26,47,417955.0,Historique Loto de mai 1976 à octobre 2008
1984-09-05,11,21,28,35,1,30,2326465.0,Historique Loto de mai 1976 à octobre 2008
1984-09-08,14,7,39,1,21,13,1076745.0,Historique Loto de mai 1976 à octobre 2008
1984-09-12,3,32,8,27,29,40,1070695.0,Historique Loto de mai 1976 à octobre 2008
1984-09-15,27,38,9,34,6,30,1117120.0,Historique Loto de mai 1976 à octobre 2008
1984-09-19,37,36,26,35,27,29,282485.0,Historique Loto de mai 1976 à octobre 2008
1984-09-22,26,11,33,20,2,48,5034980.0,Historique Loto de mai 1976 à octobre 2008
1984-09-26,30,9,40,17,45,15,1435550.0,Historique Loto de mai 1976 à octobre 2008
1984-09-29,21,14,1,5,32,42,2389765.0,Historique Loto de mai 1976 à octobre 2008
1984-10-03,29,1,40,42,36,15,1681460.0,Historique Loto de mai 1976 à octobre 2008
1984-10-06,24,12,9,21,41,11,1022345.0,Historique Loto de mai 1976 à octobre 2008
1984-10-10,17,14,36,6,30,4,1437570.0,Historique Loto de mai 1976 à octobre 2008
1984-10-13,46,48,37,11,25,20,893805.0,Historique Loto de mai 1976 à octobre 2008
1984-10-17,45,38,20,8,19,9,1448635.0,Historique Loto de mai 1976 à octobre 2008
1984-10-20,46,48,2,34,26,10,1829630.0,Historique Loto de mai 1976 à octobre 2008
1984-10-24,27,3,44,8,48,19,765470.0,Historique Loto de mai 1976 à octobre 2008
1984-10-27,19,7,45,38,18,12,2372170.0,Historique Loto de mai 1976 à octobre 2008
1984-10-31,18,30,44,19,46,11,1624090.0,Historique Loto de mai 1976 à octobre 2008
1984-11-03,21,12,49,26,30,20,869830.0,Historique Loto de mai 1976 à octobre 2008
1984-11-07,42,39,38,30,34,21,761395.0,Historique Loto de mai 1976 à octobre 2008
1984-11-10,13,40,12,5,31,44,394625.0,Historique Loto de mai 1976 à octobre 2008
1984-11-14,39,16,43,5,40,45,10158535.0,Historique Loto de mai 1976 à octobre 2008
1984-11-17,8,24,46,15,45,44,2462380.0,Historique Loto de mai 1976 à octobre 2008
1984-11-21,23,25,46,12,49,48,943180.0,Historique Loto de mai 1976 à octobre 2008
1984-11-24,15,21,35,32,39,43,680660.0,Historique Loto de mai 1976 à octobre 2008
1984-11-28,6,8,27,11,22,10,263745.0,Historique Loto de mai 1976 à octobre 2008
1984-12-01,11,48,18,22,10,25,7443180.0,Historique Loto de mai 1976 à octobre 2008
1984-12-05,35,23,47,17,36,42,556240.0,Historique Loto de mai 1976 à octobre 2008
1984-12-08,48,20,4,2,22,38,1113090.0,Historique Loto de mai 1976 à octobre 2008
1984-12-12,2,22,5,15,16,47,1052010.0,Historique Loto de mai 1976 à octobre 2008
1984-12-15,28,44,30,5,15,39,854120.0,Historique Loto de mai 1976 à octobre 2008
1984-12-19,13,24,7,29,5,15,856535.0,Historique Loto de mai 1976 à octobre 2008
1984-12-22,20,44,3,40,24,38,889370.0,Historique Loto de mai 1976 à octobre 2008
1984-12-26,45,31,33,38,3,16,3458895.0,Historique Loto de mai 1976 à octobre 2008
1984-12-29,36,29,38,41,4,33,10500000.0,Historique Loto de mai 1976 à octobre 2008
1985-01-02,6,40,22,15,34,3,1383470.0,Historique Loto de mai 1976 à octobre 2008
1985-01-05,29,8,31,33,10,19,2267010.0,Historique Loto de mai 1976 à octobre 2008
1985-01-09,21,2,1,33,46,39,336135.0,Historique Loto de mai 1976 à octobre 2008
1985-01-12,46,4,32,33,34,45,0.0,Historique Loto de mai 1976 à octobre 2008
1985-01-16,1,44,38,39,2,31,10500000.0,Historique Loto de mai 1976 à octobre 2008
1985-01-19,47,43,27,22,16,46,808300.0,Historique Loto de mai 1976 à octobre 2008
1985-01-23,39,31,13,37,6,23,685385.0,Historique Loto de mai 1976 à octobre 2008
1985-01-26,9,3,32,46,18,29,4160180.0,Historique Loto de mai 1976 à octobre 2008
1985-01-30,4,45,30,26,16,46,938620.0,Historique Loto de mai 1976 à octobre 2008
1985-02-02,25,38,40,48,37,4,2176660.0,Historique Loto de mai 1976 à octobre 2008
1985-02-06,36,37,26,25,48,29,2197190.0,Historique Loto de mai 1976 à octobre 2008
1985-02-09,41,35,9,46,1,31,2098555.0,Historique Loto de mai 1976 à octobre 2008
1985-02-13,20,22,17,1,15,25,1816130.0,Historique Loto de mai 1976 à octobre 2008
1985-02-16,48,30,32,36,1,27,10500000.0,Historique Loto de mai 1976 à octobre 2008
1985-02-20,24,30,39,1,8,12,2758295.0,Historique Loto de mai 1976 à octobre 2008
1985-02-23,24,21,23,3,38,6,2834775.0,Historique Loto de mai 1976 à octobre 2008
1985-02-27,29,8,28,37,49,11,1876305.0,Historique Loto de mai 1976 à octobre 2008
1985-03-02,24,10,18,36,8,45,1098245.0,Historique Loto de mai 1976 à octobre 2008
1985-03-06,26,30,39,27,12,37,3699540.0,Historique Loto de mai 1976 à octobre 2008
1985-03-09,35,3,14,28,9,21,2866975.0,Historique Loto de mai 1976 à octobre 2008
1985-03-13,4,14,41,40,18,5,1226165.0,Historique Loto de mai 1976 à octobre 2008
1985-03-16,3,25,33,20,43,31,2135115.0,Historique Loto de mai 1976 à octobre 2008
1985-03-20,41,37,33,14,9,44,639425.0,Historique Loto de mai 1976 à octobre 2008
1985-03-23,37,17,16,18,11,14,4201270.0,Historique Loto de mai 1976 à octobre 2008
1985-03-27,30,10,47,29,1,46,2131625.0,Historique Loto de mai 1976 à octobre 2008
1985-03-30,32,44,30,40,4,27,4123540.0,Historique Loto de mai 1976 à octobre 2008
1985-04-03,8,19,27,42,29,39,885225.0,Historique Loto de mai 1976 à octobre 2008
1985-04-06,35,45,40,34,28,41,8329210.0,Historique Loto de mai 1976 à octobre 2008
1985-04-10,47,4,3,14,42,32,3319120.0,Historique Loto de mai 1976 à octobre 2008
1985-04-13,36,8,25,26,12,27,1288415.0,Historique Loto de mai 1976 à octobre 2008
1985-04-17,45,39,25,21,6,28,752315.0,Historique Loto de mai 1976 à octobre 2008
1985-04-20,40,5,22,41,14,43,628890.0,Historique Loto de mai 1976 à octobre 2008
1985-04-24,45,37,9,20,48,29,5095325.0,Historique Loto de mai 1976 à octobre 2008
1985-04-27,12,37,16,34,18,20,187975.0,Historique Loto de mai 1976 à octobre 2008
1985-05-01,7,36,6,24,16,33,1314620.0,Historique Loto de mai 1976 à octobre 2008
1985-05-04,33,46,34,2,18,49,2760545.0,Historique Loto de mai 1976 à octobre 2008
1985-05-08,19,18,30,24,37,40,2047145.0,Historique Loto de mai 1976 à octobre 2008
1985-05-11,28,26,21,43,36,15,3987920.0,Historique Loto de mai 1976 à octobre 2008
1985-05-15,23,45,33,1,37,5,9331995.0,Historique Loto de mai 1976 à octobre 2008
1985-05-18,31,1,40,19,23,11,2049555.0,Historique Loto de mai 1976 à octobre 2008
1985-05-22,25,26,13,37,24,11,1709955.0,Historique Loto de mai 1976 à octobre 2008
1985-05-25,35,5,27,17,6,45,1606680.0,Historique Loto de mai 1976 à octobre 2008
1985-05-29,28,1,20,17,34,45,1059365.0,Historique Loto de mai 1976 à octobre 2008
1985-06-01,32,15,24,35,18,11,826770.0,Historique Loto de mai 1976 à octobre 2008
1985-06-05,25,42,45,19,12,16,909260.0,Historique Loto de mai 1976 à octobre 2008
1985-06-08,27,20,6,5,41,18,2623445.0,Historique Loto de mai 1976 à octobre 2008
1985-06-12,9,19,29,30,14,49,993030.0,Historique Loto de mai 1976 à octobre 2008
1985-06-15,10,23,40,36,16,8,517125.0,Historique Loto de mai 1976 à octobre 2008
1985-06-19,11,45,7,22,34,9,422730.0,Historique Loto de mai 1976 à octobre 2008
1985-06-22,5,43,46,25,17,33,1519200.0,Historique Loto de mai 1976 à octobre 2008
1985-06-26,11,36,6,31,23,48,1069795.0,Historique Loto de mai 1976 à octobre 2008
1985-06-29,41,6,1,14,42,26,1871305.0,Historique Loto de mai 1976 à octobre 2008
1985-07-03,23,10,6,36,45,1,555205.0,Historique Loto de mai 1976 à octobre 2008
1985-07-06,21,7,37,36,18,11,1853120.0,Historique Loto de mai 1976 à octobre 2008
1985-07-10,42,49,36,23,18,24,1549090.0,Historique Loto de mai 1976 à octobre 2008
1985-07-13,15,17,30,41,28,46,1038470.0,Historique Loto de mai 1976 à octobre 2008
1985-07-17,2,37,43,7,5,42,1821800.0,Historique Loto de mai 1976 à octobre 2008
1985-07-20,38,36,22,40,19,15,1186930.0,Historique Loto de mai 1976 à octobre 2008
1985-07-24,49,14,37,7,17,8,1499385.0,Historique Loto de mai 1976 à octobre 2008
1985-07-27,44,9,30,45,36,46,0.0,Historique Loto de mai 1976 à octobre 2008
1985-07-31,42,26,11,1,48,22,2241555.0,Historique Loto de mai 1976 à octobre 2008
1985-08-03,34,33,20,7,40,6,2349915.0,Historique Loto de mai 1976 à octobre 2008
1985-08-07,16,21,12,20,40,5,2428510.0,Historique Loto de mai 1976 à octobre 2008
1985-08-10,47,2,19,28,10,42,1676055.0,Historique Loto de mai 1976 à octobre 2008
1985-08-14,46,9,33,30,7,17,4450470.0,Historique Loto de mai 1976 à octobre 2008
1985-08-17,4,38,16,15,48,34,0.0,Historique Loto de mai 1976 à octobre 2008
1985-08-21,23,46,33,38,5,25,1757695.0,Historique Loto de mai 1976 à octobre 2008
1985-08-24,37,41,4,10,16,3,3468175.0,Historique Loto de mai 1976 à octobre 2008
1985-08-28,8,12,20,41,24,26,1278535.0,Historique Loto de mai 1976 à octobre 2008
1985-08-31,20,44,26,8,14,19,1762500.0,Historique Loto de mai 1976 à octobre 2008
1985-09-04,37,24,25,13,2,38,2312740.0,Historique Loto de mai 1976 à octobre 2008
1985-09-07,43,28,2,18,37,15,1829820.0,Historique Loto de mai 1976 à octobre 2008
1985-09-11,47,24,23,4,19,36,4879415.0,Historique Loto de mai 1976 à octobre 2008
1985-09-14,37,28,13,10,12,14,1037595.0,Historique Loto de mai 1976 à octobre 2008
1985-09-18,29,35,10,40,18,19,1198210.0,Historique Loto de mai 1976 à octobre 2008
1985-09-21,20,44,11,6,13,39,543375.0,Historique Loto de mai 1976 à octobre 2008
1985-09-25,42,43,46,11,44,47,0.0,Historique Loto de mai 1976 à octobre 2008
1985-09-28,43,15,1,11,19,40,929885.0,Historique Loto de mai 1976 à octobre 2008
1985-10-02,14,30,45,9,27,32,590810.0,Historique Loto de mai 1976 à octobre 2008
1985-10-05,34,5,25,17,30,46,1249565.0,Historique Loto de mai 1976 à octobre 2008
1985-10-09,1,13,7,14,22,36,961740.0,Historique Loto de mai 1976 à octobre 2008
1985-10-12,36,32,49,38,33,3,1094135.0,Historique Loto de mai 1976 à octobre 2008
1985-10-16,26,12,19,6,30,46,338235.0,Historique Loto de mai 1976 à octobre 2008
1985-10-19,26,32,3,2,29,15,7517650.0,Historique Loto de mai 1976 à octobre 2008
1985-10-23,37,10,27,35,12,25,1761160.0,Historique Loto de mai 1976 à octobre 2008
1985-10-26,14,16,33,45,23,47,7836455.0,Historique Loto de mai 1976 à octobre 2008
1985-10-30,42,38,2,18,32,37,3128165.0,Historique Loto de mai 1976 à octobre 2008
1985-11-02,4,25,23,28,21,18,747740.0,Historique Loto de mai 1976 à octobre 2008
1985-11-06,23,26,13,32,14,15,1196980.0,Historique Loto de mai 1976 à octobre 2008
1985-11-09,44,29,32,19,37,28,3835585.0,Historique Loto de mai 1976 à octobre 2008
1985-11-13,28,36,34,13,31,48,569390.0,Historique Loto de mai 1976 à octobre 2008
1985-11-16,7,22,34,24,41,46,2421020.0,Historique Loto de mai 1976 à octobre 2008
1985-11-20,2,36,13,34,25,45,595660.0,Historique Loto de mai 1976 à octobre 2008
1985-11-23,34,42,6,45,17,40,7606995.0,Historique Loto de mai 1976 à octobre 2008
1985-11-27,39,36,25,24,26,17,1693615.0,Historique Loto de mai 1976 à octobre 2008
1985-11-30,6,4,20,43,28,46,4399160.0,Historique Loto de mai 1976 à octobre 2008
1985-12-04,25,8,45,18,19,48,708840.0,Historique Loto de mai 1976 à octobre 2008
1985-12-07,2,15,10,16,27,4,2000920.0,Historique Loto de mai 1976 à octobre 2008
1985-12-11,34,45,13,11,18,2,993385.0,Historique Loto de mai 1976 à octobre 2008
1985-12-14,1,44,28,39,18,32,1331530.0,Historique Loto de mai 1976 à octobre 2008
1985-12-18,23,34,35,29,15,7,3796340.0,Historique Loto de mai 1976 à octobre 2008
1985-12-21,14,6,34,43,32,42,17006985.0,Historique Loto de mai 1976 à octobre 2008
1985-12-25,10,12,14,1,44,18,1207865.0,Historique Loto de mai 1976 à octobre 2008
1985-12-28,26,45,20,40,43,34,3943250.0,Historique Loto de mai 1976 à octobre 2008
1986-01-01,27,12,49,16,8,22,677030.0,Historique Loto de mai 1976 à octobre 2008
1986-01-04,39,36,11,14,7,5,2675330.0,Historique Loto de mai 1976 à octobre 2008
1986-01-08,42,29,10,27,44,22,1212130.0,Historique Loto de mai 1976 à octobre 2008
1986-01-11,38,4,32,18,12,1,1276690.0,Historique Loto de mai 1976 à octobre 2008
1986-01-15,27,6,13,46,10,40,724645.0,Historique Loto de mai 1976 à octobre 2008
1986-01-18,3,6,45,33,31,20,4464460.0,Historique Loto de mai 1976 à octobre 2008
1986-01-22,49,6,28,25,7,23,2148700.0,Historique Loto de mai 1976 à octobre 2008
1986-01-25,40,29,45,39,23,42,2201135.0,Historique Loto de mai 1976 à octobre 2008
1986-01-29,12,41,4,6,47,20,1407605.0,Historique Loto de mai 1976 à octobre 2008
1986-02-01,22,13,33,40,4,8,734085.0,Historique Loto de mai 1976 à octobre 2008
1986-02-05,38,43,3,6,26,20,5870865.0,Historique Loto de mai 1976 à octobre 2008
1986-02-08,33,1,9,31,4,2,5424135.0,Historique Loto de mai 1976 à octobre 2008
1986-02-12,37,25,9,8,12,6,1234210.0,Historique Loto de mai 1976 à octobre 2008
1986-02-15,1,14,2,33,41,22,4070235.0,Historique Loto de mai 1976 à octobre 2008
1986-02-19,48,15,11,33,2,27,1097060.0,Historique Loto de mai 1976 à octobre 2008
1986-02-22,40,32,26,4,37,30,4072440.0,Historique Loto de mai 1976 à octobre 2008
1986-02-26,49,22,47,10,38,46,4811500.0,Historique Loto de mai 1976 à octobre 2008
1986-03-01,17,5,13,15,21,14,528225.0,Historique Loto de mai 1976 à octobre 2008
1986-03-05,5,30,25,22,10,6,658880.0,Historique Loto de mai 1976 à octobre 2008
1986-03-08,30,3,34,25,20,36,1358270.0,Historique Loto de mai 1976 à octobre 2008
1986-03-12,9,46,13,19,37,34,812985.0,Historique Loto de mai 1976 à octobre 2008
1986-03-15,16,18,12,20,48,30,893340.0,Historique Loto de mai 1976 à octobre 2008
1986-03-19,18,19,44,30,22,48,4854625.0,Historique Loto de mai 1976 à octobre 2008
1986-03-22,19,26,33,46,2,49,1338485.0,Historique Loto de mai 1976 à octobre 2008
1986-03-26,6,35,9,33,32,48,3174075.0,Historique Loto de mai 1976 à octobre 2008
1986-03-29,5,49,30,29,16,12,1121075.0,Historique Loto de mai 1976 à octobre 2008
1986-04-02,39,11,31,49,4,38,2178510.0,Historique Loto de mai 1976 à octobre 2008
1986-04-05,22,45,18,17,44,41,1434100.0,Historique Loto de mai 1976 à octobre 2008
1986-04-09,10,47,39,27,41,35,857755.0,Historique Loto de mai 1976 à octobre 2008
1986-04-12,30,32,21,18,11,7,7762260.0,Historique Loto de mai 1976 à octobre 2008
1986-04-16,14,26,20,2,49,29,530895.0,Historique Loto de mai 1976 à octobre 2008
1986-04-19,8,14,41,5,31,13,0.0,Historique Loto de mai 1976 à octobre 2008
1986-04-23,12,25,17,46,32,30,475010.0,Historique Loto de mai 1976 à octobre 2008
1986-04-26,13,45,36,21,27,4,1310590.0,Historique Loto de mai 1976 à octobre 2008
1986-04-30,49,7,45,13,36,42,404345.0,Historique Loto de mai 1976 à octobre 2008
1986-05-03,7,37,2,49,24,12,1920235.0,Historique Loto de mai 1976 à octobre 2008
1986-05-07,2,6,3,27,44,9,4590445.0,Historique Loto de mai 1976 à octobre 2008
1986-05-10,19,30,40,18,7,29,583920.0,Historique Loto de mai 1976 à octobre 2008
1986-05-14,39,20,37,32,38,5,32309635.0,Historique Loto de mai 1976 à octobre 2008
1986-05-17,13,5,17,15,26,46,4390530.0,Historique Loto de mai 1976 à octobre 2008
1986-05-21,24,18,38,22,31,17,872650.0,Historique Loto de mai 1976 à octobre 2008
1986-05-24,37,47,42,23,27,49,7235205.0,Historique Loto de mai 1976 à octobre 2008
1986-05-28,3,2,21,16,49,13,933515.0,Historique Loto de mai 1976 à octobre 2008
1986-05-31,15,45,33,11,30,20,430815.0,Historique Loto de mai 1976 à octobre 2008
1986-06-04,22,49,29,35,46,36,1189970.0,Historique Loto de mai 1976 à octobre 2008
1986-06-07,3,5,49,43,15,23,2569005.0,Historique Loto de mai 1976 à octobre 2008
1986-06-11,22,6,44,11,43,41,1847010.0,Historique Loto de mai 1976 à octobre 2008
1986-06-14,48,32,19,47,6,15,2562345.0,Historique Loto de mai 1976 à octobre 2008
1986-06-18,38,22,23,48,39,29,2280035.0,Historique Loto de mai 1976 à octobre 2008
1986-06-21,6,9,34,27,48,16,631415.0,Historique Loto de mai 1976 à octobre 2008
1986-06-25,14,35,43,45,7,27,8909290.0,Historique Loto de mai 1976 à octobre 2008
1986-06-28,37,9,35,20,2,34,7405400.0,Historique Loto de mai 1976 à octobre 2008
1986-07-02,29,16,7,35,32,6,1720170.0,Historique Loto de mai 1976 à octobre 2008
1986-07-05,5,35,18,1,27,15,0.0,Historique Loto de mai 1976 à octobre 2008
1986-07-09,43,11,36,27,22,2,624870.0,Historique Loto de mai 1976 à octobre 2008
1986-07-12,17,26,41,37,28,10,1209995.0,Historique Loto de mai 1976 à octobre 2008
1986-07-16,21,46,36,32,38,45,6102340.0,Historique Loto de mai 1976 à octobre 2008
1986-07-19,10,42,15,16,19,23,1425445.0,Historique Loto de mai 1976 à octobre 2008
1986-07-23,16,25,35,22,2,6,1779825.0,Historique Loto de mai 1976 à octobre 2008
1986-07-26,12,26,27,34,38,48,1953915.0,Historique Loto de mai 1976 à octobre 2008
1986-07-30,36,47,44,16,15,6,3270765.0,Historique Loto de mai 1976 à octobre 2008
1986-08-02,48,47,11,32,28,34,1887780.0,Historique Loto de mai 1976 à octobre 2008
1986-08-06,22,29,24,34,43,17,0.0,Historique Loto de mai 1976 à octobre 2008
1986-08-09,44,19,45,7,5,39,3131960.0,Historique Loto de mai 1976 à octobre 2008
1986-08-13,21,4,25,24,45,34,1186035.0,Historique Loto de mai 1976 à octobre 2008
1986-08-16,36,15,43,29,22,2,449280.0,Historique Loto de mai 1976 à octobre 2008
1986-08-20,18,17,46,44,40,37,3288010.0,Historique Loto de mai 1976 à octobre 2008
1986-08-23,47,49,15,36,24,26,1003755.0,Historique Loto de mai 1976 à octobre 2008
1986-08-27,19,39,48,15,28,25,819690.0,Historique Loto de mai 1976 à octobre 2008
1986-08-30,29,10,8,24,13,30,1920325.0,Historique Loto de mai 1976 à octobre 2008
1986-09-03,19,35,11,13,20,4,635960.0,Historique Loto de mai 1976 à octobre 2008
1986-09-06,14,37,44,5,27,12,702975.0,Historique Loto de mai 1976 à octobre 2008
1986-09-10,47,33,9,43,35,18,2380840.0,Historique Loto de mai 1976 à octobre 2008
1986-09-13,10,31,42,1,15,30,2936505.0,Historique Loto de mai 1976 à octobre 2008
1986-09-17,31,13,32,7,49,25,1418365.0,Historique Loto de mai 1976 à octobre 2008
1986-09-20,23,4,42,40,35,31,1239320.0,Historique Loto de mai 1976 à octobre 2008
1986-09-24,8,44,38,30,34,5,3494935.0,Historique Loto de mai 1976 à octobre 2008
1986-09-27,12,18,7,39,8,28,602055.0,Historique Loto de mai 1976 à octobre 2008
1986-10-01,24,25,3,7,15,36,870170.0,Historique Loto de mai 1976 à octobre 2008
1986-10-04,22,12,8,15,48,21,1567850.0,Historique Loto de mai 1976 à octobre 2008
1986-10-08,8,16,26,9,31,30,1522320.0,Historique Loto de mai 1976 à octobre 2008
1986-10-11,4,42,32,33,8,19,5717815.0,Historique Loto de mai 1976 à octobre 2008
1986-10-15,16,4,7,26,17,28,1516350.0,Historique Loto de mai 1976 à octobre 2008
1986-10-18,34,38,18,32,4,19,1282055.0,Historique Loto de mai 1976 à octobre 2008
1986-10-22,5,44,30,28,27,25,7033100.0,Historique Loto de mai 1976 à octobre 2008
1986-10-25,3,20,34,17,14,38,3257875.0,Historique Loto de mai 1976 à octobre 2008
1986-10-29,16,31,14,36,11,17,976970.0,Historique Loto de mai 1976 à octobre 2008
1986-11-01,38,22,40,31,5,1,523035.0,Historique Loto de mai 1976 à octobre 2008
1986-11-05,29,48,3,26,45,16,729900.0,Historique Loto de mai 1976 à octobre 2008
1986-11-08,34,15,40,9,18,8,949440.0,Historique Loto de mai 1976 à octobre 2008
1986-11-12,21,6,22,46,33,25,2169485.0,Historique Loto de mai 1976 à octobre 2008
1986-11-15,12,1,35,37,26,5,0.0,Historique Loto de mai 1976 à octobre 2008
1986-11-19,23,25,3,2,15,30,520620.0,Historique Loto de mai 1976 à octobre 2008
1986-11-22,12,15,36,25,2,41,1631340.0,Historique Loto de mai 1976 à octobre 2008
1986-11-26,41,43,30,26,31,21,3572140.0,Historique Loto de mai 1976 à octobre 2008
1986-11-29,37,24,27,17,6,23,1094710.0,Historique Loto de mai 1976 à octobre 2008
1986-12-03,17,30,2,32,45,35,804285.0,Historique Loto de mai 1976 à octobre 2008
1986-12-06,32,46,22,4,5,16,5792865.0,Historique Loto de mai 1976 à octobre 2008
1986-12-10,15,8,11,14,16,27,745570.0,Historique Loto de mai 1976 à octobre 2008
1986-12-13,13,35,12,19,21,39,2458735.0,Historique Loto de mai 1976 à octobre 2008
1986-12-17,2,23,31,14,38,10,922260.0,Historique Loto de mai 1976 à octobre 2008
1986-12-20,27,28,1,30,34,10,1148945.0,Historique Loto de mai 1976 à octobre 2008
1986-12-24,38,49,46,13,11,33,5722655.0,Historique Loto de mai 1976 à octobre 2008
1986-12-27,34,47,35,21,41,17,4149310.0,Historique Loto de mai 1976 à octobre 2008
1986-12-31,38,47,44,39,9,3,2701950.0,Historique Loto de mai 1976 à octobre 2008
1987-01-03,16,44,4,18,35,47,15264235.0,Historique Loto de mai 1976 à octobre 2008
1987-01-07,36,39,20,33,16,32,694840.0,Historique Loto de mai 1976 à octobre 2008
1987-01-10,29,43,30,46,45,23,1358670.0,Historique Loto de mai 1976 à octobre 2008
1987-01-14,37,14,26,25,39,8,512535.0,Historique Loto de mai 1976 à octobre 2008
1987-01-17,17,33,47,3,26,42,1314995.0,Historique Loto de mai 1976 à octobre 2008
1987-01-21,20,37,3,26,36,25,1563400.0,Historique Loto de mai 1976 à octobre 2008
1987-01-24,31,18,20,7,28,36,5954840.0,Historique Loto de mai 1976 à octobre 2008
1987-01-28,22,37,41,19,44,34,690430.0,Historique Loto de mai 1976 à octobre 2008
1987-01-31,3,25,4,35,47,7,3153725.0,Historique Loto de mai 1976 à octobre 2008
1987-02-04,42,11,45,22,35,26,1937435.0,Historique Loto de mai 1976 à octobre 2008
1987-02-07,6,37,31,15,5,47,991145.0,Historique Loto de mai 1976 à octobre 2008
1987-02-11,46,44,40,21,25,22,2648245.0,Historique Loto de mai 1976 à octobre 2008
1987-02-14,39,42,8,11,29,41,2881745.0,Historique Loto de mai 1976 à octobre 2008
1987-02-18,7,35,3,48,31,8,1970020.0,Historique Loto de mai 1976 à octobre 2008
1987-02-21,42,15,44,38,17,30,3233780.0,Historique Loto de mai 1976 à octobre 2008
1987-02-25,28,39,11,43,6,35,1020710.0,Historique Loto de mai 1976 à octobre 2008
1987-02-28,47,22,24,39,9,31,650540.0,Historique Loto de mai 1976 à octobre 2008
1987-03-04,2,39,27,34,48,10,1582790.0,Historique Loto de mai 1976 à octobre 2008
1987-03-07,10,33,18,1,48,38,429550.0,Historique Loto de mai 1976 à octobre 2008
1987-03-11,42,13,44,10,24,12,319810.0,Historique Loto de mai 1976 à octobre 2008
1987-03-14,40,48,29,6,37,30,3201090.0,Historique Loto de mai 1976 à octobre 2008
1987-03-18,15,35,8,3,34,5,1156630.0,Historique Loto de mai 1976 à octobre 2008
1987-03-21,21,6,38,28,30,17,3192430.0,Historique Loto de mai 1976 à octobre 2008
1987-03-25,30,23,43,20,44,37,0.0,Historique Loto de mai 1976 à octobre 2008
1987-03-28,32,23,42,34,21,7,5992230.0,Historique Loto de mai 1976 à octobre 2008
1987-04-01,2,32,48,26,44,25,3657000.0,Historique Loto de mai 1976 à octobre 2008
1987-04-04,10,22,45,12,34,28,1346070.0,Historique Loto de mai 1976 à octobre 2008
1987-04-08,43,7,14,13,48,31,1137650.0,Historique Loto de mai 1976 à octobre 2008
1987-04-11,41,9,48,10,45,21,3142480.0,Historique Loto de mai 1976 à octobre 2008
1987-04-15,5,29,41,42,6,39,2462830.0,Historique Loto de mai 1976 à octobre 2008
1987-04-18,10,29,49,26,6,5,582095.0,Historique Loto de mai 1976 à octobre 2008
1987-04-22,1,32,7,27,31,14,1203955.0,Historique Loto de mai 1976 à octobre 2008
1987-04-25,6,35,37,38,13,17,903135.0,Historique Loto de mai 1976 à octobre 2008
1987-04-29,13,30,1,47,21,37,380815.0,Historique Loto de mai 1976 à octobre 2008
1987-05-02,33,29,5,15,19,2,1278015.0,Historique Loto de mai 1976 à octobre 2008
1987-05-06,18,34,8,2,28,24,865950.0,Historique Loto de mai 1976 à octobre 2008
1987-05-09,29,43,17,16,15,9,5737015.0,Historique Loto de mai 1976 à octobre 2008
1987-05-13,28,38,44,7,40,6,1231895.0,Historique Loto de mai 1976 à octobre 2008
1987-05-16,29,42,38,18,39,22,8803030.0,Historique Loto de mai 1976 à octobre 2008
1987-05-20,31,30,48,39,7,27,1533140.0,Historique Loto de mai 1976 à octobre 2008
1987-05-23,44,20,43,48,17,11,5898685.0,Historique Loto de mai 1976 à octobre 2008
1987-05-27,33,38,7,49,17,36,786855.0,Historique Loto de mai 1976 à octobre 2008
1987-05-30,23,42,8,33,2,7,572470.0,Historique Loto de mai 1976 à octobre 2008
1987-06-03,33,47,27,20,45,35,1491995.0,Historique Loto de mai 1976 à octobre 2008
1987-06-06,17,6,40,16,4,7,1596650.0,Historique Loto de mai 1976 à octobre 2008
1987-06-10,48,1,23,32,39,26,6400650.0,Historique Loto de mai 1976 à octobre 2008
1987-06-13,31,15,25,26,38,37,5559420.0,Historique Loto de mai 1976 à octobre 2008
1987-06-17,13,34,7,29,15,2,664140.0,Historique Loto de mai 1976 à octobre 2008
1987-06-20,5,38,14,30,13,6,1308095.0,Historique Loto de mai 1976 à octobre 2008
1987-06-24,27,43,39,35,12,14,529550.0,Historique Loto de mai 1976 à octobre 2008
1987-06-27,2,48,46,21,35,22,2069205.0,Historique Loto de mai 1976 à octobre 2008
1987-07-01,7,6,25,46,13,45,583855.0,Historique Loto de mai 1976 à octobre 2008
1987-07-04,26,45,14,20,36,4,1240830.0,Historique Loto de mai 1976 à octobre 2008
1987-07-08,7,12,48,25,5,34,296370.0,Historique Loto de mai 1976 à octobre 2008
1987-07-11,42,7,11,29,28,45,711015.0,Historique Loto de mai 1976 à octobre 2008
1987-07-15,26,20,25,47,8,43,0.0,Historique Loto de mai 1976 à octobre 2008
1987-07-18,38,26,31,23,22,14,1314645.0,Historique Loto de mai 1976 à octobre 2008
1987-07-22,24,6,9,16,8,22,748080.0,Historique Loto de mai 1976 à octobre 2008
1987-07-25,7,11,2,27,24,44,277255.0,Historique Loto de mai 1976 à octobre 2008
1987-07-29,16,26,6,15,49,5,1020130.0,Historique Loto de mai 1976 à octobre 2008
1987-08-01,38,24,37,39,20,33,2826230.0,Historique Loto de mai 1976 à octobre 2008
1987-08-05,43,22,2,1,15,44,2477960.0,Historique Loto de mai 1976 à octobre 2008
1987-08-08,18,46,41,16,35,39,17613990.0,Historique Loto de mai 1976 à octobre 2008
1987-08-12,24,20,49,48,13,19,1177795.0,Historique Loto de mai 1976 à octobre 2008
1987-08-15,13,46,22,27,37,8,1504320.0,Historique Loto de mai 1976 à octobre 2008
1987-08-19,4,25,36,29,2,27,1401935.0,Historique Loto de mai 1976 à octobre 2008
1987-08-22,36,28,25,27,23,24,2860810.0,Historique Loto de mai 1976 à octobre 2008
1987-08-26,16,43,8,42,6,44,1415095.0,Historique Loto de mai 1976 à octobre 2008
1987-08-29,41,34,42,25,14,44,1983160.0,Historique Loto de mai 1976 à octobre 2008
1987-09-02,18,24,47,1,20,12,6341475.0,Historique Loto de mai 1976 à octobre 2008
1987-09-05,6,19,16,46,34,21,5537885.0,Historique Loto de mai 1976 à octobre 2008
1987-09-09,18,23,33,44,19,31,2335745.0,Historique Loto de mai 1976 à octobre 2008
1987-09-12,26,17,9,43,34,6,399420.0,Historique Loto de mai 1976 à octobre 2008
1987-09-16,44,12,16,40,43,37,2047490.0,Historique Loto de mai 1976 à octobre 2008
1987-09-19,18,11,4,14,13,37,5211665.0,Historique Loto de mai 1976 à octobre 2008
1987-09-23,19,3,11,46,12,25,867665.0,Historique Loto de mai 1976 à octobre 2008
1987-09-26,13,48,41,43,22,21,3071070.0,Historique Loto de mai 1976 à octobre 2008
1987-09-30,36,2,34,38,22,7,476975.0,Historique Loto de mai 1976 à octobre 2008
1987-10-03,2,4,44,29,19,21,2119890.0,Historique Loto de mai 1976 à octobre 2008
1987-10-07,21,4,39,15,23,48,1860570.0,Historique Loto de mai 1976 à octobre 2008
1987-10-10,2,39,10,43,46,38,3095500.0,Historique Loto de mai 1976 à octobre 2008
1987-10-14,40,46,21,13,12,28,793150.0,Historique Loto de mai 1976 à octobre 2008
1987-10-17,14,22,28,18,23,17,2125200.0,Historique Loto de mai 1976 à octobre 2008
1987-10-21,14,31,18,45,13,26,6524105.0,Historique Loto de mai 1976 à octobre 2008
1987-10-24,33,37,49,39,12,34,3009385.0,Historique Loto de mai 1976 à octobre 2008
1987-10-28,20,34,15,44,38,1,947300.0,Historique Loto de mai 1976 à octobre 2008
1987-10-31,41,32,15,48,5,44,,Historique Loto de mai 1976 à octobre 2008
1987-11-04,11,33,38,46,13,4,1081470.0,Historique Loto de mai 1976 à octobre 2008
1987-11-07,18,47,21,7,2,4,951805.0,Historique Loto de mai 1976 à octobre 2008
1987-11-11,47,26,35,46,13,49,967185.0,Historique Loto de mai 1976 à octobre 2008
1987-11-14,40,17,15,6,8,21,1315530.0,Historique Loto de mai 1976 à octobre 2008
1987-11-18,44,42,38,48,8,6,620550.0,Historique Loto de mai 1976 à octobre 2008
1987-11-21,47,16,31,49,18,9,3121530.0,Historique Loto de mai 1976 à octobre 2008
1987-11-25,3,10,29,49,25,32,424355.0,Historique Loto de mai 1976 à octobre 2008
1987-11-28,10,39,12,42,11,49,1310620.0,Historique Loto de mai 1976 à octobre 2008
1987-12-02,26,4,44,21,3,31,1275595.0,Historique Loto de mai 1976 à octobre 2008
1987-12-05,43,9,26,49,16,17,11719590.0,Historique Loto de mai 1976 à octobre 2008
1987-12-09,37,3,8,23,24,18,3555945.0,Historique Loto de mai 1976 à octobre 2008
1987-12-12,34,33,41,12,40,43,867855.0,Historique Loto de mai 1976 à octobre 2008
1987-12-16,32,12,40,27,36,8,1110450.0,Historique Loto de mai 1976 à octobre 2008
1987-12-19,45,4,33,49,15,26,700575.0,Historique Loto de mai 1976 à octobre 2008
1987-12-23,44,23,14,43,3,9,2254745.0,Historique Loto de mai 1976 à octobre 2008
1987-12-26,30,23,27,15,29,47,2581610.0,Historique Loto de mai 1976 à octobre 2008
1987-12-30,11,17,1,25,19,42,687000.0,Historique Loto de mai 1976 à octobre 2008
1988-01-02,6,4,7,18,43,30,0.0,Historique Loto de mai 1976 à octobre 2008
1988-01-06,40,16,45,22,44,19,1547950.0,Historique Loto de mai 1976 à octobre 2008
1988-01-09,38,21,24,43,36,16,1002950.0,Historique Loto de mai 1976 à octobre 2008
1988-01-13,23,10,39,27,18,20,814055.0,Historique Loto de mai 1976 à octobre 2008
1988-01-16,18,19,8,48,14,39,1005840.0,Historique Loto de mai 1976 à octobre 2008
1988-01-20,11,32,26,29,49,47,1896610.0,Historique Loto de mai 1976 à octobre 2008
1988-01-23,18,41,1,28,43,17,2188895.0,Historique Loto de mai 1976 à octobre 2008
1988-01-27,47,1,23,38,18,32,982265.0,Historique Loto de mai 1976 à octobre 2008
1988-01-30,34,5,8,41,46,45,984425.0,Historique Loto de mai 1976 à octobre 2008
1988-02-03,47,11,41,3,29,28,777425.0,Historique Loto de mai 1976 à octobre 2008
1988-02-06,21,31,37,38,8,4,16713720.0,Historique Loto de mai 1976 à octobre 2008
1988-02-10,36,10,47,32,45,3,3627995.0,Historique Loto de mai 1976 à octobre 2008
1988-02-13,23,30,8,29,41,25,3221350.0,Historique Loto de mai 1976 à octobre 2008
1988-02-17,11,48,45,36,34,13,1115285.0,Historique Loto de mai 1976 à octobre 2008
1988-02-20,20,41,33,35,25,11,2173770.0,Historique Loto de mai 1976 à octobre 2008
1988-02-24,4,26,32,9,35,20,1871520.0,Historique Loto de mai 1976 à octobre 2008
1988-02-27,28,34,37,39,46,27,705470.0,Historique Loto de mai 1976 à octobre 2008
1988-03-02,28,49,21,20,19,32,1526810.0,Historique Loto de mai 1976 à octobre 2008
1988-03-05,16,23,29,31,5,8,989215.0,Historique Loto de mai 1976 à octobre 2008
1988-03-09,14,5,31,46,43,19,1289015.0,Historique Loto de mai 1976 à octobre 2008
1988-03-12,36,16,7,3,41,20,17075480.0,Historique Loto de mai 1976 à octobre 2008
1988-03-16,28,5,18,35,16,34,1306220.0,Historique Loto de mai 1976 à octobre 2008
1988-03-19,15,23,45,17,43,7,462145.0,Historique Loto de mai 1976 à octobre 2008
1988-03-23,1,20,16,30,29,45,1295880.0,Historique Loto de mai 1976 à octobre 2008
1988-03-26,16,7,6,40,28,13,1689720.0,Historique Loto de mai 1976 à octobre 2008
1988-03-30,24,37,40,31,14,18,1265310.0,Historique Loto de mai 1976 à octobre 2008
1988-04-02,27,16,1,48,22,4,864110.0,Historique Loto de mai 1976 à octobre 2008
1988-04-06,14,18,21,26,42,43,186715.0,Historique Loto de mai 1976 à octobre 2008
1988-04-09,43,17,47,8,38,37,2045635.0,Historique Loto de mai 1976 à octobre 2008
1988-04-13,4,35,36,16,11,40,3538055.0,Historique Loto de mai 1976 à octobre 2008
1988-04-16,13,17,43,5,29,45,1132000.0,Historique Loto de mai 1976 à octobre 2008
1988-04-20,16,3,17,33,9,29,501005.0,Historique Loto de mai 1976 à octobre 2008
1988-04-23,49,39,47,16,12,8,5906155.0,Historique Loto de mai 1976 à octobre 2008
1988-04-27,7,24,36,31,5,20,1251900.0,Historique Loto de mai 1976 à octobre 2008
1988-04-30,32,14,4,19,9,3,1114675.0,Historique Loto de mai 1976 à octobre 2008
1988-05-04,7,17,5,15,14,20,130180.0,Historique Loto de mai 1976 à octobre 2008
1988-05-07,26,15,24,6,27,23,294820.0,Historique Loto de mai 1976 à octobre 2008
1988-05-11,32,19,8,7,4,41,776295.0,Historique Loto de mai 1976 à octobre 2008
1988-05-14,46,23,10,33,30,6,2118485.0,Historique Loto de mai 1976 à octobre 2008
1988-05-18,21,13,24,3,20,11,630460.0,Historique Loto de mai 1976 à octobre 2008
1988-05-21,19,46,14,38,21,30,4534950.0,Historique Loto de mai 1976 à octobre 2008
1988-05-25,27,36,40,8,24,49,2272505.0,Historique Loto de mai 1976 à octobre 2008
1988-05-28,49,20,16,24,37,31,661030.0,Historique Loto de mai 1976 à octobre 2008
1988-06-01,13,48,4,33,11,37,330785.0,Historique Loto de mai 1976 à octobre 2008
1988-06-04,26,23,25,47,15,14,846420.0,Historique Loto de mai 1976 à octobre 2008
1988-06-08,8,45,16,12,3,38,557460.0,Historique Loto de mai 1976 à octobre 2008
1988-06-11,40,41,7,22,36,14,5810475.0,Historique Loto de mai 1976 à octobre 2008
1988-06-15,29,8,42,48,7,17,2327245.0,Historique Loto de mai 1976 à octobre 2008
1988-06-18,38,10,36,2,26,42,2080570.0,Historique Loto de mai 1976 à octobre 2008
1988-06-22,48,33,19,12,24,28,824185.0,Historique Loto de mai 1976 à octobre 2008
1988-06-25,36,20,39,17,6,26,1070885.0,Historique Loto de mai 1976 à octobre 2008
1988-06-29,40,44,32,33,26,2,1419125.0,Historique Loto de mai 1976 à octobre 2008
1988-07-02,45,19,2,9,31,28,1263370.0,Historique Loto de mai 1976 à octobre 2008
1988-07-06,25,34,3,5,32,20,6258865.0,Historique Loto de mai 1976 à octobre 2008
1988-07-09,42,36,39,7,27,1,920905.0,Historique Loto de mai 1976 à octobre 2008
1988-07-13,17,14,18,37,3,39,1180435.0,Historique Loto de mai 1976 à octobre 2008
1988-07-16,33,41,18,35,45,16,804040.0,Historique Loto de mai 1976 à octobre 2008
1988-07-20,49,4,20,8,16,36,337930.0,Historique Loto de mai 1976 à octobre 2008
1988-07-23,38,11,23,49,25,4,1038840.0,Historique Loto de mai 1976 à octobre 2008
1988-07-27,27,11,15,36,25,1,2191475.0,Historique Loto de mai 1976 à octobre 2008
1988-07-30,35,46,16,33,31,34,2844945.0,Historique Loto de mai 1976 à octobre 2008
1988-08-03,4,24,27,29,30,26,630710.0,Historique Loto de mai 1976 à octobre 2008
1988-08-06,1,44,24,46,38,8,17339350.0,Historique Loto de mai 1976 à octobre 2008
1988-08-10,3,35,27,16,25,33,2198750.0,Historique Loto de mai 1976 à octobre 2008
1988-08-13,28,10,32,23,1,15,2871175.0,Historique Loto de mai 1976 à octobre 2008
1988-08-17,14,6,31,25,9,38,533390.0,Historique Loto de mai 1976 à octobre 2008
1988-08-20,20,15,23,25,47,39,1888085.0,Historique Loto de mai 1976 à octobre 2008
1988-08-24,26,46,30,29,49,39,1366960.0,Historique Loto de mai 1976 à octobre 2008
1988-08-27,24,40,14,18,2,7,703760.0,Historique Loto de mai 1976 à octobre 2008
1988-08-31,7,31,37,5,6,24,1381930.0,Historique Loto de mai 1976 à octobre 2008
1988-09-03,25,42,36,14,1,18,796395.0,Historique Loto de mai 1976 à octobre 2008
1988-09-07,8,17,6,28,29,21,743615.0,Historique Loto de mai 1976 à octobre 2008
1988-09-10,23,16,15,9,12,45,2970260.0,Historique Loto de mai 1976 à octobre 2008
1988-09-14,6,13,4,18,44,27,839080.0,Historique Loto de mai 1976 à octobre 2008
1988-09-17,39,16,48,36,32,17,2079760.0,Historique Loto de mai 1976 à octobre 2008
1988-09-21,20,21,45,39,17,29,1784535.0,Historique Loto de mai 1976 à octobre 2008
1988-09-24,5,40,49,26,33,20,364755.0,Historique Loto de mai 1976 à octobre 2008
1988-09-28,22,11,19,36,30,1,2056125.0,Historique Loto de mai 1976 à octobre 2008
1988-10-01,4,31,46,49,16,40,17612445.0,Historique Loto de mai 1976 à octobre 2008
1988-10-05,32,42,6,24,5,36,3457535.0,Historique Loto de mai 1976 à octobre 2008
1988-10-08,28,25,29,35,43,45,2127255.0,Historique Loto de mai 1976 à octobre 2008
1988-10-12,24,47,22,33,20,31,1490485.0,Historique Loto de mai 1976 à octobre 2008
1988-10-15,21,19,48,24,1,10,771580.0,Historique Loto de mai 1976 à octobre 2008
1988-10-19,21,37,5,19,44,23,1468360.0,Historique Loto de mai 1976 à octobre 2008
1988-10-22,12,16,41,8,21,7,8741405.0,Historique Loto de mai 1976 à octobre 2008
1988-10-26,17,34,33,24,8,29,976715.0,Historique Loto de mai 1976 à octobre 2008
1988-10-29,11,4,9,8,32,27,554665.0,Historique Loto de mai 1976 à octobre 2008
1988-11-02,18,46,38,22,10,5,1143935.0,Historique Loto de mai 1976 à octobre 2008
1988-11-05,7,26,41,33,49,14,1960975.0,Historique Loto de mai 1976 à octobre 2008
1988-11-09,20,14,45,12,3,4,3512130.0,Historique Loto de mai 1976 à octobre 2008
1988-11-12,1,8,20,48,45,43,1138395.0,Historique Loto de mai 1976 à octobre 2008
1988-11-16,26,13,10,37,30,48,1495225.0,Historique Loto de mai 1976 à octobre 2008
1988-11-19,36,25,2,3,5,24,1132900.0,Historique Loto de mai 1976 à octobre 2008
1988-11-23,10,14,31,9,48,28,1244865.0,Historique Loto de mai 1976 à octobre 2008
1988-11-26,6,5,8,34,45,42,11467230.0,Historique Loto de mai 1976 à octobre 2008
1988-11-30,34,42,11,27,36,32,1854020.0,Historique Loto de mai 1976 à octobre 2008
1988-12-03,2,38,21,31,11,25,2179745.0,Historique Loto de mai 1976 à octobre 2008
1988-12-07,34,6,43,8,12,40,1266030.0,Historique Loto de mai 1976 à octobre 2008
1988-12-10,47,19,25,31,40,14,1354175.0,Historique Loto de mai 1976 à octobre 2008
1988-12-14,20,5,32,3,7,18,1261785.0,Historique Loto de mai 1976 à octobre 2008
1988-12-17,41,2,39,8,7,28,5983005.0,Historique Loto de mai 1976 à octobre 2008
1988-12-21,30,20,23,32,21,18,382570.0,Historique Loto de mai 1976 à octobre 2008
1988-12-24,40,43,13,22,23,21,33346145.0,Historique Loto de mai 1976 à octobre 2008
1988-12-28,1,34,15,22,26,36,1776830.0,Historique Loto de mai 1976 à octobre 2008
1988-12-31,40,46,42,30,33,32,9653425.0,Historique Loto de mai 1976 à octobre 2008
1989-01-04,16,8,7,40,19,44,926960.0,Historique Loto de mai 1976 à octobre 2008
1989-01-07,24,3,12,1,42,19,593060.0,Historique Loto de mai 1976 à octobre 2008
1989-01-11,49,38,28,34,43,27,1654235.0,Historique Loto de mai 1976 à octobre 2008
1989-01-14,22,39,49,25,10,36,1500095.0,Historique Loto de mai 1976 à octobre 2008
1989-01-18,1,22,31,2,43,11,2621550.0,Historique Loto de mai 1976 à octobre 2008
1989-01-21,17,36,32,42,33,1,0.0,Historique Loto de mai 1976 à octobre 2008
1989-01-25,27,31,16,19,15,6,772515.0,Historique Loto de mai 1976 à octobre 2008
1989-01-28,43,1,5,48,24,11,3428750.0,Historique Loto de mai 1976 à octobre 2008
1989-02-01,14,42,41,30,9,21,2252970.0,Historique Loto de mai 1976 à octobre 2008
1989-02-04,40,21,18,22,46,17,3718010.0,Historique Loto de mai 1976 à octobre 2008
1989-02-08,17,37,30,48,23,28,1042605.0,Historique Loto de mai 1976 à octobre 2008
1989-02-11,3,33,9,25,8,6,950675.0,Historique Loto de mai 1976 à octobre 2008
1989-02-15,8,30,45,28,26,46,1622835.0,Historique Loto de mai 1976 à octobre 2008
1989-02-18,4,26,27,32,18,43,770655.0,Historique Loto de mai 1976 à octobre 2008
1989-02-22,14,32,16,3,15,13,2540920.0,Historique Loto de mai 1976 à octobre 2008
1989-02-25,36,35,22,16,37,48,1779400.0,Historique Loto de mai 1976 à octobre 2008
1989-03-01,49,38,35,2,21,1,7030865.0,Historique Loto de mai 1976 à octobre 2008
1989-03-04,18,49,29,13,31,23,230500.0,Historique Loto de mai 1976 à octobre 2008
1989-03-08,34,9,13,42,35,15,1332175.0,Historique Loto de mai 1976 à octobre 2008
1989-03-11,19,26,30,20,45,47,830035.0,Historique Loto de mai 1976 à octobre 2008
1989-03-15,8,17,37,3,28,2,819565.0,Historique Loto de mai 1976 à octobre 2008
1989-03-18,3,31,22,13,42,2,578055.0,Historique Loto de mai 1976 à octobre 2008
1989-03-22,35,41,20,49,33,12,1138125.0,Historique Loto de mai 1976 à octobre 2008
1989-03-25,17,16,45,37,25,32,2266695.0,Historique Loto de mai 1976 à octobre 2008
1989-03-29,11,4,19,2,22,25,194885.0,Historique Loto de mai 1976 à octobre 2008
1989-04-01,24,44,1,17,38,30,582125.0,Historique Loto de mai 1976 à octobre 2008
1989-04-05,21,39,31,6,33,2,3546750.0,Historique Loto de mai 1976 à octobre 2008
1989-04-08,30,18,42,2,24,37,1375105.0,Historique Loto de mai 1976 à octobre 2008
1989-04-12,24,6,16,41,26,9,2425950.0,Historique Loto de mai 1976 à octobre 2008
1989-04-15,36,29,34,10,13,43,1160900.0,Historique Loto de mai 1976 à octobre 2008
1989-04-19,11,1,10,18,16,12,981695.0,Historique Loto de mai 1976 à octobre 2008
1989-04-22,36,22,6,48,41,42,1164120.0,Historique Loto de mai 1976 à octobre 2008
1989-04-26,29,1,8,31,33,15,1450745.0,Historique Loto de mai 1976 à octobre 2008
1989-04-29,34,12,5,46,33,13,7214645.0,Historique Loto de mai 1976 à octobre 2008
1989-05-03,49,41,42,39,18,6,1453790.0,Historique Loto de mai 1976 à octobre 2008
1989-05-06,36,10,46,41,24,12,968770.0,Historique Loto de mai 1976 à octobre 2008
1989-05-10,19,46,38,30,34,6,1792200.0,Historique Loto de mai 1976 à octobre 2008
1989-05-13,14,1,34,4,8,22,856465.0,Historique Loto de mai 1976 à octobre 2008
1989-05-17,6,22,24,47,11,1,1444295.0,Historique Loto de mai 1976 à octobre 2008
1989-05-20,17,32,36,31,16,35,1107405.0,Historique Loto de mai 1976 à octobre 2008
1989-05-24,47,7,35,49,2,21,2328485.0,Historique Loto de mai 1976 à octobre 2008
1989-05-27,5,24,45,18,34,35,1323055.0,Historique Loto de mai 1976 à octobre 2008
1989-05-31,37,32,19,48,1,46,3379590.0,Historique Loto de mai 1976 à octobre 2008
1989-06-03,36,33,47,14,26,8,3072245.0,Historique Loto de mai 1976 à octobre 2008
1989-06-07,3,23,26,13,4,38,941120.0,Historique Loto de mai 1976 à octobre 2008
1989-06-10,43,18,4,45,12,3,630965.0,Historique Loto de mai 1976 à octobre 2008
1989-06-14,47,37,27,19,18,11,1452970.0,Historique Loto de mai 1976 à octobre 2008
1989-06-17,17,33,28,21,49,36,3085680.0,Historique Loto de mai 1976 à octobre 2008
1989-06-21,31,4,20,32,8,21,6324460.0,Historique Loto de mai 1976 à octobre 2008
1989-06-24,14,30,34,38,33,43,1094300.0,Historique Loto de mai 1976 à octobre 2008
1989-06-28,10,4,25,34,14,15,1192495.0,Historique Loto de mai 1976 à octobre 2008
1989-07-01,37,45,4,43,38,26,5701710.0,Historique Loto de mai 1976 à octobre 2008
1989-07-05,16,37,36,38,27,47,1739920.0,Historique Loto de mai 1976 à octobre 2008
1989-07-08,21,19,38,11,23,2,938155.0,Historique Loto de mai 1976 à octobre 2008
1989-07-12,40,6,23,21,19,28,529005.0,Historique Loto de mai 1976 à octobre 2008
1989-07-15,4,18,30,19,37,38,11441255.0,Historique Loto de mai 1976 à octobre 2008
1989-07-19,16,29,28,44,20,31,6279300.0,Historique Loto de mai 1976 à octobre 2008
1989-07-22,34,9,44,42,15,29,945945.0,Historique Loto de mai 1976 à octobre 2008
1989-07-26,28,4,3,24,48,11,2242100.0,Historique Loto de mai 1976 à octobre 2008
1989-07-29,17,7,18,24,45,30,822455.0,Historique Loto de mai 1976 à octobre 2008
1989-08-02,27,11,49,41,35,39,1603475.0,Historique Loto de mai 1976 à octobre 2008
1989-08-05,23,39,44,40,38,33,2994380.0,Historique Loto de mai 1976 à octobre 2008
1989-08-09,10,19,20,44,39,31,806470.0,Historique Loto de mai 1976 à octobre 2008
1989-08-12,26,37,8,20,19,15,1571165.0,Historique Loto de mai 1976 à octobre 2008
1989-08-16,49,5,40,28,20,35,2045340.0,Historique Loto de mai 1976 à octobre 2008
1989-08-19,11,5,46,22,1,43,239245.0,Historique Loto de mai 1976 à octobre 2008
1989-08-23,5,37,19,25,44,49,246705.0,Historique Loto de mai 1976 à octobre 2008
1989-08-26,18,16,31,21,38,42,2913560.0,Historique Loto de mai 1976 à octobre 2008
1989-08-30,19,4,46,35,15,45,1383655.0,Historique Loto de mai 1976 à octobre 2008
1989-09-02,40,36,34,39,22,26,2946675.0,Historique Loto de mai 1976 à octobre 2008
1989-09-06,16,14,46,11,38,41,1407655.0,Historique Loto de mai 1976 à octobre 2008
1989-09-09,38,42,23,36,11,35,739390.0,Historique Loto de mai 1976 à octobre 2008
1989-09-13,26,41,25,37,38,22,1419505.0,Historique Loto de mai 1976 à octobre 2008
1989-09-16,26,45,46,7,25,23,1090105.0,Historique Loto de mai 1976 à octobre 2008
1989-09-20,10,24,46,18,35,21,330830.0,Historique Loto de mai 1976 à octobre 2008
1989-09-23,9,36,42,11,27,18,198690.0,Historique Loto de mai 1976 à octobre 2008
1989-09-27,17,40,30,16,20,4,6261855.0,Historique Loto de mai 1976 à octobre 2008
1989-09-30,16,23,43,24,27,18,0.0,Historique Loto de mai 1976 à octobre 2008
1989-10-04,9,19,45,29,18,42,1043570.0,Historique Loto de mai 1976 à octobre 2008
1989-10-07,3,7,13,35,46,2,259580.0,Historique Loto de mai 1976 à octobre 2008
1989-10-11,17,15,5,43,45,33,630730.0,Historique Loto de mai 1976 à octobre 2008
1989-10-14,33,48,28,32,23,6,5799255.0,Historique Loto de mai 1976 à octobre 2008
1989-10-18,41,48,23,9,4,24,1776985.0,Historique Loto de mai 1976 à octobre 2008
1989-10-21,32,30,1,38,43,47,3070205.0,Historique Loto de mai 1976 à octobre 2008
1989-10-25,24,18,15,45,28,19,1746990.0,Historique Loto de mai 1976 à octobre 2008
1989-10-28,11,16,5,33,25,37,525030.0,Historique Loto de mai 1976 à octobre 2008
1989-11-01,42,10,47,26,30,11,2250510.0,Historique Loto de mai 1976 à octobre 2008
1989-11-04,10,23,29,37,47,28,5682180.0,Historique Loto de mai 1976 à octobre 2008
1989-11-08,43,21,19,10,35,9,2197640.0,Historique Loto de mai 1976 à octobre 2008
1989-11-11,44,49,11,17,42,19,18500000.0,Historique Loto de mai 1976 à octobre 2008
1989-11-15,24,34,29,38,46,47,2462925.0,Historique Loto de mai 1976 à octobre 2008
1989-11-18,37,8,14,40,15,43,1744050.0,Historique Loto de mai 1976 à octobre 2008
1989-11-22,39,8,32,22,21,48,6809110.0,Historique Loto de mai 1976 à octobre 2008
1989-11-25,31,15,49,46,3,32,6245395.0,Historique Loto de mai 1976 à octobre 2008
1989-11-29,30,35,11,22,40,13,1854595.0,Historique Loto de mai 1976 à octobre 2008
1989-12-02,49,18,11,2,46,13,2213770.0,Historique Loto de mai 1976 à octobre 2008
1989-12-06,45,10,33,21,20,32,1512040.0,Historique Loto de mai 1976 à octobre 2008
1989-12-09,46,43,25,16,8,10,1383910.0,Historique Loto de mai 1976 à octobre 2008
1989-12-13,38,46,6,4,40,1,0.0,Historique Loto de mai 1976 à octobre 2008
1989-12-16,45,29,20,14,8,7,367865.0,Historique Loto de mai 1976 à octobre 2008
1989-12-20,19,36,7,43,38,30,936095.0,Historique Loto de mai 1976 à octobre 2008
1989-12-23,19,29,32,4,7,13,8250000.0,Historique Loto de mai 1976 à octobre 2008
1989-12-27,39,37,20,27,43,48,2543460.0,Historique Loto de mai 1976 à octobre 2008
1989-12-30,24,8,13,6,42,49,1370370.0,Historique Loto de mai 1976 à octobre 2008
1990-01-03,31,30,5,44,8,43,3308880.0,Historique Loto de mai 1976 à octobre 2008
1990-01-06,42,21,20,24,28,6,1608715.0,Historique Loto de mai 1976 à octobre 2008
1990-01-10,25,37,26,48,2,9,922600.0,Historique Loto de mai 1976 à octobre 2008
1990-01-13,2,34,42,40,28,18,949530.0,Historique Loto de mai 1976 à octobre 2008
1990-01-17,29,14,37,2,46,32,2491845.0,Historique Loto de mai 1976 à octobre 2008
1990-01-20,22,20,9,26,34,46,3354755.0,Historique Loto de mai 1976 à octobre 2008
1990-01-24,12,45,11,22,13,10,1527995.0,Historique Loto de mai 1976 à octobre 2008
1990-01-27,43,15,28,35,13,36,443340.0,Historique Loto de mai 1976 à octobre 2008
1990-01-31,20,8,28,3,14,7,508280.0,Historique Loto de mai 1976 à octobre 2008
1990-02-03,11,44,31,36,45,2,6193230.0,Historique Loto de mai 1976 à octobre 2008
1990-02-07,49,23,21,42,8,37,4320635.0,Historique Loto de mai 1976 à octobre 2008
1990-02-10,29,36,10,18,15,45,2750000.0,Historique Loto de mai 1976 à octobre 2008
1990-02-14,16,48,49,22,44,20,2524985.0,Historique Loto de mai 1976 à octobre 2008
1990-02-17,37,46,23,48,24,40,1458365.0,Historique Loto de mai 1976 à octobre 2008
1990-02-21,19,26,1,9,43,25,734860.0,Historique Loto de mai 1976 à octobre 2008
1990-02-24,13,25,6,24,4,17,401265.0,Historique Loto de mai 1976 à octobre 2008
1990-02-28,37,28,41,20,4,31,2423480.0,Historique Loto de mai 1976 à octobre 2008
1990-03-03,39,2,10,3,38,6,1176505.0,Historique Loto de mai 1976 à octobre 2008
1990-03-07,25,49,8,14,9,36,882510.0,Historique Loto de mai 1976 à octobre 2008
1990-03-10,24,1,23,19,15,30,668895.0,Historique Loto de mai 1976 à octobre 2008
1990-03-14,29,3,38,46,9,41,2427965.0,Historique Loto de mai 1976 à octobre 2008
1990-03-17,39,22,19,15,44,47,496650.0,Historique Loto de mai 1976 à octobre 2008
1990-03-21,30,17,2,42,49,19,6646455.0,Historique Loto de mai 1976 à octobre 2008
1990-03-24,8,23,22,35,24,14,2212305.0,Historique Loto de mai 1976 à octobre 2008
1990-03-28,28,4,20,44,19,45,654445.0,Historique Loto de mai 1976 à octobre 2008
1990-03-31,45,43,20,16,25,37,1372025.0,Historique Loto de mai 1976 à octobre 2008
1990-04-04,18,34,6,8,32,33,1806085.0,Historique Loto de mai 1976 à octobre 2008
1990-04-07,19,13,11,32,20,34,11000000.0,Historique Loto de mai 1976 à octobre 2008
1990-04-11,49,30,18,43,33,11,2444470.0,Historique Loto de mai 1976 à octobre 2008
1990-04-14,46,22,27,20,5,17,1411070.0,Historique Loto de mai 1976 à octobre 2008
1990-04-18,44,31,48,13,20,8,2338730.0,Historique Loto de mai 1976 à octobre 2008
1990-04-21,28,36,8,40,21,43,591105.0,Historique Loto de mai 1976 à octobre 2008
1990-04-25,37,49,11,2,28,42,614325.0,Historique Loto de mai 1976 à octobre 2008
1990-04-28,11,40,3,29,23,37,3250050.0,Historique Loto de mai 1976 à octobre 2008
1990-05-02,14,12,36,3,19,26,635290.0,Historique Loto de mai 1976 à octobre 2008
1990-05-05,20,24,30,36,32,3,1124550.0,Historique Loto de mai 1976 à octobre 2008
1990-05-09,16,39,32,14,9,36,837965.0,Historique Loto de mai 1976 à octobre 2008
1990-05-12,25,24,7,49,4,16,1334265.0,Historique Loto de mai 1976 à octobre 2008
1990-05-16,5,44,26,45,27,6,2333480.0,Historique Loto de mai 1976 à octobre 2008
1990-05-19,19,32,34,45,26,3,1343775.0,Historique Loto de mai 1976 à octobre 2008
1990-05-23,16,7,40,10,20,18,2318970.0,Historique Loto de mai 1976 à octobre 2008
1990-05-26,37,27,2,19,6,14,1335090.0,Historique Loto de mai 1976 à octobre 2008
1990-05-30,20,15,41,3,16,36,1430125.0,Historique Loto de mai 1976 à octobre 2008
1990-06-02,19,26,32,13,28,9,273065.0,Historique Loto de mai 1976 à octobre 2008
1990-06-06,23,44,17,32,12,4,1164295.0,Historique Loto de mai 1976 à octobre 2008
1990-06-09,40,18,39,15,43,27,663375.0,Historique Loto de mai 1976 à octobre 2008
1990-06-13,21,33,36,24,18,44,311525.0,Historique Loto de mai 1976 à octobre 2008
1990-06-16,43,41,31,29,15,34,1638295.0,Historique Loto de mai 1976 à octobre 2008
1990-06-20,46,31,16,35,5,1,3322330.0,Historique Loto de mai 1976 à octobre 2008
1990-06-23,37,38,31,39,48,32,2098635.0,Historique Loto de mai 1976 à octobre 2008
1990-06-27,47,42,29,8,1,26,1211610.0,Historique Loto de mai 1976 à octobre 2008
1990-06-30,34,3,37,24,17,18,,Historique Loto de mai 1976 à octobre 2008
1990-07-04,8,37,49,18,15,27,1754755.0,Historique Loto de mai 1976 à octobre 2008
1990-07-07,30,18,46,49,32,11,5828740.0,Historique Loto de mai 1976 à octobre 2008
1990-07-11,33,20,29,25,47,9,1434720.0,Historique Loto de mai 1976 à octobre 2008
1990-07-14,13,28,6,33,30,47,1633920.0,Historique Loto de mai 1976 à octobre 2008
1990-07-18,40,13,46,45,32,30,2245560.0,Historique Loto de mai 1976 à octobre 2008
1990-07-21,30,19,1,21,41,20,745820.0,Historique Loto de mai 1976 à octobre 2008
1990-07-25,4,7,16,32,20,23,1373005.0,Historique Loto de mai 1976 à octobre 2008
1990-07-28,37,31,33,14,29,27,659970.0,Historique Loto de mai 1976 à octobre 2008
1990-08-01,49,2,45,19,16,4,1644430.0,Historique Loto de mai 1976 à octobre 2008
1990-08-04,24,6,19,22,25,36,,Historique Loto de mai 1976 à octobre 2008
1990-08-08,29,18,37,26,44,3,1704610.0,Historique Loto de mai 1976 à octobre 2008
1990-08-11,43,20,17,21,26,38,1576105.0,Historique Loto de mai 1976 à octobre 2008
1990-08-15,45,44,49,15,47,1,6046125.0,Historique Loto de mai 1976 à octobre 2008
1990-08-18,31,21,38,37,26,19,2024185.0,Historique Loto de mai 1976 à octobre 2008
1990-08-22,49,7,22,16,28,29,521570.0,Historique Loto de mai 1976 à octobre 2008
1990-08-25,19,31,1,18,24,25,1567385.0,Historique Loto de mai 1976 à octobre 2008
1990-08-29,38,21,25,46,5,30,2215915.0,Historique Loto de mai 1976 à octobre 2008
1990-09-01,23,2,15,5,43,41,1077735.0,Historique Loto de mai 1976 à octobre 2008
1990-09-05,12,42,30,9,10,21,1026495.0,Historique Loto de mai 1976 à octobre 2008
1990-09-08,10,3,38,20,7,4,1093735.0,Historique Loto de mai 1976 à octobre 2008
1990-09-12,16,22,9,49,47,15,616555.0,Historique Loto de mai 1976 à octobre 2008
1990-09-12,39,27,41,43,7,13,439125.0,Historique Loto de mai 1976 à octobre 2008
1990-09-15,46,47,41,49,7,9,0.0,Historique Loto de mai 1976 à octobre 2008
1990-09-15,41,2,6,37,48,26,0.0,Historique Loto de mai 1976 à octobre 2008
1990-09-19,35,6,27,49,21,3,1782230.0,Historique Loto de mai 1976 à octobre 2008
1990-09-19,6,48,5,3,34,26,930765.0,Historique Loto de mai 1976 à octobre 2008
1990-09-22,48,30,11,33,13,9,2330875.0,Historique Loto de mai 1976 à octobre 2008
1990-09-22,5,40,39,21,47,27,0.0,Historique Loto de mai 1976 à octobre 2008
1990-09-26,28,42,49,40,37,35,1715660.0,Historique Loto de mai 1976 à octobre 2008
1990-09-26,46,22,38,7,42,40,373660.0,Historique Loto de mai 1976 à octobre 2008
1990-09-29,4,6,33,13,8,36,39894555.0,Historique Loto de mai 1976 à octobre 2008
1990-09-29,12,7,39,8,4,1,2700285.0,Historique Loto de mai 1976 à octobre 2008
1990-10-03,9,14,24,5,2,42,558050.0,Historique Loto de mai 1976 à octobre 2008
1990-10-03,40,48,36,35,23,34,1705530.0,Historique Loto de mai 1976 à octobre 2008
1990-10-06,24,13,48,8,42,33,1278025.0,Historique Loto de mai 1976 à octobre 2008
1990-10-06,44,24,31,25,4,2,7998715.0,Historique Loto de mai 1976 à octobre 2008
1990-10-10,6,21,23,32,37,45,4993075.0,Historique Loto de mai 1976 à octobre 2008
1990-10-10,43,11,17,39,38,16,9879840.0,Historique Loto de mai 1976 à octobre 2008
1990-10-13,16,25,21,31,33,13,4617615.0,Historique Loto de mai 1976 à octobre 2008
1990-10-13,34,1,41,23,22,2,0.0,Historique Loto de mai 1976 à octobre 2008
1990-10-17,3,26,9,11,5,44,163495.0,Historique Loto de mai 1976 à octobre 2008
1990-10-17,26,29,19,30,49,42,883620.0,Historique Loto de mai 1976 à octobre 2008
1990-10-20,3,1,30,12,6,26,3112590.0,Historique Loto de mai 1976 à octobre 2008
1990-10-20,22,37,15,4,35,3,55440520.0,Historique Loto de mai 1976 à octobre 2008
1990-10-24,6,29,10,17,40,25,1086135.0,Historique Loto de mai 1976 à octobre 2008
1990-10-24,3,30,49,48,41,36,0.0,Historique Loto de mai 1976 à octobre 2008
1990-10-27,4,5,28,11,10,16,0.0,Historique Loto de mai 1976 à octobre 2008
1990-10-27,8,24,14,5,39,49,26433860.0,Historique Loto de mai 1976 à octobre 2008
1990-10-31,24,16,1,5,18,39,622335.0,Historique Loto de mai 1976 à octobre 2008
1990-10-31,30,36,15,34,1,18,0.0,Historique Loto de mai 1976 à octobre 2008
1990-11-03,30,18,15,45,33,8,4681750.0,Historique Loto de mai 1976 à octobre 2008
1990-11-03,47,38,34,30,19,10,0.0,Historique Loto de mai 1976 à octobre 2008
1990-11-07,10,19,14,1,48,3,726855.0,Historique Loto de mai 1976 à octobre 2008
1990-11-07,1,36,44,21,38,22,8340875.0,Historique Loto de mai 1976 à octobre 2008
1990-11-10,40,31,23,38,32,15,8130290.0,Historique Loto de mai 1976 à octobre 2008
1990-11-10,33,8,45,27,5,14,6524920.0,Historique Loto de mai 1976 à octobre 2008
1990-11-14,6,5,49,20,41,24,5045100.0,Historique Loto de mai 1976 à octobre 2008
1990-11-14,40,30,47,23,43,5,3361180.0,Historique Loto de mai 1976 à octobre 2008
1990-11-17,26,18,29,49,21,22,8928410.0,Historique Loto de mai 1976 à octobre 2008
1990-11-17,31,12,15,5,33,41,4688970.0,Historique Loto de mai 1976 à octobre 2008
1990-11-21,30,49,13,44,45,8,3289430.0,Historique Loto de mai 1976 à octobre 2008
1990-11-21,28,42,9,38,35,31,705635.0,Historique Loto de mai 1976 à octobre 2008
1990-11-24,40,13,36,5,27,45,1497050.0,Historique Loto de mai 1976 à octobre 2008
1990-11-24,17,16,33,3,5,28,25667240.0,Historique Loto de mai 1976 à octobre 2008
1990-11-28,2,34,21,45,32,6,2437505.0,Historique Loto de mai 1976 à octobre 2008
1990-11-28,45,43,26,49,46,44,4870050.0,Historique Loto de mai 1976 à octobre 2008
1990-12-01,1,10,34,16,48,22,13477235.0,Historique Loto de mai 1976 à octobre 2008
1990-12-01,17,20,7,32,16,3,12855060.0,Historique Loto de mai 1976 à octobre 2008
1990-12-05,27,15,22,14,4,47,1223270.0,Historique Loto de mai 1976 à octobre 2008
1990-12-05,24,32,2,23,46,27,0.0,Historique Loto de mai 1976 à octobre 2008
1990-12-08,1,20,12,28,30,31,1897770.0,Historique Loto de mai 1976 à octobre 2008
1990-12-08,22,9,27,6,24,21,8451445.0,Historique Loto de mai 1976 à octobre 2008
1990-12-12,12,7,5,13,47,45,1511345.0,Historique Loto de mai 1976 à octobre 2008
1990-12-12,43,40,2,45,33,37,4924220.0,Historique Loto de mai 1976 à octobre 2008
1990-12-15,37,42,2,49,30,38,13119220.0,Historique Loto de mai 1976 à octobre 2008
1990-12-15,19,48,3,37,17,6,0.0,Historique Loto de mai 1976 à octobre 2008
1990-12-19,3,24,36,6,43,25,347130.0,Historique Loto de mai 1976 à octobre 2008
1990-12-19,33,41,49,3,2,1,1621345.0,Historique Loto de mai 1976 à octobre 2008
1990-12-22,1,5,43,9,8,39,4840600.0,Historique Loto de mai 1976 à octobre 2008
1990-12-22,7,45,17,5,31,18,52992660.0,Historique Loto de mai 1976 à octobre 2008
1990-12-26,7,16,25,8,19,38,1666670.0,Historique Loto de mai 1976 à octobre 2008
1990-12-26,33,1,9,41,3,16,2500000.0,Historique Loto de mai 1976 à octobre 2008
1990-12-29,32,38,6,33,47,24,0.0,Historique Loto de mai 1976 à octobre 2008
1990-12-29,29,32,15,28,14,16,18376875.0,Historique Loto de mai 1976 à octobre 2008
1991-01-02,49,38,30,1,31,48,4802240.0,Historique Loto de mai 1976 à octobre 2008
1991-01-02,6,4,8,45,11,44,1072895.0,Historique Loto de mai 1976 à octobre 2008
1991-01-05,8,46,13,39,32,6,1095195.0,Historique Loto de mai 1976 à octobre 2008
1991-01-05,36,15,13,26,19,24,24262125.0,Historique Loto de mai 1976 à octobre 2008
1991-01-09,6,11,43,32,29,15,3415585.0,Historique Loto de mai 1976 à octobre 2008
1991-01-09,25,44,16,37,34,42,2548030.0,Historique Loto de mai 1976 à octobre 2008
1991-01-12,21,29,3,49,27,15,6746345.0,Historique Loto de mai 1976 à octobre 2008
1991-01-12,41,40,1,45,46,2,14052115.0,Historique Loto de mai 1976 à octobre 2008
1991-01-16,47,7,2,32,17,35,1229040.0,Historique Loto de mai 1976 à octobre 2008
1991-01-16,43,9,38,4,7,35,3292115.0,Historique Loto de mai 1976 à octobre 2008
1991-01-19,17,5,43,35,47,18,3274620.0,Historique Loto de mai 1976 à octobre 2008
1991-01-19,28,20,12,4,27,31,6288375.0,Historique Loto de mai 1976 à octobre 2008
1991-01-23,19,20,38,39,12,27,1607225.0,Historique Loto de mai 1976 à octobre 2008
1991-01-23,41,16,33,3,20,29,968695.0,Historique Loto de mai 1976 à octobre 2008
1991-01-26,38,42,5,27,23,34,0.0,Historique Loto de mai 1976 à octobre 2008
1991-01-26,40,2,19,3,32,30,12350190.0,Historique Loto de mai 1976 à octobre 2008
1991-01-30,37,5,26,17,2,44,2394945.0,Historique Loto de mai 1976 à octobre 2008
1991-01-30,5,14,34,38,46,31,1602335.0,Historique Loto de mai 1976 à octobre 2008
1991-02-02,38,4,26,23,48,15,19422210.0,Historique Loto de mai 1976 à octobre 2008
1991-02-02,22,7,11,3,38,20,1498745.0,Historique Loto de mai 1976 à octobre 2008
1991-02-06,47,32,44,18,30,37,685755.0,Historique Loto de mai 1976 à octobre 2008
1991-02-06,6,12,39,16,11,35,2409375.0,Historique Loto de mai 1976 à octobre 2008
1991-02-09,2,18,12,35,24,41,6271645.0,Historique Loto de mai 1976 à octobre 2008
1991-02-09,7,41,47,19,40,25,24135615.0,Historique Loto de mai 1976 à octobre 2008
1991-02-13,23,47,41,1,40,46,2372050.0,Historique Loto de mai 1976 à octobre 2008
1991-02-13,8,42,11,44,13,22,2382970.0,Historique Loto de mai 1976 à octobre 2008
1991-02-16,19,35,47,20,6,7,6337195.0,Historique Loto de mai 1976 à octobre 2008
1991-02-16,44,4,20,19,10,27,3485865.0,Historique Loto de mai 1976 à octobre 2008
1991-02-20,23,17,42,29,36,19,339795.0,Historique Loto de mai 1976 à octobre 2008
1991-02-20,10,32,24,3,18,4,637455.0,Historique Loto de mai 1976 à octobre 2008
1991-02-23,25,19,1,21,15,38,6182135.0,Historique Loto de mai 1976 à octobre 2008
1991-02-23,10,44,28,6,1,5,0.0,Historique Loto de mai 1976 à octobre 2008
1991-02-27,48,9,25,17,31,5,1165085.0,Historique Loto de mai 1976 à octobre 2008
1991-02-27,30,26,4,23,48,7,2320930.0,Historique Loto de mai 1976 à octobre 2008
1991-03-02,41,49,30,4,12,21,0.0,Historique Loto de mai 1976 à octobre 2008
1991-03-02,32,14,46,18,5,36,1643845.0,Historique Loto de mai 1976 à octobre 2008
1991-03-06,27,36,43,48,14,40,589640.0,Historique Loto de mai 1976 à octobre 2008
1991-03-06,21,38,24,32,42,36,4738000.0,Historique Loto de mai 1976 à octobre 2008
1991-03-09,37,38,27,21,6,1,3677825.0,Historique Loto de mai 1976 à octobre 2008
1991-03-09,16,18,3,45,6,10,17011185.0,Historique Loto de mai 1976 à octobre 2008
1991-03-13,34,8,38,48,9,41,1594645.0,Historique Loto de mai 1976 à octobre 2008
1991-03-13,36,4,42,26,31,32,4812065.0,Historique Loto de mai 1976 à octobre 2008
1991-03-16,13,45,35,20,46,10,13035180.0,Historique Loto de mai 1976 à octobre 2008
1991-03-16,7,22,40,11,23,38,25196525.0,Historique Loto de mai 1976 à octobre 2008
1991-03-20,1,38,23,37,35,33,4691760.0,Historique Loto de mai 1976 à octobre 2008
1991-03-20,31,1,7,45,35,23,9434300.0,Historique Loto de mai 1976 à octobre 2008
1991-03-23,15,22,33,9,40,10,12309075.0,Historique Loto de mai 1976 à octobre 2008
1991-03-23,37,13,26,3,18,38,0.0,Historique Loto de mai 1976 à octobre 2008
1991-03-27,45,2,15,5,39,3,1170670.0,Historique Loto de mai 1976 à octobre 2008
1991-03-27,38,27,34,48,14,3,2354545.0,Historique Loto de mai 1976 à octobre 2008
1991-03-30,21,19,31,1,28,40,1689905.0,Historique Loto de mai 1976 à octobre 2008
1991-03-30,12,29,33,31,10,32,38929030.0,Historique Loto de mai 1976 à octobre 2008
1991-04-03,37,12,39,33,46,21,910670.0,Historique Loto de mai 1976 à octobre 2008
1991-04-03,30,21,14,13,3,35,4578145.0,Historique Loto de mai 1976 à octobre 2008
1991-04-06,23,14,1,33,35,3,3206270.0,Historique Loto de mai 1976 à octobre 2008
1991-04-06,1,33,41,39,8,38,12400640.0,Historique Loto de mai 1976 à octobre 2008
1991-04-10,2,36,22,23,21,14,0.0,Historique Loto de mai 1976 à octobre 2008
1991-04-10,49,13,4,14,12,8,9493035.0,Historique Loto de mai 1976 à octobre 2008
1991-04-13,31,49,37,41,39,17,0.0,Historique Loto de mai 1976 à octobre 2008
1991-04-13,40,2,18,46,10,30,0.0,Historique Loto de mai 1976 à octobre 2008
1991-04-17,10,14,21,13,28,22,598475.0,Historique Loto de mai 1976 à octobre 2008
1991-04-17,8,49,30,6,15,35,3000000.0,Historique Loto de mai 1976 à octobre 2008
1991-04-20,40,11,25,8,6,31,8351545.0,Historique Loto de mai 1976 à octobre 2008
1991-04-20,44,32,28,43,46,37,34812230.0,Historique Loto de mai 1976 à octobre 2008
1991-04-24,31,6,22,28,9,11,361600.0,Historique Loto de mai 1976 à octobre 2008
1991-04-24,5,7,21,32,44,28,9468740.0,Historique Loto de mai 1976 à octobre 2008
1991-04-27,3,34,36,48,37,47,0.0,Historique Loto de mai 1976 à octobre 2008
1991-04-27,45,4,21,39,36,22,6440080.0,Historique Loto de mai 1976 à octobre 2008
1991-05-01,34,2,10,5,40,12,8749980.0,Historique Loto de mai 1976 à octobre 2008
1991-05-01,2,42,29,47,28,8,2176995.0,Historique Loto de mai 1976 à octobre 2008
1991-05-04,32,31,21,40,49,42,0.0,Historique Loto de mai 1976 à octobre 2008
1991-05-04,21,49,24,9,6,36,7341975.0,Historique Loto de mai 1976 à octobre 2008
1991-05-08,6,5,48,34,10,13,1114025.0,Historique Loto de mai 1976 à octobre 2008
1991-05-08,3,36,21,19,15,38,2241950.0,Historique Loto de mai 1976 à octobre 2008
1991-05-11,16,2,30,49,28,31,6536775.0,Historique Loto de mai 1976 à octobre 2008
1991-05-11,10,14,1,20,17,19,12997605.0,Historique Loto de mai 1976 à octobre 2008
1991-05-15,3,36,41,21,11,49,0.0,Historique Loto de mai 1976 à octobre 2008
1991-05-15,21,6,44,47,46,1,8485615.0,Historique Loto de mai 1976 à octobre 2008
1991-05-18,29,9,41,17,13,40,3031200.0,Historique Loto de mai 1976 à octobre 2008
1991-05-18,18,39,30,38,12,3,14931915.0,Historique Loto de mai 1976 à octobre 2008
1991-05-22,27,18,48,42,4,2,6000000.0,Historique Loto de mai 1976 à octobre 2008
1991-05-22,27,12,37,32,7,28,516260.0,Historique Loto de mai 1976 à octobre 2008
1991-05-25,24,22,9,44,35,19,12677730.0,Historique Loto de mai 1976 à octobre 2008
1991-05-25,9,8,45,11,44,31,0.0,Historique Loto de mai 1976 à octobre 2008
1991-05-29,9,17,42,40,33,19,1158540.0,Historique Loto de mai 1976 à octobre 2008
1991-05-29,36,3,12,1,8,13,1556800.0,Historique Loto de mai 1976 à octobre 2008
1991-06-01,43,19,46,32,45,34,6773545.0,Historique Loto de mai 1976 à octobre 2008
1991-06-01,23,27,5,8,43,19,50967510.0,Historique Loto de mai 1976 à octobre 2008
1991-06-05,40,17,37,19,3,33,679220.0,Historique Loto de mai 1976 à octobre 2008
1991-06-05,9,39,19,15,37,46,2399910.0,Historique Loto de mai 1976 à octobre 2008
1991-06-08,18,43,34,16,35,32,2661310.0,Historique Loto de mai 1976 à octobre 2008
1991-06-08,7,31,30,42,13,35,25818285.0,Historique Loto de mai 1976 à octobre 2008
1991-06-12,19,23,49,12,7,13,317790.0,Historique Loto de mai 1976 à octobre 2008
1991-06-12,41,13,30,1,9,33,1374445.0,Historique Loto de mai 1976 à octobre 2008
1991-06-15,39,8,3,30,22,32,25198520.0,Historique Loto de mai 1976 à octobre 2008
1991-06-15,25,5,7,30,19,23,2163430.0,Historique Loto de mai 1976 à octobre 2008
1991-06-19,24,37,49,32,46,8,1428575.0,Historique Loto de mai 1976 à octobre 2008
1991-06-19,39,32,27,37,6,16,15000000.0,Historique Loto de mai 1976 à octobre 2008
1991-06-22,20,13,38,29,12,26,8333335.0,Historique Loto de mai 1976 à octobre 2008
1991-06-22,44,10,35,5,24,43,15000000.0,Historique Loto de mai 1976 à octobre 2008
1991-06-26,21,32,35,16,3,46,1579915.0,Historique Loto de mai 1976 à octobre 2008
1991-06-26,4,14,10,22,9,33,1197290.0,Historique Loto de mai 1976 à octobre 2008
1991-06-29,41,40,5,16,19,12,0.0,Historique Loto de mai 1976 à octobre 2008
1991-06-29,35,31,24,47,9,6,0.0,Historique Loto de mai 1976 à octobre 2008
1991-07-03,11,21,19,32,36,26,786265.0,Historique Loto de mai 1976 à octobre 2008
1991-07-03,26,22,29,45,36,9,9529685.0,Historique Loto de mai 1976 à octobre 2008
1991-07-06,35,18,47,9,4,43,2673530.0,Historique Loto de mai 1976 à octobre 2008
1991-07-06,35,9,6,29,7,1,23215065.0,Historique Loto de mai 1976 à octobre 2008
1991-07-10,19,49,45,27,44,9,1877500.0,Historique Loto de mai 1976 à octobre 2008
1991-07-10,3,22,28,38,7,30,2322185.0,Historique Loto de mai 1976 à octobre 2008
1991-07-13,1,6,36,28,37,17,12941515.0,Historique Loto de mai 1976 à octobre 2008
1991-07-13,34,32,42,13,29,33,25201935.0,Historique Loto de mai 1976 à octobre 2008
1991-07-17,47,26,40,15,6,44,0.0,Historique Loto de mai 1976 à octobre 2008
1991-07-17,21,8,19,10,28,13,3081675.0,Historique Loto de mai 1976 à octobre 2008
1991-07-20,2,6,49,43,22,19,4169235.0,Historique Loto de mai 1976 à octobre 2008
1991-07-20,10,39,24,36,15,6,4868615.0,Historique Loto de mai 1976 à octobre 2008
1991-07-24,37,47,10,8,32,34,2276055.0,Historique Loto de mai 1976 à octobre 2008
1991-07-24,9,45,38,22,26,37,3000000.0,Historique Loto de mai 1976 à octobre 2008
1991-07-27,34,42,1,24,39,7,12266275.0,Historique Loto de mai 1976 à octobre 2008
1991-07-27,42,18,14,4,20,13,23871845.0,Historique Loto de mai 1976 à octobre 2008
1991-07-31,30,40,44,20,38,7,0.0,Historique Loto de mai 1976 à octobre 2008
1991-07-31,19,49,32,4,26,17,3003195.0,Historique Loto de mai 1976 à octobre 2008
1991-08-03,13,30,20,7,46,41,1494165.0,Historique Loto de mai 1976 à octobre 2008
1991-08-03,6,36,23,16,20,34,11628855.0,Historique Loto de mai 1976 à octobre 2008
1991-08-07,3,1,16,39,13,19,5000000.0,Historique Loto de mai 1976 à octobre 2008
1991-08-07,17,3,21,27,42,33,736665.0,Historique Loto de mai 1976 à octobre 2008
1991-08-10,31,44,26,39,18,40,11267815.0,Historique Loto de mai 1976 à octobre 2008
1991-08-10,44,41,6,45,15,7,0.0,Historique Loto de mai 1976 à octobre 2008
1991-08-14,38,49,18,23,3,36,1434025.0,Historique Loto de mai 1976 à octobre 2008
1991-08-14,19,12,49,36,34,33,1737350.0,Historique Loto de mai 1976 à octobre 2008
1991-08-17,35,17,44,24,46,14,0.0,Historique Loto de mai 1976 à octobre 2008
1991-08-17,49,4,30,28,48,17,34145585.0,Historique Loto de mai 1976 à octobre 2008
1991-08-21,44,6,27,9,11,31,2143930.0,Historique Loto de mai 1976 à octobre 2008
1991-08-21,38,33,11,37,20,18,0.0,Historique Loto de mai 1976 à octobre 2008
1991-08-24,5,31,35,28,18,47,6046245.0,Historique Loto de mai 1976 à octobre 2008
1991-08-24,36,5,43,28,45,20,35140885.0,Historique Loto de mai 1976 à octobre 2008
1991-08-28,22,16,40,7,1,26,1091670.0,Historique Loto de mai 1976 à octobre 2008
1991-08-28,42,8,40,13,19,11,3497355.0,Historique Loto de mai 1976 à octobre 2008
1991-08-31,7,43,19,49,44,5,22759475.0,Historique Loto de mai 1976 à octobre 2008
1991-08-31,36,28,34,25,12,13,2921820.0,Historique Loto de mai 1976 à octobre 2008
1991-09-04,2,15,34,25,17,4,633975.0,Historique Loto de mai 1976 à octobre 2008
1991-09-04,9,25,10,35,12,3,1121640.0,Historique Loto de mai 1976 à octobre 2008
1991-09-07,46,27,25,43,14,9,3963930.0,Historique Loto de mai 1976 à octobre 2008
1991-09-07,4,11,38,28,49,18,3859030.0,Historique Loto de mai 1976 à octobre 2008
1991-09-11,25,12,34,43,5,47,299865.0,Historique Loto de mai 1976 à octobre 2008
1991-09-11,31,36,26,43,49,35,4547805.0,Historique Loto de mai 1976 à octobre 2008
1991-09-14,34,13,14,45,37,15,13542150.0,Historique Loto de mai 1976 à octobre 2008
1991-09-14,34,24,16,5,45,6,0.0,Historique Loto de mai 1976 à octobre 2008
1991-09-18,21,29,33,15,44,41,411060.0,Historique Loto de mai 1976 à octobre 2008
1991-09-18,17,16,1,30,2,22,9139020.0,Historique Loto de mai 1976 à octobre 2008
1991-09-21,17,39,47,21,40,20,14225710.0,Historique Loto de mai 1976 à octobre 2008
1991-09-21,21,14,17,10,44,43,54077205.0,Historique Loto de mai 1976 à octobre 2008
1991-09-25,8,48,45,44,26,23,0.0,Historique Loto de mai 1976 à octobre 2008
1991-09-25,26,49,36,23,7,46,1005350.0,Historique Loto de mai 1976 à octobre 2008
1991-09-28,13,27,4,6,39,48,6104325.0,Historique Loto de mai 1976 à octobre 2008
1991-09-28,49,14,4,46,16,42,0.0,Historique Loto de mai 1976 à octobre 2008
1991-10-02,15,2,18,28,34,26,688720.0,Historique Loto de mai 1976 à octobre 2008
1991-10-02,40,45,16,18,43,49,17742620.0,Historique Loto de mai 1976 à octobre 2008
1991-10-05,11,36,23,27,24,2,4351565.0,Historique Loto de mai 1976 à octobre 2008
1991-10-05,12,40,31,28,26,42,37917875.0,Historique Loto de mai 1976 à octobre 2008
1991-10-09,29,33,23,22,25,30,826785.0,Historique Loto de mai 1976 à octobre 2008
1991-10-09,2,7,47,26,30,10,3000980.0,Historique Loto de mai 1976 à octobre 2008
1991-10-12,34,31,14,28,11,25,6352510.0,Historique Loto de mai 1976 à octobre 2008
1991-10-12,6,44,1,25,26,19,0.0,Historique Loto de mai 1976 à octobre 2008
1991-10-16,18,34,38,15,7,36,1372280.0,Historique Loto de mai 1976 à octobre 2008
1991-10-16,13,41,30,1,36,19,1280030.0,Historique Loto de mai 1976 à octobre 2008
1991-10-19,24,20,28,12,1,34,50878010.0,Historique Loto de mai 1976 à octobre 2008
1991-10-19,43,47,17,11,34,4,4458140.0,Historique Loto de mai 1976 à octobre 2008
1991-10-23,42,14,47,45,35,48,1352740.0,Historique Loto de mai 1976 à octobre 2008
1991-10-23,23,10,35,12,5,20,735640.0,Historique Loto de mai 1976 à octobre 2008
1991-10-26,27,6,16,15,41,42,0.0,Historique Loto de mai 1976 à octobre 2008
1991-10-26,45,33,14,1,16,27,8083405.0,Historique Loto de mai 1976 à octobre 2008
1991-10-30,38,37,39,29,35,20,4030175.0,Historique Loto de mai 1976 à octobre 2008
1991-10-30,8,27,46,10,6,32,2923030.0,Historique Loto de mai 1976 à octobre 2008
1991-11-02,46,34,35,15,43,24,12863175.0,Historique Loto de mai 1976 à octobre 2008
1991-11-02,49,40,36,16,41,9,9372730.0,Historique Loto de mai 1976 à octobre 2008
1991-11-06,30,7,37,48,49,46,2063975.0,Historique Loto de mai 1976 à octobre 2008
1991-11-06,9,2,24,48,18,14,1122870.0,Historique Loto de mai 1976 à octobre 2008
1991-11-09,24,38,9,23,18,37,6290540.0,Historique Loto de mai 1976 à octobre 2008
1991-11-09,20,4,42,1,40,3,6138575.0,Historique Loto de mai 1976 à octobre 2008
1991-11-13,42,16,15,22,26,27,4033205.0,Historique Loto de mai 1976 à octobre 2008
1991-11-13,42,49,14,34,12,45,8776070.0,Historique Loto de mai 1976 à octobre 2008
1991-11-16,44,9,16,38,23,13,4154570.0,Historique Loto de mai 1976 à octobre 2008
1991-11-16,40,28,35,34,27,17,24318950.0,Historique Loto de mai 1976 à octobre 2008
1991-11-20,46,10,12,49,3,44,805250.0,Historique Loto de mai 1976 à octobre 2008
1991-11-20,42,35,20,24,18,45,814500.0,Historique Loto de mai 1976 à octobre 2008
1991-11-23,31,7,13,32,23,8,23849925.0,Historique Loto de mai 1976 à octobre 2008
1991-11-23,49,45,15,42,36,37,4072855.0,Historique Loto de mai 1976 à octobre 2008
1991-11-27,9,33,38,16,45,6,807325.0,Historique Loto de mai 1976 à octobre 2008
1991-11-27,45,10,13,48,34,16,1462715.0,Historique Loto de mai 1976 à octobre 2008
1991-11-30,30,2,25,32,1,5,12284250.0,Historique Loto de mai 1976 à octobre 2008
1991-11-30,5,12,17,27,21,23,11963575.0,Historique Loto de mai 1976 à octobre 2008
1991-12-04,7,43,34,47,33,39,2014560.0,Historique Loto de mai 1976 à octobre 2008
1991-12-04,35,48,36,23,39,28,8756885.0,Historique Loto de mai 1976 à octobre 2008
1991-12-07,37,16,7,8,31,41,12112540.0,Historique Loto de mai 1976 à octobre 2008
1991-12-07,44,30,12,40,10,43,7875730.0,Historique Loto de mai 1976 à octobre 2008
1991-12-11,47,39,11,43,4,33,1010195.0,Historique Loto de mai 1976 à octobre 2008
1991-12-11,8,22,40,9,38,15,975640.0,Historique Loto de mai 1976 à octobre 2008
1991-12-14,15,23,2,33,24,29,0.0,Historique Loto de mai 1976 à octobre 2008
1991-12-14,35,33,9,23,19,28,4558530.0,Historique Loto de mai 1976 à octobre 2008
1991-12-18,35,32,47,2,9,10,3995845.0,Historique Loto de mai 1976 à octobre 2008
1991-12-18,49,12,14,36,40,8,8690650.0,Historique Loto de mai 1976 à octobre 2008
1991-12-21,2,29,18,39,41,45,0.0,Historique Loto de mai 1976 à octobre 2008
1991-12-21,18,28,3,7,34,42,27074050.0,Historique Loto de mai 1976 à octobre 2008
1991-12-25,15,25,3,26,22,43,671985.0,Historique Loto de mai 1976 à octobre 2008
1991-12-25,24,25,27,28,49,47,20000000.0,Historique Loto de mai 1976 à octobre 2008
1991-12-28,17,1,28,33,45,24,3105920.0,Historique Loto de mai 1976 à octobre 2008
1991-12-28,18,35,8,44,3,41,15000000.0,Historique Loto de mai 1976 à octobre 2008
1992-01-01,4,37,20,25,26,7,4248180.0,Historique Loto de mai 1976 à octobre 2008
1992-01-01,28,42,35,1,13,32,1860180.0,Historique Loto de mai 1976 à octobre 2008
1992-01-04,31,16,9,23,20,10,0.0,Historique Loto de mai 1976 à octobre 2008
1992-01-04,44,13,42,33,37,31,5197955.0,Historique Loto de mai 1976 à octobre 2008
1992-01-08,48,40,21,31,17,9,4568225.0,Historique Loto de mai 1976 à octobre 2008
1992-01-08,5,7,11,47,25,46,220860.0,Historique Loto de mai 1976 à octobre 2008
1992-01-11,23,21,8,47,27,17,39389065.0,Historique Loto de mai 1976 à octobre 2008
1992-01-11,4,44,14,37,2,43,4457075.0,Historique Loto de mai 1976 à octobre 2008
1992-01-15,2,32,20,1,22,6,0.0,Historique Loto de mai 1976 à octobre 2008
1992-01-15,32,24,28,29,46,31,4545880.0,Historique Loto de mai 1976 à octobre 2008
1992-01-18,25,7,18,24,27,5,0.0,Historique Loto de mai 1976 à octobre 2008
1992-01-18,31,27,16,46,1,23,12438020.0,Historique Loto de mai 1976 à octobre 2008
1992-01-22,36,10,16,26,17,15,840275.0,Historique Loto de mai 1976 à octobre 2008
1992-01-22,41,4,7,23,39,8,1875000.0,Historique Loto de mai 1976 à octobre 2008
1992-01-25,45,38,27,29,3,22,0.0,Historique Loto de mai 1976 à octobre 2008
1992-01-25,10,27,8,6,39,5,37950585.0,Historique Loto de mai 1976 à octobre 2008
1992-01-29,41,37,29,6,33,38,680095.0,Historique Loto de mai 1976 à octobre 2008
1992-01-29,5,43,48,23,25,1,1483865.0,Historique Loto de mai 1976 à octobre 2008
1992-02-01,20,19,3,42,18,22,19062885.0,Historique Loto de mai 1976 à octobre 2008
1992-02-01,17,23,9,35,39,40,2580330.0,Historique Loto de mai 1976 à octobre 2008
1992-02-05,37,38,29,24,26,13,511210.0,Historique Loto de mai 1976 à octobre 2008
1992-02-05,25,43,22,49,48,1,8921995.0,Historique Loto de mai 1976 à octobre 2008
1992-02-08,24,25,29,34,39,13,0.0,Historique Loto de mai 1976 à octobre 2008
1992-02-08,3,9,34,1,18,23,24405275.0,Historique Loto de mai 1976 à octobre 2008
1992-02-12,30,24,25,42,47,1,4098960.0,Historique Loto de mai 1976 à octobre 2008
1992-02-12,25,5,12,10,9,41,139605.0,Historique Loto de mai 1976 à octobre 2008
1992-02-15,36,7,44,31,9,18,0.0,Historique Loto de mai 1976 à octobre 2008
1992-02-15,44,47,24,42,37,33,19225680.0,Historique Loto de mai 1976 à octobre 2008
1992-02-19,41,8,9,14,24,33,1004555.0,Historique Loto de mai 1976 à octobre 2008
1992-02-19,28,38,47,40,45,2,2921710.0,Historique Loto de mai 1976 à octobre 2008
1992-02-22,1,29,35,13,43,34,4240785.0,Historique Loto de mai 1976 à octobre 2008
1992-02-22,38,45,31,17,5,22,19080725.0,Historique Loto de mai 1976 à octobre 2008
1992-02-26,22,42,12,44,4,36,659240.0,Historique Loto de mai 1976 à octobre 2008
1992-02-26,43,47,26,8,14,13,2875130.0,Historique Loto de mai 1976 à octobre 2008
1992-02-29,32,41,37,38,30,10,5892535.0,Historique Loto de mai 1976 à octobre 2008
1992-02-29,47,6,25,28,38,27,12029110.0,Historique Loto de mai 1976 à octobre 2008
1992-03-04,30,15,35,1,46,36,2138395.0,Historique Loto de mai 1976 à octobre 2008
1992-03-04,19,4,7,34,38,17,784955.0,Historique Loto de mai 1976 à octobre 2008
1992-03-07,33,45,11,44,35,32,0.0,Historique Loto de mai 1976 à octobre 2008
1992-03-07,48,11,24,32,23,41,0.0,Historique Loto de mai 1976 à octobre 2008
1992-03-11,9,2,43,4,21,18,1319130.0,Historique Loto de mai 1976 à octobre 2008
1992-03-11,22,10,29,16,27,23,2876330.0,Historique Loto de mai 1976 à octobre 2008
1992-03-14,29,30,40,17,22,48,5940400.0,Historique Loto de mai 1976 à octobre 2008
1992-03-14,7,8,1,4,23,44,5002110.0,Historique Loto de mai 1976 à octobre 2008
1992-03-18,36,34,37,41,11,8,0.0,Historique Loto de mai 1976 à octobre 2008
1992-03-18,30,20,1,46,6,11,786250.0,Historique Loto de mai 1976 à octobre 2008
1992-03-21,18,49,43,34,16,12,0.0,Historique Loto de mai 1976 à octobre 2008
1992-03-21,18,4,8,37,10,31,12142135.0,Historique Loto de mai 1976 à octobre 2008
1992-03-25,21,13,30,39,43,9,15000000.0,Historique Loto de mai 1976 à octobre 2008
1992-03-25,13,48,28,7,10,37,329545.0,Historique Loto de mai 1976 à octobre 2008
1992-03-28,37,6,29,9,25,5,1550770.0,Historique Loto de mai 1976 à octobre 2008
1992-03-28,36,21,23,6,47,45,36656805.0,Historique Loto de mai 1976 à octobre 2008
1992-04-01,42,43,12,28,30,19,1945775.0,Historique Loto de mai 1976 à octobre 2008
1992-04-01,7,42,37,47,25,31,1698110.0,Historique Loto de mai 1976 à octobre 2008
1992-04-04,27,26,17,39,36,25,12058925.0,Historique Loto de mai 1976 à octobre 2008
1992-04-04,36,16,6,35,32,41,0.0,Historique Loto de mai 1976 à octobre 2008
1992-04-08,35,11,38,33,25,45,0.0,Historique Loto de mai 1976 à octobre 2008
1992-04-08,39,16,18,48,30,22,4260110.0,Historique Loto de mai 1976 à octobre 2008
1992-04-11,33,17,10,20,44,45,6981650.0,Historique Loto de mai 1976 à octobre 2008
1992-04-11,36,13,43,11,5,25,25548680.0,Historique Loto de mai 1976 à octobre 2008
1992-04-15,9,42,31,19,18,45,1980220.0,Historique Loto de mai 1976 à octobre 2008
1992-04-15,15,38,14,45,6,42,7500000.0,Historique Loto de mai 1976 à octobre 2008
1992-04-18,3,49,4,21,36,43,12011505.0,Historique Loto de mai 1976 à octobre 2008
1992-04-18,35,11,45,36,41,47,0.0,Historique Loto de mai 1976 à octobre 2008
1992-04-22,16,43,24,30,5,31,0.0,Historique Loto de mai 1976 à octobre 2008
1992-04-22,28,41,35,18,24,12,1867590.0,Historique Loto de mai 1976 à octobre 2008
1992-04-25,31,23,7,42,34,21,12204140.0,Historique Loto de mai 1976 à octobre 2008
1992-04-25,33,4,47,20,28,6,9033205.0,Historique Loto de mai 1976 à octobre 2008
1992-04-29,1,31,17,20,10,28,478210.0,Historique Loto de mai 1976 à octobre 2008
1992-04-29,25,45,16,20,39,18,5501520.0,Historique Loto de mai 1976 à octobre 2008
1992-05-02,41,19,28,29,12,43,0.0,Historique Loto de mai 1976 à octobre 2008
1992-05-02,33,5,11,47,26,10,2795865.0,Historique Loto de mai 1976 à octobre 2008
1992-05-06,41,24,14,32,22,18,418940.0,Historique Loto de mai 1976 à octobre 2008
1992-05-06,23,38,18,36,21,5,1175490.0,Historique Loto de mai 1976 à octobre 2008
1992-05-09,42,30,47,29,10,37,11728280.0,Historique Loto de mai 1976 à octobre 2008
1992-05-09,20,26,34,30,42,33,17500000.0,Historique Loto de mai 1976 à octobre 2008
1992-05-13,9,18,14,42,48,8,1037495.0,Historique Loto de mai 1976 à octobre 2008
1992-05-13,45,12,17,35,24,22,1902645.0,Historique Loto de mai 1976 à octobre 2008
1992-05-16,24,5,6,27,19,23,1901705.0,Historique Loto de mai 1976 à octobre 2008
1992-05-16,41,11,14,24,46,30,11197185.0,Historique Loto de mai 1976 à octobre 2008
1992-05-20,43,41,29,36,49,16,1865660.0,Historique Loto de mai 1976 à octobre 2008
1992-05-20,1,18,33,25,47,6,2034635.0,Historique Loto de mai 1976 à octobre 2008
1992-05-23,31,7,33,32,13,1,2241070.0,Historique Loto de mai 1976 à octobre 2008
1992-05-23,1,44,5,11,43,41,0.0,Historique Loto de mai 1976 à octobre 2008
1992-05-27,4,1,48,26,25,14,610000.0,Historique Loto de mai 1976 à octobre 2008
1992-05-27,34,38,11,17,27,49,1139885.0,Historique Loto de mai 1976 à octobre 2008
1992-05-30,4,28,46,34,10,48,2368580.0,Historique Loto de mai 1976 à octobre 2008
1992-05-30,9,26,34,27,39,31,45306355.0,Historique Loto de mai 1976 à octobre 2008
1992-06-03,38,20,41,2,35,1,3708740.0,Historique Loto de mai 1976 à octobre 2008
1992-06-03,5,17,44,24,2,47,4044420.0,Historique Loto de mai 1976 à octobre 2008
1992-06-06,14,45,5,12,29,8,0.0,Historique Loto de mai 1976 à octobre 2008
1992-06-06,4,19,3,16,48,42,7363090.0,Historique Loto de mai 1976 à octobre 2008
1992-06-10,4,30,23,18,48,25,1209575.0,Historique Loto de mai 1976 à octobre 2008
1992-06-10,32,4,8,29,10,47,791185.0,Historique Loto de mai 1976 à octobre 2008
1992-06-13,45,11,12,9,23,26,2899080.0,Historique Loto de mai 1976 à octobre 2008
1992-06-13,8,23,6,11,27,37,5000000.0,Historique Loto de mai 1976 à octobre 2008
1992-06-17,7,6,40,25,45,28,3640315.0,Historique Loto de mai 1976 à octobre 2008
1992-06-17,43,30,5,36,24,37,2645690.0,Historique Loto de mai 1976 à octobre 2008
1992-06-20,11,23,6,35,17,19,1961385.0,Historique Loto de mai 1976 à octobre 2008
1992-06-20,8,23,40,10,19,6,2203730.0,Historique Loto de mai 1976 à octobre 2008
1992-06-24,14,10,20,41,31,44,1420435.0,Historique Loto de mai 1976 à octobre 2008
1992-06-24,41,2,26,12,11,29,20000000.0,Historique Loto de mai 1976 à octobre 2008
1992-06-27,5,20,8,46,7,9,0.0,Historique Loto de mai 1976 à octobre 2008
1992-06-27,48,15,22,47,11,13,20000000.0,Historique Loto de mai 1976 à octobre 2008
1992-07-01,44,42,29,48,5,4,1244575.0,Historique Loto de mai 1976 à octobre 2008
1992-07-01,41,29,35,48,7,5,1360010.0,Historique Loto de mai 1976 à octobre 2008
1992-07-04,39,46,8,17,10,14,12675860.0,Historique Loto de mai 1976 à octobre 2008
1992-07-04,22,43,31,18,4,32,0.0,Historique Loto de mai 1976 à octobre 2008
1992-07-08,1,31,13,44,40,49,528610.0,Historique Loto de mai 1976 à octobre 2008
1992-07-08,14,29,34,13,4,6,0.0,Historique Loto de mai 1976 à octobre 2008
1992-07-11,42,45,23,32,12,27,17126715.0,Historique Loto de mai 1976 à octobre 2008
1992-07-11,46,28,2,25,45,8,14446670.0,Historique Loto de mai 1976 à octobre 2008
1992-07-15,43,36,8,17,7,33,884265.0,Historique Loto de mai 1976 à octobre 2008
1992-07-15,43,15,33,3,32,1,7904905.0,Historique Loto de mai 1976 à octobre 2008
1992-07-18,36,12,28,11,41,23,0.0,Historique Loto de mai 1976 à octobre 2008
1992-07-18,7,22,2,46,15,26,2830495.0,Historique Loto de mai 1976 à octobre 2008
1992-07-22,36,40,37,16,1,15,3611345.0,Historique Loto de mai 1976 à octobre 2008
1992-07-22,17,11,27,26,36,1,7883985.0,Historique Loto de mai 1976 à octobre 2008
1992-07-25,25,15,32,43,22,6,0.0,Historique Loto de mai 1976 à octobre 2008
1992-07-25,33,46,18,13,39,19,17614095.0,Historique Loto de mai 1976 à octobre 2008
1992-07-29,34,15,37,7,35,44,1186295.0,Historique Loto de mai 1976 à octobre 2008
1992-07-29,43,1,34,47,42,35,0.0,Historique Loto de mai 1976 à octobre 2008
1992-08-01,39,11,12,42,4,49,12287540.0,Historique Loto de mai 1976 à octobre 2008
1992-08-01,17,25,41,7,27,20,12066160.0,Historique Loto de mai 1976 à octobre 2008
1992-08-05,31,10,47,36,34,39,3096465.0,Historique Loto de mai 1976 à octobre 2008
1992-08-05,8,10,30,2,22,1,220905.0,Historique Loto de mai 1976 à octobre 2008
1992-08-08,17,6,35,36,1,41,10742185.0,Historique Loto de mai 1976 à octobre 2008
1992-08-08,49,6,47,34,23,37,3643615.0,Historique Loto de mai 1976 à octobre 2008
1992-08-12,14,16,11,44,7,38,696895.0,Historique Loto de mai 1976 à octobre 2008
1992-08-12,24,43,11,16,48,26,2534765.0,Historique Loto de mai 1976 à octobre 2008
1992-08-15,5,17,40,20,37,41,3371300.0,Historique Loto de mai 1976 à octobre 2008
1992-08-15,32,38,9,26,35,2,19847780.0,Historique Loto de mai 1976 à octobre 2008
1992-08-19,5,6,37,41,33,9,1727150.0,Historique Loto de mai 1976 à octobre 2008
1992-08-19,8,26,45,31,6,44,1508180.0,Historique Loto de mai 1976 à octobre 2008
1992-08-22,49,48,11,30,7,10,5312805.0,Historique Loto de mai 1976 à octobre 2008
1992-08-22,3,40,35,14,26,46,10439915.0,Historique Loto de mai 1976 à octobre 2008
1992-08-26,28,23,2,27,35,43,1723595.0,Historique Loto de mai 1976 à octobre 2008
1992-08-26,18,1,8,9,3,47,167175.0,Historique Loto de mai 1976 à octobre 2008
1992-08-29,12,38,45,11,6,19,10557050.0,Historique Loto de mai 1976 à octobre 2008
1992-08-29,8,26,13,44,17,21,1342695.0,Historique Loto de mai 1976 à octobre 2008
1992-09-02,48,1,45,33,30,23,1177870.0,Historique Loto de mai 1976 à octobre 2008
1992-09-02,26,12,1,22,40,49,3855705.0,Historique Loto de mai 1976 à octobre 2008
1992-09-05,1,6,31,32,46,44,10843660.0,Historique Loto de mai 1976 à octobre 2008
1992-09-05,9,26,37,41,44,30,10658155.0,Historique Loto de mai 1976 à octobre 2008
1992-09-09,12,13,18,1,20,21,894330.0,Historique Loto de mai 1976 à octobre 2008
1992-09-09,28,22,27,49,19,15,3902925.0,Historique Loto de mai 1976 à octobre 2008
1992-09-12,17,29,32,4,16,5,2730090.0,Historique Loto de mai 1976 à octobre 2008
1992-09-12,23,42,47,8,41,3,10730100.0,Historique Loto de mai 1976 à octobre 2008
1992-09-16,24,36,44,3,23,5,1230985.0,Historique Loto de mai 1976 à octobre 2008
1992-09-16,36,21,24,23,44,13,8078860.0,Historique Loto de mai 1976 à octobre 2008
1992-09-19,40,37,10,31,12,45,2807610.0,Historique Loto de mai 1976 à octobre 2008
1992-09-19,11,18,39,17,33,12,22100960.0,Historique Loto de mai 1976 à octobre 2008
1992-09-23,47,19,4,29,48,30,1833865.0,Historique Loto de mai 1976 à octobre 2008
1992-09-23,46,18,47,35,23,28,8022180.0,Historique Loto de mai 1976 à octobre 2008
1992-09-26,4,33,15,27,44,11,21774655.0,Historique Loto de mai 1976 à octobre 2008
1992-09-26,45,12,24,7,26,18,1844000.0,Historique Loto de mai 1976 à octobre 2008
1992-09-30,49,28,37,17,41,2,1002910.0,Historique Loto de mai 1976 à octobre 2008
1992-09-30,23,49,45,31,11,18,524025.0,Historique Loto de mai 1976 à octobre 2008
1992-10-03,36,29,7,23,20,40,2797460.0,Historique Loto de mai 1976 à octobre 2008
1992-10-03,4,44,10,24,33,18,22027435.0,Historique Loto de mai 1976 à octobre 2008
1992-10-07,34,17,48,28,41,7,1223340.0,Historique Loto de mai 1976 à octobre 2008
1992-10-07,41,27,35,20,44,42,4012575.0,Historique Loto de mai 1976 à octobre 2008
1992-10-10,2,43,35,17,28,24,1388665.0,Historique Loto de mai 1976 à octobre 2008
1992-10-10,7,31,11,34,33,45,0.0,Historique Loto de mai 1976 à octobre 2008
1992-10-14,24,34,6,29,45,10,0.0,Historique Loto de mai 1976 à octobre 2008
1992-10-14,41,49,23,6,8,15,4004805.0,Historique Loto de mai 1976 à octobre 2008
1992-10-17,41,45,23,42,20,2,13121130.0,Historique Loto de mai 1976 à octobre 2008
1992-10-17,16,36,27,49,33,12,23886730.0,Historique Loto de mai 1976 à octobre 2008
1992-10-21,22,31,36,16,6,43,5048215.0,Historique Loto de mai 1976 à octobre 2008
1992-10-21,26,19,1,23,18,34,421825.0,Historique Loto de mai 1976 à octobre 2008
1992-10-24,20,12,4,2,27,1,2240725.0,Historique Loto de mai 1976 à octobre 2008
1992-10-24,7,21,28,44,47,32,22068245.0,Historique Loto de mai 1976 à octobre 2008
1992-10-28,35,18,40,7,6,45,904550.0,Historique Loto de mai 1976 à octobre 2008
1992-10-28,27,46,6,15,19,2,2637890.0,Historique Loto de mai 1976 à octobre 2008
1992-10-31,48,30,8,37,27,1,11108535.0,Historique Loto de mai 1976 à octobre 2008
1992-10-31,41,42,43,44,38,17,21881650.0,Historique Loto de mai 1976 à octobre 2008
1992-11-04,47,40,24,48,5,38,1204705.0,Historique Loto de mai 1976 à octobre 2008
1992-11-04,28,21,29,5,32,2,2633700.0,Historique Loto de mai 1976 à octobre 2008
1992-11-07,35,36,17,28,47,33,2237920.0,Historique Loto de mai 1976 à octobre 2008
1992-11-07,39,32,24,4,41,18,11020215.0,Historique Loto de mai 1976 à octobre 2008
1992-11-11,47,46,24,17,28,38,489600.0,Historique Loto de mai 1976 à octobre 2008
1992-11-11,14,10,32,26,23,39,1247650.0,Historique Loto de mai 1976 à octobre 2008
1992-11-14,9,12,30,28,35,7,25330025.0,Historique Loto de mai 1976 à octobre 2008
1992-11-14,44,35,14,10,30,16,12889475.0,Historique Loto de mai 1976 à octobre 2008
1992-11-18,24,27,30,46,42,31,2630680.0,Historique Loto de mai 1976 à octobre 2008
1992-11-18,48,28,23,40,44,13,515885.0,Historique Loto de mai 1976 à octobre 2008
1992-11-21,21,44,39,6,11,28,2770820.0,Historique Loto de mai 1976 à octobre 2008
1992-11-21,27,26,2,34,41,37,4363115.0,Historique Loto de mai 1976 à octobre 2008
1992-11-25,3,30,23,41,19,2,1184905.0,Historique Loto de mai 1976 à octobre 2008
1992-11-25,44,13,30,19,5,46,2588530.0,Historique Loto de mai 1976 à octobre 2008
1992-11-28,8,4,41,9,26,46,5487125.0,Historique Loto de mai 1976 à octobre 2008
1992-11-28,18,14,19,5,23,7,3086030.0,Historique Loto de mai 1976 à octobre 2008
1992-12-02,3,9,6,28,44,42,510370.0,Historique Loto de mai 1976 à octobre 2008
1992-12-02,1,25,3,43,10,20,1561940.0,Historique Loto de mai 1976 à octobre 2008
1992-12-05,47,28,14,33,31,49,5467735.0,Historique Loto de mai 1976 à octobre 2008
1992-12-05,45,36,10,19,48,44,21530945.0,Historique Loto de mai 1976 à octobre 2008
1992-12-09,7,6,20,3,14,36,1321135.0,Historique Loto de mai 1976 à octobre 2008
1992-12-09,49,6,3,48,22,20,3625755.0,Historique Loto de mai 1976 à octobre 2008
1992-12-12,28,2,7,20,46,13,11001730.0,Historique Loto de mai 1976 à octobre 2008
1992-12-12,41,22,6,23,1,2,21662560.0,Historique Loto de mai 1976 à octobre 2008
1992-12-16,2,46,47,43,10,37,3592370.0,Historique Loto de mai 1976 à octobre 2008
1992-12-16,48,23,36,16,6,40,7856410.0,Historique Loto de mai 1976 à octobre 2008
1992-12-19,10,3,2,29,26,19,2723895.0,Historique Loto de mai 1976 à octobre 2008
1992-12-19,47,3,29,4,8,13,21463000.0,Historique Loto de mai 1976 à octobre 2008
1992-12-23,39,35,36,17,25,40,4731250.0,Historique Loto de mai 1976 à octobre 2008
1992-12-23,7,3,1,13,39,47,3373410.0,Historique Loto de mai 1976 à octobre 2008
1992-12-26,18,49,29,23,8,5,2500760.0,Historique Loto de mai 1976 à octobre 2008
1992-12-26,19,26,37,32,33,4,20227140.0,Historique Loto de mai 1976 à octobre 2008
1992-12-30,11,1,18,25,24,12,1329265.0,Historique Loto de mai 1976 à octobre 2008
1992-12-30,34,29,39,7,28,27,8773430.0,Historique Loto de mai 1976 à octobre 2008
1993-01-02,40,7,22,1,38,42,2350520.0,Historique Loto de mai 1976 à octobre 2008
1993-01-02,46,44,36,40,1,19,0.0,Historique Loto de mai 1976 à octobre 2008
1993-01-06,43,35,26,31,3,29,3726790.0,Historique Loto de mai 1976 à octobre 2008
1993-01-06,38,47,9,1,12,26,2043610.0,Historique Loto de mai 1976 à octobre 2008
1993-01-09,36,9,8,37,17,34,25228870.0,Historique Loto de mai 1976 à octobre 2008
1993-01-09,31,16,40,22,14,32,4598495.0,Historique Loto de mai 1976 à octobre 2008
1993-01-13,9,44,38,7,21,31,1648745.0,Historique Loto de mai 1976 à octobre 2008
1993-01-13,27,5,29,34,16,42,1253365.0,Historique Loto de mai 1976 à octobre 2008
1993-01-16,3,36,13,44,42,9,5765775.0,Historique Loto de mai 1976 à octobre 2008
1993-01-16,17,33,40,35,12,41,22734160.0,Historique Loto de mai 1976 à octobre 2008
1993-01-20,23,11,47,49,30,21,734960.0,Historique Loto de mai 1976 à octobre 2008
1993-01-20,24,22,6,25,31,49,2012175.0,Historique Loto de mai 1976 à octobre 2008
1993-01-23,49,43,28,41,5,32,3741140.0,Historique Loto de mai 1976 à octobre 2008
1993-01-23,15,13,30,12,7,26,11060660.0,Historique Loto de mai 1976 à octobre 2008
1993-01-27,48,2,17,13,31,21,1793030.0,Historique Loto de mai 1976 à octobre 2008
1993-01-27,3,11,21,48,16,42,1962530.0,Historique Loto de mai 1976 à octobre 2008
1993-01-30,26,38,49,48,7,24,3676055.0,Historique Loto de mai 1976 à octobre 2008
1993-01-30,26,29,43,7,34,10,5434385.0,Historique Loto de mai 1976 à octobre 2008
1993-02-03,49,21,36,40,28,17,3938280.0,Historique Loto de mai 1976 à octobre 2008
1993-02-03,33,40,3,1,6,26,899465.0,Historique Loto de mai 1976 à octobre 2008
1993-02-06,14,40,45,48,5,12,11046830.0,Historique Loto de mai 1976 à octobre 2008
1993-02-06,27,16,2,5,10,46,3110555.0,Historique Loto de mai 1976 à octobre 2008
1993-02-10,24,31,18,39,20,40,602300.0,Historique Loto de mai 1976 à octobre 2008
1993-02-10,46,42,33,41,7,14,7914140.0,Historique Loto de mai 1976 à octobre 2008
1993-02-13,39,43,12,34,8,11,0.0,Historique Loto de mai 1976 à octobre 2008
1993-02-13,25,48,15,20,47,35,5464310.0,Historique Loto de mai 1976 à octobre 2008
1993-02-17,44,19,36,5,49,43,394685.0,Historique Loto de mai 1976 à octobre 2008
1993-02-17,17,14,32,33,16,39,3886410.0,Historique Loto de mai 1976 à octobre 2008
1993-02-20,10,6,48,42,8,5,0.0,Historique Loto de mai 1976 à octobre 2008
1993-02-20,8,17,25,45,23,37,17795070.0,Historique Loto de mai 1976 à octobre 2008
1993-02-24,27,44,23,32,31,48,1728810.0,Historique Loto de mai 1976 à octobre 2008
1993-02-24,14,39,6,41,16,42,0.0,Historique Loto de mai 1976 à octobre 2008
1993-02-27,9,28,18,13,30,22,18579125.0,Historique Loto de mai 1976 à octobre 2008
1993-02-27,19,7,25,20,4,38,896085.0,Historique Loto de mai 1976 à octobre 2008
1993-03-03,36,30,32,47,28,11,7782075.0,Historique Loto de mai 1976 à octobre 2008
1993-03-03,11,2,37,25,18,10,3643240.0,Historique Loto de mai 1976 à octobre 2008
1993-03-06,7,26,47,27,16,36,10910615.0,Historique Loto de mai 1976 à octobre 2008
1993-03-06,12,36,29,16,37,27,21528340.0,Historique Loto de mai 1976 à octobre 2008
1993-03-10,31,12,49,23,43,24,1762505.0,Historique Loto de mai 1976 à octobre 2008
1993-03-10,34,30,42,20,35,8,0.0,Historique Loto de mai 1976 à octobre 2008
1993-03-13,3,33,15,43,47,23,10768620.0,Historique Loto de mai 1976 à octobre 2008
1993-03-13,20,3,23,39,18,17,10623180.0,Historique Loto de mai 1976 à octobre 2008
1993-03-17,8,41,2,14,11,7,913695.0,Historique Loto de mai 1976 à octobre 2008
1993-03-17,40,43,38,28,19,30,15741805.0,Historique Loto de mai 1976 à octobre 2008
1993-03-20,8,25,49,21,5,13,10601370.0,Historique Loto de mai 1976 à octobre 2008
1993-03-20,42,38,30,6,46,14,0.0,Historique Loto de mai 1976 à octobre 2008
1993-03-24,49,14,13,18,4,1,3802350.0,Historique Loto de mai 1976 à octobre 2008
1993-03-24,19,27,30,17,12,39,694435.0,Historique Loto de mai 1976 à octobre 2008
1993-03-27,19,10,40,3,22,27,2450655.0,Historique Loto de mai 1976 à octobre 2008
1993-03-27,25,18,42,39,32,22,15052120.0,Historique Loto de mai 1976 à octobre 2008
1993-03-31,13,44,22,40,11,30,286405.0,Historique Loto de mai 1976 à octobre 2008
1993-03-31,17,7,22,3,39,5,1075080.0,Historique Loto de mai 1976 à octobre 2008
1993-04-03,23,40,36,5,32,29,5317185.0,Historique Loto de mai 1976 à octobre 2008
1993-04-03,5,49,14,26,38,15,10493310.0,Historique Loto de mai 1976 à octobre 2008
1993-04-07,28,15,23,7,19,36,288990.0,Historique Loto de mai 1976 à octobre 2008
1993-04-07,11,37,35,7,33,34,948920.0,Historique Loto de mai 1976 à octobre 2008
1993-04-10,47,39,45,12,37,23,0.0,Historique Loto de mai 1976 à octobre 2008
1993-04-10,42,40,16,25,28,4,0.0,Historique Loto de mai 1976 à octobre 2008
1993-04-14,35,4,15,30,46,39,0.0,Historique Loto de mai 1976 à octobre 2008
1993-04-14,4,30,12,9,23,25,924400.0,Historique Loto de mai 1976 à octobre 2008
1993-04-17,39,30,23,14,16,3,0.0,Historique Loto de mai 1976 à octobre 2008
1993-04-17,9,48,31,43,34,13,0.0,Historique Loto de mai 1976 à octobre 2008
1993-04-21,19,13,37,38,17,24,15363635.0,Historique Loto de mai 1976 à octobre 2008
1993-04-21,36,45,25,12,42,28,445990.0,Historique Loto de mai 1976 à octobre 2008
1993-04-24,41,14,38,29,4,21,54845655.0,Historique Loto de mai 1976 à octobre 2008
1993-04-24,1,27,10,22,13,11,2346430.0,Historique Loto de mai 1976 à octobre 2008
1993-04-28,47,45,43,4,27,35,0.0,Historique Loto de mai 1976 à octobre 2008
1993-04-28,27,30,16,37,49,19,3926495.0,Historique Loto de mai 1976 à octobre 2008
1993-05-01,29,45,15,7,33,40,1174015.0,Historique Loto de mai 1976 à octobre 2008
1993-05-01,25,6,34,16,7,29,10442565.0,Historique Loto de mai 1976 à octobre 2008
1993-05-05,6,40,46,27,21,31,625725.0,Historique Loto de mai 1976 à octobre 2008
1993-05-05,15,37,26,11,20,32,3000265.0,Historique Loto de mai 1976 à octobre 2008
1993-05-08,1,31,20,30,11,2,10813090.0,Historique Loto de mai 1976 à octobre 2008
1993-05-08,9,8,34,36,15,31,21370470.0,Historique Loto de mai 1976 à octobre 2008
1993-05-12,11,16,49,22,21,41,1794865.0,Historique Loto de mai 1976 à octobre 2008
1993-05-12,17,40,21,34,27,29,7888985.0,Historique Loto de mai 1976 à octobre 2008
1993-05-15,21,47,1,28,6,20,7371020.0,Historique Loto de mai 1976 à octobre 2008
1993-05-15,21,39,22,6,44,18,5594360.0,Historique Loto de mai 1976 à octobre 2008
1993-05-19,2,27,12,43,28,37,1758055.0,Historique Loto de mai 1976 à octobre 2008
1993-05-19,40,45,4,23,8,34,2574475.0,Historique Loto de mai 1976 à octobre 2008
1993-05-22,28,6,22,19,20,29,3527860.0,Historique Loto de mai 1976 à octobre 2008
1993-05-22,43,36,6,49,31,23,3486125.0,Historique Loto de mai 1976 à octobre 2008
1993-05-26,23,3,16,47,35,33,181705.0,Historique Loto de mai 1976 à octobre 2008
1993-05-26,2,39,35,3,6,9,7577540.0,Historique Loto de mai 1976 à octobre 2008
1993-05-29,33,39,1,42,8,16,0.0,Historique Loto de mai 1976 à octobre 2008
1993-05-29,36,18,17,16,20,23,10473730.0,Historique Loto de mai 1976 à octobre 2008
1993-06-02,37,6,5,1,46,44,3360505.0,Historique Loto de mai 1976 à octobre 2008
1993-06-02,30,18,47,14,31,11,3684720.0,Historique Loto de mai 1976 à octobre 2008
1993-06-05,3,30,9,46,19,2,3036175.0,Historique Loto de mai 1976 à octobre 2008
1993-06-05,19,15,2,45,49,22,11862465.0,Historique Loto de mai 1976 à octobre 2008
1993-06-09,18,33,39,44,4,23,3703365.0,Historique Loto de mai 1976 à octobre 2008
1993-06-09,6,47,11,34,42,45,844020.0,Historique Loto de mai 1976 à octobre 2008
1993-06-12,34,40,48,44,28,32,0.0,Historique Loto de mai 1976 à octobre 2008
1993-06-12,10,47,33,39,42,25,0.0,Historique Loto de mai 1976 à octobre 2008
1993-06-16,14,31,27,45,35,21,0.0,Historique Loto de mai 1976 à octobre 2008
1993-06-16,29,34,25,15,14,31,3737600.0,Historique Loto de mai 1976 à octobre 2008
1993-06-19,39,42,22,37,9,29,0.0,Historique Loto de mai 1976 à octobre 2008
1993-06-19,2,40,16,46,8,41,29468080.0,Historique Loto de mai 1976 à octobre 2008
1993-06-23,6,40,32,13,38,15,2063845.0,Historique Loto de mai 1976 à octobre 2008
1993-06-23,23,17,16,48,12,22,13569010.0,Historique Loto de mai 1976 à octobre 2008
1993-06-26,22,24,21,47,40,2,0.0,Historique Loto de mai 1976 à octobre 2008
1993-06-26,16,31,2,4,28,24,589940.0,Historique Loto de mai 1976 à octobre 2008
1993-06-30,34,14,11,36,26,38,581045.0,Historique Loto de mai 1976 à octobre 2008
1993-06-30,22,20,11,28,44,3,3833290.0,Historique Loto de mai 1976 à octobre 2008
1993-07-03,5,2,42,20,27,17,13478785.0,Historique Loto de mai 1976 à octobre 2008
1993-07-03,15,47,42,11,13,37,12531125.0,Historique Loto de mai 1976 à octobre 2008
1993-07-07,37,34,28,36,48,35,0.0,Historique Loto de mai 1976 à octobre 2008
1993-07-07,37,25,35,32,8,3,2515735.0,Historique Loto de mai 1976 à octobre 2008
1993-07-10,45,32,4,8,3,36,2194460.0,Historique Loto de mai 1976 à octobre 2008
1993-07-10,40,20,25,49,45,37,10856665.0,Historique Loto de mai 1976 à octobre 2008
1993-07-14,43,12,9,2,10,26,669755.0,Historique Loto de mai 1976 à octobre 2008
1993-07-14,46,7,45,9,38,35,5319485.0,Historique Loto de mai 1976 à octobre 2008
1993-07-17,10,23,34,40,48,11,10626280.0,Historique Loto de mai 1976 à octobre 2008
1993-07-17,35,36,29,31,37,25,0.0,Historique Loto de mai 1976 à octobre 2008
1993-07-21,20,49,9,40,32,21,1115715.0,Historique Loto de mai 1976 à octobre 2008
1993-07-21,34,35,23,43,24,22,0.0,Historique Loto de mai 1976 à octobre 2008
1993-07-24,23,42,45,30,33,11,0.0,Historique Loto de mai 1976 à octobre 2008
1993-07-24,44,13,42,26,38,7,9171700.0,Historique Loto de mai 1976 à octobre 2008
1993-07-28,31,25,8,19,44,39,1713335.0,Historique Loto de mai 1976 à octobre 2008
1993-07-28,48,3,49,20,7,46,15892935.0,Historique Loto de mai 1976 à octobre 2008
1993-07-31,3,4,26,19,43,12,5853540.0,Historique Loto de mai 1976 à octobre 2008
1993-07-31,8,26,9,35,5,41,35147305.0,Historique Loto de mai 1976 à octobre 2008
1993-08-04,44,21,4,8,45,22,800830.0,Historique Loto de mai 1976 à octobre 2008
1993-08-04,3,24,34,45,44,21,7136830.0,Historique Loto de mai 1976 à octobre 2008
1993-08-07,7,46,35,22,48,37,0.0,Historique Loto de mai 1976 à octobre 2008
1993-08-07,27,48,17,4,20,41,5063995.0,Historique Loto de mai 1976 à octobre 2008
1993-08-11,8,14,34,49,6,19,7095805.0,Historique Loto de mai 1976 à octobre 2008
1993-08-11,9,46,10,26,18,28,795630.0,Historique Loto de mai 1976 à octobre 2008
1993-08-14,27,47,20,31,8,16,0.0,Historique Loto de mai 1976 à octobre 2008
1993-08-14,44,30,9,17,41,34,23399615.0,Historique Loto de mai 1976 à octobre 2008
1993-08-18,12,49,45,30,24,17,784385.0,Historique Loto de mai 1976 à octobre 2008
1993-08-18,8,35,39,14,20,34,1748625.0,Historique Loto de mai 1976 à octobre 2008
1993-08-21,9,7,44,48,20,16,11442040.0,Historique Loto de mai 1976 à octobre 2008
1993-08-21,4,28,40,46,10,22,0.0,Historique Loto de mai 1976 à octobre 2008
1993-08-25,15,17,3,1,2,29,396905.0,Historique Loto de mai 1976 à octobre 2008
1993-08-25,39,46,44,12,22,35,2360255.0,Historique Loto de mai 1976 à octobre 2008
1993-08-28,21,3,47,35,17,2,1732335.0,Historique Loto de mai 1976 à octobre 2008
1993-08-28,37,30,27,18,49,25,31979665.0,Historique Loto de mai 1976 à octobre 2008
1993-09-01,29,19,8,44,23,38,3661215.0,Historique Loto de mai 1976 à octobre 2008
1993-09-01,1,38,12,7,14,20,410255.0,Historique Loto de mai 1976 à octobre 2008
1993-09-04,47,36,46,32,37,33,10817175.0,Historique Loto de mai 1976 à octobre 2008
1993-09-04,38,1,7,5,49,15,5394755.0,Historique Loto de mai 1976 à octobre 2008
1993-09-08,1,42,22,23,43,29,3273310.0,Historique Loto de mai 1976 à octobre 2008
1993-09-08,40,10,49,47,15,28,3652920.0,Historique Loto de mai 1976 à octobre 2008
1993-09-11,14,32,36,11,7,33,1324625.0,Historique Loto de mai 1976 à octobre 2008
1993-09-11,10,31,47,38,14,40,0.0,Historique Loto de mai 1976 à octobre 2008
1993-09-15,30,35,9,44,19,46,801915.0,Historique Loto de mai 1976 à octobre 2008
1993-09-15,32,34,29,43,45,7,0.0,Historique Loto de mai 1976 à octobre 2008
1993-09-18,49,36,18,17,32,39,0.0,Historique Loto de mai 1976 à octobre 2008
1993-09-18,29,37,25,33,13,38,6514405.0,Historique Loto de mai 1976 à octobre 2008
1993-09-22,4,10,7,38,11,3,543710.0,Historique Loto de mai 1976 à octobre 2008
1993-09-22,44,22,1,7,24,42,2572740.0,Historique Loto de mai 1976 à octobre 2008
1993-09-25,15,13,27,12,11,38,5940735.0,Historique Loto de mai 1976 à octobre 2008
1993-09-25,5,44,45,7,17,14,5480650.0,Historique Loto de mai 1976 à octobre 2008
1993-09-29,41,9,31,11,10,38,2359190.0,Historique Loto de mai 1976 à octobre 2008
1993-09-29,5,47,39,44,23,43,1057840.0,Historique Loto de mai 1976 à octobre 2008
1993-10-02,43,10,29,1,27,35,1716125.0,Historique Loto de mai 1976 à octobre 2008
1993-10-02,39,40,15,9,27,37,4107010.0,Historique Loto de mai 1976 à octobre 2008
1993-10-06,30,46,3,7,39,26,793885.0,Historique Loto de mai 1976 à octobre 2008
1993-10-06,46,9,14,1,35,10,2358470.0,Historique Loto de mai 1976 à octobre 2008
1993-10-09,31,44,2,41,49,22,5116080.0,Historique Loto de mai 1976 à octobre 2008
1993-10-09,45,32,13,18,43,44,20397285.0,Historique Loto de mai 1976 à octobre 2008
1993-10-13,18,29,4,15,42,33,637890.0,Historique Loto de mai 1976 à octobre 2008
1993-10-13,43,48,32,11,13,6,3552415.0,Historique Loto de mai 1976 à octobre 2008
1993-10-16,18,39,29,9,7,45,1683720.0,Historique Loto de mai 1976 à octobre 2008
1993-10-16,49,4,47,9,45,31,20137490.0,Historique Loto de mai 1976 à octobre 2008
1993-10-20,39,9,27,15,26,25,1395880.0,Historique Loto de mai 1976 à octobre 2008
1993-10-20,18,49,14,23,38,16,0.0,Historique Loto de mai 1976 à octobre 2008
1993-10-23,6,13,35,24,20,21,3288105.0,Historique Loto de mai 1976 à octobre 2008
1993-10-23,46,15,27,28,25,43,0.0,Historique Loto de mai 1976 à octobre 2008
1993-10-27,2,33,14,1,34,6,3209845.0,Historique Loto de mai 1976 à octobre 2008
1993-10-27,13,22,43,16,15,5,0.0,Historique Loto de mai 1976 à octobre 2008
1993-10-30,42,38,11,10,14,3,5735765.0,Historique Loto de mai 1976 à octobre 2008
1993-10-30,9,17,19,36,13,31,14194165.0,Historique Loto de mai 1976 à octobre 2008
1993-11-03,46,19,24,3,48,30,402200.0,Historique Loto de mai 1976 à octobre 2008
1993-11-03,14,38,6,43,20,23,7560855.0,Historique Loto de mai 1976 à octobre 2008
1993-11-06,49,6,18,44,40,17,3381300.0,Historique Loto de mai 1976 à octobre 2008
1993-11-06,21,38,33,14,49,26,10112355.0,Historique Loto de mai 1976 à octobre 2008
1993-11-10,40,45,35,21,5,6,0.0,Historique Loto de mai 1976 à octobre 2008
1993-11-10,30,40,45,10,22,9,3496735.0,Historique Loto de mai 1976 à octobre 2008
1993-11-13,6,4,20,39,31,23,3319380.0,Historique Loto de mai 1976 à octobre 2008
1993-11-13,35,26,33,11,49,38,0.0,Historique Loto de mai 1976 à octobre 2008
1993-11-17,49,41,24,33,46,43,3922350.0,Historique Loto de mai 1976 à octobre 2008
1993-11-17,23,7,9,27,26,39,1097500.0,Historique Loto de mai 1976 à octobre 2008
1993-11-20,9,39,17,29,47,18,42902920.0,Historique Loto de mai 1976 à octobre 2008
1993-11-20,33,2,4,36,3,15,3846090.0,Historique Loto de mai 1976 à octobre 2008
1993-11-24,24,22,40,25,42,11,1560635.0,Historique Loto de mai 1976 à octobre 2008
1993-11-24,11,35,8,14,20,36,1159830.0,Historique Loto de mai 1976 à octobre 2008
1993-11-27,49,43,41,7,38,2,5023580.0,Historique Loto de mai 1976 à octobre 2008
1993-11-27,3,45,35,18,49,15,20031050.0,Historique Loto de mai 1976 à octobre 2008
1993-12-01,19,12,13,41,40,45,1558555.0,Historique Loto de mai 1976 à octobre 2008
1993-12-01,2,8,24,10,26,12,2316360.0,Historique Loto de mai 1976 à octobre 2008
1993-12-04,19,8,2,27,21,18,3318840.0,Historique Loto de mai 1976 à octobre 2008
1993-12-04,23,20,36,46,14,25,19851170.0,Historique Loto de mai 1976 à octobre 2008
1993-12-08,14,44,3,11,40,25,1568535.0,Historique Loto de mai 1976 à octobre 2008
1993-12-08,2,21,25,9,5,33,1165680.0,Historique Loto de mai 1976 à octobre 2008
1993-12-11,38,15,40,46,19,6,19707670.0,Historique Loto de mai 1976 à octobre 2008
1993-12-11,35,43,40,27,32,15,0.0,Historique Loto de mai 1976 à octobre 2008
1993-12-15,23,1,37,34,42,26,3122675.0,Historique Loto de mai 1976 à octobre 2008
1993-12-15,13,33,5,46,21,44,1392135.0,Historique Loto de mai 1976 à octobre 2008
1993-12-18,49,23,6,24,17,8,1607730.0,Historique Loto de mai 1976 à octobre 2008
1993-12-18,17,20,47,29,39,4,0.0,Historique Loto de mai 1976 à octobre 2008
1993-12-22,15,32,12,21,2,14,2045520.0,Historique Loto de mai 1976 à octobre 2008
1993-12-22,45,4,24,43,37,8,8047440.0,Historique Loto de mai 1976 à octobre 2008
1993-12-25,10,49,27,33,36,39,13379270.0,Historique Loto de mai 1976 à octobre 2008
1993-12-25,8,43,40,12,2,11,20261075.0,Historique Loto de mai 1976 à octobre 2008
1993-12-29,7,27,6,38,33,44,0.0,Historique Loto de mai 1976 à octobre 2008
1993-12-29,12,39,21,45,32,40,7562955.0,Historique Loto de mai 1976 à octobre 2008
1994-01-01,25,11,22,2,28,5,2731615.0,Historique Loto de mai 1976 à octobre 2008
1994-01-01,38,39,33,30,17,31,59726340.0,Historique Loto de mai 1976 à octobre 2008
1994-01-05,4,8,26,14,38,7,1978215.0,Historique Loto de mai 1976 à octobre 2008
1994-01-05,27,32,26,6,39,28,3671070.0,Historique Loto de mai 1976 à octobre 2008
1994-01-08,44,9,23,29,19,22,7663645.0,Historique Loto de mai 1976 à octobre 2008
1994-01-08,27,43,32,24,48,35,1921795.0,Historique Loto de mai 1976 à octobre 2008
1994-01-12,12,13,14,35,36,45,873970.0,Historique Loto de mai 1976 à octobre 2008
1994-01-12,27,41,40,43,44,31,3911085.0,Historique Loto de mai 1976 à octobre 2008
1994-01-15,29,3,5,13,8,44,865290.0,Historique Loto de mai 1976 à octobre 2008
1994-01-15,43,10,47,19,44,7,0.0,Historique Loto de mai 1976 à octobre 2008
1994-01-19,18,13,35,19,45,47,1698795.0,Historique Loto de mai 1976 à octobre 2008
1994-01-19,39,24,19,46,6,41,1266140.0,Historique Loto de mai 1976 à octobre 2008
1994-01-22,42,30,25,35,10,5,4292885.0,Historique Loto de mai 1976 à octobre 2008
1994-01-22,45,42,19,12,25,28,24081040.0,Historique Loto de mai 1976 à octobre 2008
1994-01-26,15,39,6,16,29,33,0.0,Historique Loto de mai 1976 à octobre 2008
1994-01-26,22,16,20,1,4,34,1490045.0,Historique Loto de mai 1976 à octobre 2008
1994-01-29,24,26,23,41,36,35,10901600.0,Historique Loto de mai 1976 à octobre 2008
1994-01-29,43,3,14,11,6,22,10929910.0,Historique Loto de mai 1976 à octobre 2008
1994-02-02,23,4,36,19,29,37,870230.0,Historique Loto de mai 1976 à octobre 2008
1994-02-02,45,10,11,28,22,34,2557420.0,Historique Loto de mai 1976 à octobre 2008
1994-02-05,19,43,6,5,1,33,2170420.0,Historique Loto de mai 1976 à octobre 2008
1994-02-05,26,14,23,18,43,35,7217950.0,Historique Loto de mai 1976 à octobre 2008
1994-02-09,34,24,41,3,18,10,3333845.0,Historique Loto de mai 1976 à octobre 2008
1994-02-09,1,4,24,25,22,15,0.0,Historique Loto de mai 1976 à octobre 2008
1994-02-12,7,11,17,30,1,49,1771445.0,Historique Loto de mai 1976 à octobre 2008
1994-02-12,49,4,13,6,2,15,2356725.0,Historique Loto de mai 1976 à octobre 2008
1994-02-16,49,14,25,15,19,28,486690.0,Historique Loto de mai 1976 à octobre 2008
1994-02-16,42,43,21,23,8,36,3020020.0,Historique Loto de mai 1976 à octobre 2008
1994-02-19,38,12,43,31,24,46,611300.0,Historique Loto de mai 1976 à octobre 2008
1994-02-19,29,39,32,28,27,24,20737475.0,Historique Loto de mai 1976 à octobre 2008
1994-02-23,39,22,38,10,36,9,3218290.0,Historique Loto de mai 1976 à octobre 2008
1994-02-23,13,1,30,47,3,40,7195075.0,Historique Loto de mai 1976 à octobre 2008
1994-02-26,44,41,15,33,45,21,10155555.0,Historique Loto de mai 1976 à octobre 2008
1994-02-26,22,36,5,2,38,23,0.0,Historique Loto de mai 1976 à octobre 2008
1994-03-02,10,32,7,33,24,9,3589265.0,Historique Loto de mai 1976 à octobre 2008
1994-03-02,38,19,37,44,9,1,1070600.0,Historique Loto de mai 1976 à octobre 2008
1994-03-05,20,45,49,26,37,36,22525765.0,Historique Loto de mai 1976 à octobre 2008
1994-03-05,7,20,26,39,28,19,4126815.0,Historique Loto de mai 1976 à octobre 2008
1994-03-09,32,39,38,43,44,10,1082070.0,Historique Loto de mai 1976 à octobre 2008
1994-03-09,23,32,46,35,6,48,7260495.0,Historique Loto de mai 1976 à octobre 2008
1994-03-12,44,47,5,35,20,1,0.0,Historique Loto de mai 1976 à octobre 2008
1994-03-12,46,25,21,8,13,48,0.0,Historique Loto de mai 1976 à octobre 2008
1994-03-16,42,1,32,47,41,11,3247445.0,Historique Loto de mai 1976 à octobre 2008
1994-03-16,42,21,35,41,48,43,7254165.0,Historique Loto de mai 1976 à octobre 2008
1994-03-19,49,1,19,18,47,5,3279820.0,Historique Loto de mai 1976 à octobre 2008
1994-03-19,15,32,7,16,39,35,0.0,Historique Loto de mai 1976 à octobre 2008
1994-03-23,45,2,40,16,22,25,0.0,Historique Loto de mai 1976 à octobre 2008
1994-03-23,33,25,49,27,34,38,1435525.0,Historique Loto de mai 1976 à octobre 2008
1994-03-26,31,13,47,24,6,12,13069520.0,Historique Loto de mai 1976 à octobre 2008
1994-03-26,47,27,17,6,34,19,8378390.0,Historique Loto de mai 1976 à octobre 2008
1994-03-30,13,43,42,45,44,6,3316320.0,Historique Loto de mai 1976 à octobre 2008
1994-03-30,4,36,15,11,13,27,5282760.0,Historique Loto de mai 1976 à octobre 2008
1994-04-02,3,45,31,15,32,14,10987170.0,Historique Loto de mai 1976 à octobre 2008
1994-04-02,1,36,46,13,43,27,5492965.0,Historique Loto de mai 1976 à octobre 2008
1994-04-06,28,36,16,31,29,3,788945.0,Historique Loto de mai 1976 à octobre 2008
1994-04-06,12,17,32,1,7,9,1176415.0,Historique Loto de mai 1976 à octobre 2008
1994-04-09,39,29,23,13,12,17,10684465.0,Historique Loto de mai 1976 à octobre 2008
1994-04-09,25,7,4,48,6,18,10676835.0,Historique Loto de mai 1976 à octobre 2008
1994-04-13,26,4,11,21,43,33,1620730.0,Historique Loto de mai 1976 à octobre 2008
1994-04-13,26,5,32,2,6,28,3622720.0,Historique Loto de mai 1976 à octobre 2008
1994-04-16,17,21,19,16,7,3,5255830.0,Historique Loto de mai 1976 à octobre 2008
1994-04-16,6,13,35,43,31,3,21006540.0,Historique Loto de mai 1976 à octobre 2008
1994-04-20,10,33,12,34,4,20,2363590.0,Historique Loto de mai 1976 à octobre 2008
1994-04-20,30,12,48,34,4,24,316845.0,Historique Loto de mai 1976 à octobre 2008
1994-04-23,33,45,1,20,34,16,0.0,Historique Loto de mai 1976 à octobre 2008
1994-04-23,39,17,28,46,38,41,0.0,Historique Loto de mai 1976 à octobre 2008
1994-04-27,26,4,24,5,48,25,1034305.0,Historique Loto de mai 1976 à octobre 2008
1994-04-27,1,39,23,11,44,29,2312840.0,Historique Loto de mai 1976 à octobre 2008
1994-04-30,49,30,47,3,27,25,6017545.0,Historique Loto de mai 1976 à octobre 2008
1994-04-30,33,32,36,21,27,18,55533720.0,Historique Loto de mai 1976 à octobre 2008
1994-05-04,16,42,9,45,28,30,347045.0,Historique Loto de mai 1976 à octobre 2008
1994-05-04,6,2,26,8,20,18,1397655.0,Historique Loto de mai 1976 à octobre 2008
1994-05-07,49,40,28,17,32,31,5127925.0,Historique Loto de mai 1976 à octobre 2008
1994-05-07,9,36,10,1,33,12,10253450.0,Historique Loto de mai 1976 à octobre 2008
1994-05-11,43,37,13,8,45,46,1038335.0,Historique Loto de mai 1976 à octobre 2008
1994-05-11,11,38,19,3,31,43,1741790.0,Historique Loto de mai 1976 à octobre 2008
1994-05-14,12,36,26,21,11,45,0.0,Historique Loto de mai 1976 à octobre 2008
1994-05-14,21,17,15,5,13,1,458665.0,Historique Loto de mai 1976 à octobre 2008
1994-05-18,13,42,6,3,41,33,1036580.0,Historique Loto de mai 1976 à octobre 2008
1994-05-18,10,9,25,33,12,48,365990.0,Historique Loto de mai 1976 à octobre 2008
1994-05-21,21,37,47,8,41,19,11675605.0,Historique Loto de mai 1976 à octobre 2008
1994-05-21,15,25,2,11,19,42,15433275.0,Historique Loto de mai 1976 à octobre 2008
1994-05-25,27,43,36,35,3,34,1496670.0,Historique Loto de mai 1976 à octobre 2008
1994-05-25,28,10,27,26,46,32,0.0,Historique Loto de mai 1976 à octobre 2008
1994-05-28,32,16,35,31,1,43,10125205.0,Historique Loto de mai 1976 à octobre 2008
1994-05-28,49,29,19,41,6,42,20245095.0,Historique Loto de mai 1976 à octobre 2008
1994-06-01,11,29,23,28,42,25,3201820.0,Historique Loto de mai 1976 à octobre 2008
1994-06-01,20,48,7,6,24,46,2267690.0,Historique Loto de mai 1976 à octobre 2008
1994-06-04,26,13,46,11,47,8,3336680.0,Historique Loto de mai 1976 à octobre 2008
1994-06-04,45,9,26,6,13,46,3335660.0,Historique Loto de mai 1976 à octobre 2008
1994-06-08,37,28,12,19,46,36,277550.0,Historique Loto de mai 1976 à octobre 2008
1994-06-08,39,41,7,15,46,30,6829925.0,Historique Loto de mai 1976 à octobre 2008
1994-06-11,1,20,18,44,38,15,9913435.0,Historique Loto de mai 1976 à octobre 2008
1994-06-11,44,26,48,40,15,24,4958945.0,Historique Loto de mai 1976 à octobre 2008
1994-06-15,18,5,41,49,3,12,3375095.0,Historique Loto de mai 1976 à octobre 2008
1994-06-15,47,7,5,24,12,35,188725.0,Historique Loto de mai 1976 à octobre 2008
1994-06-18,9,40,29,8,7,26,0.0,Historique Loto de mai 1976 à octobre 2008
1994-06-18,9,37,38,29,2,47,0.0,Historique Loto de mai 1976 à octobre 2008
1994-06-22,4,33,9,39,35,13,3742300.0,Historique Loto de mai 1976 à octobre 2008
1994-06-22,39,17,10,34,33,24,0.0,Historique Loto de mai 1976 à octobre 2008
1994-06-25,17,23,16,18,42,40,13379805.0,Historique Loto de mai 1976 à octobre 2008
1994-06-25,3,36,7,24,49,15,6762640.0,Historique Loto de mai 1976 à octobre 2008
1994-06-29,36,1,8,9,44,39,3553475.0,Historique Loto de mai 1976 à octobre 2008
1994-06-29,35,28,5,18,19,11,9696975.0,Historique Loto de mai 1976 à octobre 2008
1994-07-02,26,30,18,11,48,29,5915360.0,Historique Loto de mai 1976 à octobre 2008
1994-07-02,32,20,31,14,3,5,52281255.0,Historique Loto de mai 1976 à octobre 2008
1994-07-06,17,8,22,7,38,11,1157890.0,Historique Loto de mai 1976 à octobre 2008
1994-07-06,37,20,34,15,12,5,1549875.0,Historique Loto de mai 1976 à octobre 2008
1994-07-09,48,16,12,46,22,27,10011320.0,Historique Loto de mai 1976 à octobre 2008
1994-07-09,19,12,15,17,36,21,20033810.0,Historique Loto de mai 1976 à octobre 2008
1994-07-13,28,31,22,18,34,7,3035500.0,Historique Loto de mai 1976 à octobre 2008
1994-07-13,47,32,39,33,2,14,0.0,Historique Loto de mai 1976 à octobre 2008
1994-07-16,18,19,27,42,35,28,4694395.0,Historique Loto de mai 1976 à octobre 2008
1994-07-16,45,13,10,30,27,17,0.0,Historique Loto de mai 1976 à octobre 2008
1994-07-20,16,42,22,3,49,44,1031500.0,Historique Loto de mai 1976 à octobre 2008
1994-07-20,10,13,24,49,30,41,15750540.0,Historique Loto de mai 1976 à octobre 2008
1994-07-23,42,29,30,35,38,21,3739735.0,Historique Loto de mai 1976 à octobre 2008
1994-07-23,34,7,2,21,18,31,8255950.0,Historique Loto de mai 1976 à octobre 2008
1994-07-27,45,21,3,13,15,2,978200.0,Historique Loto de mai 1976 à octobre 2008
1994-07-27,45,1,37,33,12,28,3286505.0,Historique Loto de mai 1976 à octobre 2008
1994-07-30,31,38,36,23,4,34,6351960.0,Historique Loto de mai 1976 à octobre 2008
1994-07-30,24,19,18,32,41,2,1587210.0,Historique Loto de mai 1976 à octobre 2008
1994-08-03,20,30,48,25,36,4,6428015.0,Historique Loto de mai 1976 à octobre 2008
1994-08-03,46,23,15,48,25,5,2872635.0,Historique Loto de mai 1976 à octobre 2008
1994-08-06,49,26,36,9,24,17,4592305.0,Historique Loto de mai 1976 à octobre 2008
1994-08-06,1,28,46,18,36,24,6124035.0,Historique Loto de mai 1976 à octobre 2008
1994-08-10,9,13,32,26,29,42,954595.0,Historique Loto de mai 1976 à octobre 2008
1994-08-10,43,41,20,22,38,19,2136470.0,Historique Loto de mai 1976 à octobre 2008
1994-08-13,4,6,17,27,42,48,9251825.0,Historique Loto de mai 1976 à octobre 2008
1994-08-13,23,30,13,7,38,45,18504200.0,Historique Loto de mai 1976 à octobre 2008
1994-08-17,45,43,18,19,49,44,559285.0,Historique Loto de mai 1976 à octobre 2008
1994-08-17,25,49,12,18,15,45,3128775.0,Historique Loto de mai 1976 à octobre 2008
1994-08-20,38,2,19,44,41,32,0.0,Historique Loto de mai 1976 à octobre 2008
1994-08-20,18,23,2,24,38,25,9181495.0,Historique Loto de mai 1976 à octobre 2008
1994-08-24,34,29,8,15,48,45,1064545.0,Historique Loto de mai 1976 à octobre 2008
1994-08-24,48,6,5,34,13,47,1434930.0,Historique Loto de mai 1976 à octobre 2008
1994-08-27,13,46,25,31,17,22,283175.0,Historique Loto de mai 1976 à octobre 2008
1994-08-27,12,21,13,11,18,14,15311015.0,Historique Loto de mai 1976 à octobre 2008
1994-08-31,47,12,1,30,37,6,1484190.0,Historique Loto de mai 1976 à octobre 2008
1994-08-31,19,11,1,46,15,22,1652685.0,Historique Loto de mai 1976 à octobre 2008
1994-09-03,2,9,22,49,31,27,9644500.0,Historique Loto de mai 1976 à octobre 2008
1994-09-03,4,26,15,48,9,12,9646265.0,Historique Loto de mai 1976 à octobre 2008
1994-09-07,22,13,19,41,42,49,3018150.0,Historique Loto de mai 1976 à octobre 2008
1994-09-07,26,1,6,5,43,9,6723145.0,Historique Loto de mai 1976 à octobre 2008
1994-09-10,42,27,19,1,31,13,2453020.0,Historique Loto de mai 1976 à octobre 2008
1994-09-10,46,15,20,1,33,30,9810895.0,Historique Loto de mai 1976 à octobre 2008
1994-09-14,17,39,21,28,26,24,1520525.0,Historique Loto de mai 1976 à octobre 2008
1994-09-14,16,8,47,10,31,14,0.0,Historique Loto de mai 1976 à octobre 2008
1994-09-17,38,28,27,34,17,31,9654515.0,Historique Loto de mai 1976 à octobre 2008
1994-09-17,46,10,49,14,24,35,19303625.0,Historique Loto de mai 1976 à octobre 2008
1994-09-21,14,15,39,45,20,18,3223740.0,Historique Loto de mai 1976 à octobre 2008
1994-09-21,4,7,26,31,21,27,15976330.0,Historique Loto de mai 1976 à octobre 2008
1994-09-24,20,6,9,41,45,12,0.0,Historique Loto de mai 1976 à octobre 2008
1994-09-24,31,35,48,12,44,19,19092310.0,Historique Loto de mai 1976 à octobre 2008
1994-09-28,12,33,32,9,4,20,1506310.0,Historique Loto de mai 1976 à octobre 2008
1994-09-28,46,8,37,31,38,16,0.0,Historique Loto de mai 1976 à octobre 2008
1994-10-01,6,13,43,21,28,48,2653065.0,Historique Loto de mai 1976 à octobre 2008
1994-10-01,14,47,31,9,38,45,30826750.0,Historique Loto de mai 1976 à octobre 2008
1994-10-05,23,47,5,6,27,16,804450.0,Historique Loto de mai 1976 à octobre 2008
1994-10-05,7,16,38,3,2,32,3973355.0,Historique Loto de mai 1976 à octobre 2008
1994-10-08,37,39,43,24,23,19,9912360.0,Historique Loto de mai 1976 à octobre 2008
1994-10-08,40,19,14,33,12,45,2478190.0,Historique Loto de mai 1976 à octobre 2008
1994-10-12,37,28,20,47,7,14,775980.0,Historique Loto de mai 1976 à octobre 2008
1994-10-12,39,15,22,12,24,2,2305485.0,Historique Loto de mai 1976 à octobre 2008
1994-10-15,49,29,5,33,39,31,9804515.0,Historique Loto de mai 1976 à octobre 2008
1994-10-15,14,37,21,27,38,42,0.0,Historique Loto de mai 1976 à octobre 2008
1994-10-19,38,10,32,27,17,26,3051270.0,Historique Loto de mai 1976 à octobre 2008
1994-10-19,8,24,39,41,4,7,2264710.0,Historique Loto de mai 1976 à octobre 2008
1994-10-22,48,19,2,16,49,8,3778780.0,Historique Loto de mai 1976 à octobre 2008
1994-10-22,14,25,33,44,27,19,6045115.0,Historique Loto de mai 1976 à octobre 2008
1994-10-26,8,39,34,6,47,25,1536795.0,Historique Loto de mai 1976 à octobre 2008
1994-10-26,44,9,49,28,11,22,977860.0,Historique Loto de mai 1976 à octobre 2008
1994-10-29,7,9,18,16,43,37,4972415.0,Historique Loto de mai 1976 à octobre 2008
1994-10-29,31,9,46,41,13,26,9943900.0,Historique Loto de mai 1976 à octobre 2008
1994-11-02,1,33,46,43,13,36,2918260.0,Historique Loto de mai 1976 à octobre 2008
1994-11-02,46,48,36,40,18,27,3245255.0,Historique Loto de mai 1976 à octobre 2008
1994-11-05,17,38,13,8,2,36,3291750.0,Historique Loto de mai 1976 à octobre 2008
1994-11-05,48,8,13,20,18,22,9874025.0,Historique Loto de mai 1976 à octobre 2008
1994-11-09,15,32,49,1,11,33,3075030.0,Historique Loto de mai 1976 à octobre 2008
1994-11-09,19,4,22,41,18,24,1369055.0,Historique Loto de mai 1976 à octobre 2008
1994-11-12,4,46,44,48,16,8,9674945.0,Historique Loto de mai 1976 à octobre 2008
1994-11-12,21,34,41,31,49,16,0.0,Historique Loto de mai 1976 à octobre 2008
1994-11-16,13,22,32,34,14,19,1548055.0,Historique Loto de mai 1976 à octobre 2008
1994-11-16,13,36,31,48,4,33,1723225.0,Historique Loto de mai 1976 à octobre 2008
1994-11-19,6,35,37,48,29,12,0.0,Historique Loto de mai 1976 à octobre 2008
1994-11-19,2,41,31,46,20,21,42349330.0,Historique Loto de mai 1976 à octobre 2008
1994-11-23,27,2,33,15,7,40,523515.0,Historique Loto de mai 1976 à octobre 2008
1994-11-23,15,38,25,16,1,41,611585.0,Historique Loto de mai 1976 à octobre 2008
1994-11-26,40,42,24,32,23,19,11849805.0,Historique Loto de mai 1976 à octobre 2008
1994-11-26,40,41,2,49,12,1,2750935.0,Historique Loto de mai 1976 à octobre 2008
1994-11-30,22,2,16,13,9,26,236975.0,Historique Loto de mai 1976 à octobre 2008
1994-11-30,9,19,38,18,36,43,6860305.0,Historique Loto de mai 1976 à octobre 2008
1994-12-03,24,36,1,9,17,25,2509305.0,Historique Loto de mai 1976 à octobre 2008
1994-12-03,49,38,25,17,8,19,6693330.0,Historique Loto de mai 1976 à octobre 2008
1994-12-07,11,49,36,15,9,17,441550.0,Historique Loto de mai 1976 à octobre 2008
1994-12-07,16,38,19,30,4,35,1376095.0,Historique Loto de mai 1976 à octobre 2008
1994-12-10,31,4,38,37,18,48,9957305.0,Historique Loto de mai 1976 à octobre 2008
1994-12-10,27,11,42,48,18,29,6638340.0,Historique Loto de mai 1976 à octobre 2008
1994-12-14,4,42,30,45,41,25,3094150.0,Historique Loto de mai 1976 à octobre 2008
1994-12-14,34,33,44,41,36,1,2296500.0,Historique Loto de mai 1976 à octobre 2008
1994-12-17,44,34,43,31,17,2,9994245.0,Historique Loto de mai 1976 à octobre 2008
1994-12-17,49,10,21,6,1,43,1110300.0,Historique Loto de mai 1976 à octobre 2008
1994-12-21,29,39,43,4,41,48,1391115.0,Historique Loto de mai 1976 à octobre 2008
1994-12-21,16,18,45,4,23,36,6736435.0,Historique Loto de mai 1976 à octobre 2008
1994-12-24,22,15,30,47,19,49,17335070.0,Historique Loto de mai 1976 à octobre 2008
1994-12-24,23,2,28,6,14,35,12160815.0,Historique Loto de mai 1976 à octobre 2008
1994-12-28,39,43,11,29,45,36,3271390.0,Historique Loto de mai 1976 à octobre 2008
1994-12-28,32,48,6,38,36,25,0.0,Historique Loto de mai 1976 à octobre 2008
1994-12-31,15,19,24,44,35,2,12958610.0,Historique Loto de mai 1976 à octobre 2008
1994-12-31,33,24,16,46,21,18,5196315.0,Historique Loto de mai 1976 à octobre 2008
1995-01-04,44,21,15,49,13,36,667855.0,Historique Loto de mai 1976 à octobre 2008
1995-01-04,38,21,49,44,34,1,3948575.0,Historique Loto de mai 1976 à octobre 2008
1995-01-07,47,20,9,29,21,6,0.0,Historique Loto de mai 1976 à octobre 2008
1995-01-07,25,23,36,9,48,26,10523825.0,Historique Loto de mai 1976 à octobre 2008
1995-01-11,16,37,47,5,43,28,0.0,Historique Loto de mai 1976 à octobre 2008
1995-01-11,41,7,17,48,4,25,1206000.0,Historique Loto de mai 1976 à octobre 2008
1995-01-14,43,5,47,18,44,10,18996325.0,Historique Loto de mai 1976 à octobre 2008
1995-01-14,44,48,35,43,8,3,0.0,Historique Loto de mai 1976 à octobre 2008
1995-01-18,19,27,37,26,10,20,0.0,Historique Loto de mai 1976 à octobre 2008
1995-01-18,10,29,34,37,16,40,1130545.0,Historique Loto de mai 1976 à octobre 2008
1995-01-21,48,6,7,38,13,18,3812025.0,Historique Loto de mai 1976 à octobre 2008
1995-01-21,7,28,40,41,4,32,18334485.0,Historique Loto de mai 1976 à octobre 2008
1995-01-25,19,14,29,16,6,28,3382065.0,Historique Loto de mai 1976 à octobre 2008
1995-01-25,42,5,33,13,19,15,4518090.0,Historique Loto de mai 1976 à octobre 2008
1995-01-28,32,30,16,27,20,48,0.0,Historique Loto de mai 1976 à octobre 2008
1995-01-28,42,47,45,49,30,44,20739385.0,Historique Loto de mai 1976 à octobre 2008
1995-02-01,39,49,37,40,9,30,790255.0,Historique Loto de mai 1976 à octobre 2008
1995-02-01,9,31,10,48,18,11,882150.0,Historique Loto de mai 1976 à octobre 2008
1995-02-04,13,23,14,11,35,9,11167255.0,Historique Loto de mai 1976 à octobre 2008
1995-02-04,35,49,20,13,36,30,0.0,Historique Loto de mai 1976 à octobre 2008
1995-02-08,12,7,18,6,39,47,1003325.0,Historique Loto de mai 1976 à octobre 2008
1995-02-08,7,48,31,26,32,14,1048600.0,Historique Loto de mai 1976 à octobre 2008
1995-02-11,19,14,10,12,9,20,738485.0,Historique Loto de mai 1976 à octobre 2008
1995-02-11,10,28,12,25,43,21,7273860.0,Historique Loto de mai 1976 à octobre 2008
1995-02-15,37,34,38,15,16,13,3175455.0,Historique Loto de mai 1976 à octobre 2008
1995-02-15,41,27,7,1,4,28,708785.0,Historique Loto de mai 1976 à octobre 2008
1995-02-18,11,2,42,12,39,18,5200870.0,Historique Loto de mai 1976 à octobre 2008
1995-02-18,48,2,43,8,18,14,10416085.0,Historique Loto de mai 1976 à octobre 2008
1995-02-22,5,30,1,44,36,3,3080285.0,Historique Loto de mai 1976 à octobre 2008
1995-02-22,27,43,36,30,19,7,1373230.0,Historique Loto de mai 1976 à octobre 2008
1995-02-25,13,32,30,14,5,10,0.0,Historique Loto de mai 1976 à octobre 2008
1995-02-25,11,46,30,38,25,3,0.0,Historique Loto de mai 1976 à octobre 2008
1995-03-01,3,16,33,19,31,12,3039220.0,Historique Loto de mai 1976 à octobre 2008
1995-03-01,22,13,46,6,39,42,3386620.0,Historique Loto de mai 1976 à octobre 2008
1995-03-04,25,27,48,3,1,14,57045165.0,Historique Loto de mai 1976 à octobre 2008
1995-03-04,38,21,12,40,24,17,6637900.0,Historique Loto de mai 1976 à octobre 2008
1995-03-08,32,34,11,40,19,2,0.0,Historique Loto de mai 1976 à octobre 2008
1995-03-08,21,47,40,26,41,1,1638165.0,Historique Loto de mai 1976 à octobre 2008
1995-03-11,6,24,12,19,43,48,3672240.0,Historique Loto de mai 1976 à octobre 2008
1995-03-11,10,17,16,1,27,20,4411225.0,Historique Loto de mai 1976 à octobre 2008
1995-03-15,4,45,30,7,34,36,1163835.0,Historique Loto de mai 1976 à octobre 2008
1995-03-15,44,8,46,16,17,49,5045945.0,Historique Loto de mai 1976 à octobre 2008
1995-03-18,47,1,6,45,16,4,5461465.0,Historique Loto de mai 1976 à octobre 2008
1995-03-18,5,34,13,29,1,12,21867610.0,Historique Loto de mai 1976 à octobre 2008
1995-03-22,12,49,48,22,28,36,1607300.0,Historique Loto de mai 1976 à octobre 2008
1995-03-22,43,7,27,42,28,16,897340.0,Historique Loto de mai 1976 à octobre 2008
1995-03-25,33,7,10,48,22,30,813220.0,Historique Loto de mai 1976 à octobre 2008
1995-03-25,6,25,26,34,36,31,21168500.0,Historique Loto de mai 1976 à octobre 2008
1995-03-29,6,41,46,4,30,34,1434490.0,Historique Loto de mai 1976 à octobre 2008
1995-03-29,32,19,31,25,5,36,0.0,Historique Loto de mai 1976 à octobre 2008
1995-04-01,23,49,21,43,5,8,5344715.0,Historique Loto de mai 1976 à octobre 2008
1995-04-01,9,29,44,14,17,18,10694255.0,Historique Loto de mai 1976 à octobre 2008
1995-04-05,40,4,34,23,44,32,3309960.0,Historique Loto de mai 1976 à octobre 2008
1995-04-05,13,27,41,2,42,48,15788040.0,Historique Loto de mai 1976 à octobre 2008
1995-04-08,24,13,6,39,20,11,1737315.0,Historique Loto de mai 1976 à octobre 2008
1995-04-08,19,47,23,10,41,39,10431185.0,Historique Loto de mai 1976 à octobre 2008
1995-04-12,32,28,14,29,16,25,1038695.0,Historique Loto de mai 1976 à octobre 2008
1995-04-12,47,33,20,44,19,11,6949230.0,Historique Loto de mai 1976 à octobre 2008
1995-04-15,29,8,31,15,34,2,3409270.0,Historique Loto de mai 1976 à octobre 2008
1995-04-15,48,10,36,43,49,28,0.0,Historique Loto de mai 1976 à octobre 2008
1995-04-19,3,20,23,47,30,31,747340.0,Historique Loto de mai 1976 à octobre 2008
1995-04-19,42,24,37,1,8,14,1666945.0,Historique Loto de mai 1976 à octobre 2008
1995-04-22,12,35,7,37,10,3,11297550.0,Historique Loto de mai 1976 à octobre 2008
1995-04-22,13,23,37,3,44,8,45148950.0,Historique Loto de mai 1976 à octobre 2008
1995-04-26,16,4,34,44,48,19,1502215.0,Historique Loto de mai 1976 à octobre 2008
1995-04-26,5,1,43,47,39,4,0.0,Historique Loto de mai 1976 à octobre 2008
1995-04-29,4,32,10,44,15,1,3336550.0,Historique Loto de mai 1976 à octobre 2008
1995-04-29,16,13,6,2,19,42,2498170.0,Historique Loto de mai 1976 à octobre 2008
1995-05-03,41,22,16,19,27,43,5160310.0,Historique Loto de mai 1976 à octobre 2008
1995-05-03,41,5,20,48,16,21,0.0,Historique Loto de mai 1976 à octobre 2008
1995-05-06,17,2,36,43,40,46,3233035.0,Historique Loto de mai 1976 à octobre 2008
1995-05-06,19,24,12,4,29,6,9717575.0,Historique Loto de mai 1976 à octobre 2008
1995-05-10,8,24,4,22,25,49,765000.0,Historique Loto de mai 1976 à octobre 2008
1995-05-10,39,7,5,36,48,22,7520345.0,Historique Loto de mai 1976 à octobre 2008
1995-05-13,24,1,47,30,16,42,9944680.0,Historique Loto de mai 1976 à octobre 2008
1995-05-13,32,7,37,16,19,5,9961465.0,Historique Loto de mai 1976 à octobre 2008
1995-05-17,25,22,43,8,34,24,1497700.0,Historique Loto de mai 1976 à octobre 2008
1995-05-17,28,42,9,33,22,44,835905.0,Historique Loto de mai 1976 à octobre 2008
1995-05-20,26,24,49,27,15,12,0.0,Historique Loto de mai 1976 à octobre 2008
1995-05-20,49,8,26,31,37,27,4813990.0,Historique Loto de mai 1976 à octobre 2008
1995-05-24,29,11,7,17,39,49,1294185.0,Historique Loto de mai 1976 à octobre 2008
1995-05-24,14,22,19,41,21,29,2901020.0,Historique Loto de mai 1976 à octobre 2008
1995-05-27,1,7,18,6,39,13,10039470.0,Historique Loto de mai 1976 à octobre 2008
1995-05-27,25,26,38,12,24,43,30778440.0,Historique Loto de mai 1976 à octobre 2008
1995-05-31,47,17,27,39,29,2,1496780.0,Historique Loto de mai 1976 à octobre 2008
1995-05-31,19,14,2,32,1,25,6546420.0,Historique Loto de mai 1976 à octobre 2008
1995-06-03,24,13,9,47,10,7,3127135.0,Historique Loto de mai 1976 à octobre 2008
1995-06-03,49,45,14,34,2,37,0.0,Historique Loto de mai 1976 à octobre 2008
1995-06-07,43,40,23,2,5,7,569680.0,Historique Loto de mai 1976 à octobre 2008
1995-06-07,44,27,24,15,14,20,1587715.0,Historique Loto de mai 1976 à octobre 2008
1995-06-10,15,32,46,40,2,47,0.0,Historique Loto de mai 1976 à octobre 2008
1995-06-10,44,40,10,22,27,1,13431870.0,Historique Loto de mai 1976 à octobre 2008
1995-06-14,42,44,39,41,6,22,2905340.0,Historique Loto de mai 1976 à octobre 2008
1995-06-14,11,46,36,35,26,27,0.0,Historique Loto de mai 1976 à octobre 2008
1995-06-17,11,16,3,46,1,10,15655970.0,Historique Loto de mai 1976 à octobre 2008
1995-06-17,32,44,40,24,25,43,3419275.0,Historique Loto de mai 1976 à octobre 2008
1995-06-21,19,5,41,25,27,47,13525420.0,Historique Loto de mai 1976 à octobre 2008
1995-06-21,22,15,45,11,6,23,1122825.0,Historique Loto de mai 1976 à octobre 2008
1995-06-24,30,18,24,19,28,48,12265215.0,Historique Loto de mai 1976 à octobre 2008
1995-06-24,23,7,5,48,46,40,30334350.0,Historique Loto de mai 1976 à octobre 2008
1995-06-28,47,39,18,40,34,31,2981885.0,Historique Loto de mai 1976 à octobre 2008
1995-06-28,5,31,7,36,18,30,3029730.0,Historique Loto de mai 1976 à octobre 2008
1995-07-01,26,38,4,15,42,20,4699635.0,Historique Loto de mai 1976 à octobre 2008
1995-07-01,36,5,48,13,49,19,9425375.0,Historique Loto de mai 1976 à octobre 2008
1995-07-05,32,42,17,13,45,4,1426805.0,Historique Loto de mai 1976 à octobre 2008
1995-07-05,32,44,41,17,22,10,3181655.0,Historique Loto de mai 1976 à octobre 2008
1995-07-08,2,49,39,41,45,42,4606465.0,Historique Loto de mai 1976 à octobre 2008
1995-07-08,4,27,14,10,42,45,6156700.0,Historique Loto de mai 1976 à octobre 2008
1995-07-12,31,39,19,5,43,34,2074605.0,Historique Loto de mai 1976 à octobre 2008
1995-07-12,22,12,29,41,7,43,1396295.0,Historique Loto de mai 1976 à octobre 2008
1995-07-15,36,48,21,23,22,32,4380720.0,Historique Loto de mai 1976 à octobre 2008
1995-07-15,36,10,38,24,27,26,8781815.0,Historique Loto de mai 1976 à octobre 2008
1995-07-19,18,41,25,1,13,33,1372000.0,Historique Loto de mai 1976 à octobre 2008
1995-07-19,47,35,49,33,13,45,3060805.0,Historique Loto de mai 1976 à octobre 2008
1995-07-22,20,21,44,46,5,23,8807060.0,Historique Loto de mai 1976 à octobre 2008
1995-07-22,30,10,20,31,3,45,5884700.0,Historique Loto de mai 1976 à octobre 2008
1995-07-26,2,26,38,46,16,10,1356430.0,Historique Loto de mai 1976 à octobre 2008
1995-07-26,39,48,34,19,23,9,2016605.0,Historique Loto de mai 1976 à octobre 2008
1995-07-29,30,21,42,37,34,26,8783485.0,Historique Loto de mai 1976 à octobre 2008
1995-07-29,35,37,31,39,19,4,8800170.0,Historique Loto de mai 1976 à octobre 2008
1995-08-02,26,17,4,8,12,36,266200.0,Historique Loto de mai 1976 à octobre 2008
1995-08-02,42,35,10,3,6,22,2966400.0,Historique Loto de mai 1976 à octobre 2008
1995-08-05,43,12,41,27,11,47,0.0,Historique Loto de mai 1976 à octobre 2008
1995-08-05,43,1,18,14,24,6,0.0,Historique Loto de mai 1976 à octobre 2008
1995-08-09,44,22,24,18,15,21,5943940.0,Historique Loto de mai 1976 à octobre 2008
1995-08-09,29,41,34,33,5,23,2664655.0,Historique Loto de mai 1976 à octobre 2008
1995-08-12,38,19,5,39,32,37,48018160.0,Historique Loto de mai 1976 à octobre 2008
1995-08-12,23,40,42,13,41,31,11035845.0,Historique Loto de mai 1976 à octobre 2008
1995-08-16,37,10,7,14,48,25,2577640.0,Historique Loto de mai 1976 à octobre 2008
1995-08-16,13,26,24,47,39,43,2873070.0,Historique Loto de mai 1976 à octobre 2008
1995-08-19,48,1,21,35,46,13,0.0,Historique Loto de mai 1976 à octobre 2008
1995-08-19,1,24,11,21,27,18,8887785.0,Historique Loto de mai 1976 à octobre 2008
1995-08-23,17,37,46,33,16,30,2659655.0,Historique Loto de mai 1976 à octobre 2008
1995-08-23,35,14,3,7,24,12,1482515.0,Historique Loto de mai 1976 à octobre 2008
1995-08-26,10,36,1,18,27,30,2058165.0,Historique Loto de mai 1976 à octobre 2008
1995-08-26,7,6,21,27,44,5,10183305.0,Historique Loto de mai 1976 à octobre 2008
1995-08-30,19,33,40,47,36,4,913970.0,Historique Loto de mai 1976 à octobre 2008
1995-08-30,20,38,37,26,2,47,6118080.0,Historique Loto de mai 1976 à octobre 2008
1995-09-02,43,16,23,41,33,35,0.0,Historique Loto de mai 1976 à octobre 2008
1995-09-02,48,46,14,10,36,21,4593420.0,Historique Loto de mai 1976 à octobre 2008
1995-09-06,16,7,42,26,43,18,692930.0,Historique Loto de mai 1976 à octobre 2008
1995-09-06,23,3,24,25,4,18,3091500.0,Historique Loto de mai 1976 à octobre 2008
1995-09-09,15,14,39,9,34,45,0.0,Historique Loto de mai 1976 à octobre 2008
1995-09-09,22,23,35,39,38,19,39318705.0,Historique Loto de mai 1976 à octobre 2008
1995-09-13,17,14,35,5,41,32,2824870.0,Historique Loto de mai 1976 à octobre 2008
1995-09-13,11,6,25,13,46,31,1261020.0,Historique Loto de mai 1976 à octobre 2008
1995-09-16,23,4,15,29,13,6,5414495.0,Historique Loto de mai 1976 à octobre 2008
1995-09-16,42,7,29,44,17,2,32174175.0,Historique Loto de mai 1976 à octobre 2008
1995-09-20,6,32,30,42,41,10,0.0,Historique Loto de mai 1976 à octobre 2008
1995-09-20,12,46,22,7,40,18,6346775.0,Historique Loto de mai 1976 à octobre 2008
1995-09-23,14,19,47,2,40,20,3158405.0,Historique Loto de mai 1976 à octobre 2008
1995-09-23,27,43,49,44,18,7,0.0,Historique Loto de mai 1976 à octobre 2008
1995-09-27,27,22,20,40,42,15,15544155.0,Historique Loto de mai 1976 à octobre 2008
1995-09-27,37,29,33,16,41,2,2926560.0,Historique Loto de mai 1976 à octobre 2008
1995-09-30,32,5,12,18,49,35,5876125.0,Historique Loto de mai 1976 à octobre 2008
1995-09-30,22,32,13,31,14,26,5511570.0,Historique Loto de mai 1976 à octobre 2008
1995-10-04,35,6,29,31,12,28,357120.0,Historique Loto de mai 1976 à octobre 2008
1995-10-04,9,43,17,45,25,14,6377940.0,Historique Loto de mai 1976 à octobre 2008
1995-10-07,6,10,15,24,4,47,1206325.0,Historique Loto de mai 1976 à octobre 2008
1995-10-07,3,49,31,41,15,30,0.0,Historique Loto de mai 1976 à octobre 2008
1995-10-11,24,9,41,21,10,13,950535.0,Historique Loto de mai 1976 à octobre 2008
1995-10-11,32,23,19,24,10,1,2121535.0,Historique Loto de mai 1976 à octobre 2008
1995-10-14,16,31,49,41,44,18,6341220.0,Historique Loto de mai 1976 à octobre 2008
1995-10-14,21,25,38,5,16,40,44783640.0,Historique Loto de mai 1976 à octobre 2008
1995-10-18,3,8,22,23,31,12,723375.0,Historique Loto de mai 1976 à octobre 2008
1995-10-18,33,39,3,24,38,32,6462950.0,Historique Loto de mai 1976 à octobre 2008
1995-10-21,12,37,4,24,1,13,4940830.0,Historique Loto de mai 1976 à octobre 2008
1995-10-21,44,34,21,45,6,37,4930110.0,Historique Loto de mai 1976 à octobre 2008
1995-10-25,2,12,33,6,24,30,219980.0,Historique Loto de mai 1976 à octobre 2008
1995-10-25,48,29,41,39,15,47,3192175.0,Historique Loto de mai 1976 à octobre 2008
1995-10-28,9,29,40,16,1,25,3229875.0,Historique Loto de mai 1976 à octobre 2008
1995-10-28,3,45,35,48,33,1,19424415.0,Historique Loto de mai 1976 à octobre 2008
1995-11-01,21,40,6,33,13,25,526710.0,Historique Loto de mai 1976 à octobre 2008
1995-11-01,3,15,24,37,23,16,0.0,Historique Loto de mai 1976 à octobre 2008
1995-11-04,38,23,7,43,48,4,2397945.0,Historique Loto de mai 1976 à octobre 2008
1995-11-04,2,5,42,25,9,45,2136475.0,Historique Loto de mai 1976 à octobre 2008
1995-11-08,16,35,38,47,28,8,1482575.0,Historique Loto de mai 1976 à octobre 2008
1995-11-08,40,6,38,45,28,14,15510185.0,Historique Loto de mai 1976 à octobre 2008
1995-11-11,27,32,12,15,20,2,406800.0,Historique Loto de mai 1976 à octobre 2008
1995-11-11,5,20,7,4,22,35,1793660.0,Historique Loto de mai 1976 à octobre 2008
1995-11-15,18,19,36,20,25,46,2881755.0,Historique Loto de mai 1976 à octobre 2008
1995-11-15,45,25,1,16,37,47,1287020.0,Historique Loto de mai 1976 à octobre 2008
1995-11-18,16,34,22,39,8,11,1338410.0,Historique Loto de mai 1976 à octobre 2008
1995-11-18,12,28,39,29,11,45,0.0,Historique Loto de mai 1976 à octobre 2008
1995-11-22,15,28,5,36,30,14,349060.0,Historique Loto de mai 1976 à octobre 2008
1995-11-22,25,27,42,4,39,7,6230400.0,Historique Loto de mai 1976 à octobre 2008
1995-11-25,38,27,49,6,2,3,0.0,Historique Loto de mai 1976 à octobre 2008
1995-11-25,2,4,40,17,7,5,2102070.0,Historique Loto de mai 1976 à octobre 2008
1995-11-29,32,35,20,29,8,12,6234950.0,Historique Loto de mai 1976 à octobre 2008
1995-11-29,44,30,37,31,45,3,1396960.0,Historique Loto de mai 1976 à octobre 2008
1995-12-02,25,2,4,22,5,45,2441155.0,Historique Loto de mai 1976 à octobre 2008
1995-12-02,11,49,34,28,24,1,69378690.0,Historique Loto de mai 1976 à octobre 2008
1995-12-06,27,36,33,15,29,4,372675.0,Historique Loto de mai 1976 à octobre 2008
1995-12-06,48,43,37,22,20,41,2223660.0,Historique Loto de mai 1976 à octobre 2008
1995-12-09,49,20,12,42,28,40,0.0,Historique Loto de mai 1976 à octobre 2008
1995-12-09,13,44,22,46,3,27,21111840.0,Historique Loto de mai 1976 à octobre 2008
1995-12-13,41,22,32,18,4,27,995025.0,Historique Loto de mai 1976 à octobre 2008
1995-12-13,41,13,39,14,47,12,0.0,Historique Loto de mai 1976 à octobre 2008
1995-12-16,8,37,28,31,22,15,4002175.0,Historique Loto de mai 1976 à octobre 2008
1995-12-16,14,36,32,8,18,29,17841765.0,Historique Loto de mai 1976 à octobre 2008
1995-12-20,4,15,43,10,21,35,7919895.0,Historique Loto de mai 1976 à octobre 2008
1995-12-20,12,8,38,22,45,33,1595330.0,Historique Loto de mai 1976 à octobre 2008
1995-12-23,25,22,27,38,2,34,18329675.0,Historique Loto de mai 1976 à octobre 2008
1995-12-23,45,42,36,32,39,38,12727525.0,Historique Loto de mai 1976 à octobre 2008
1995-12-27,47,30,33,40,2,15,3015360.0,Historique Loto de mai 1976 à octobre 2008
1995-12-27,37,42,10,41,43,46,3379840.0,Historique Loto de mai 1976 à octobre 2008
1995-12-30,35,7,3,22,6,18,2351480.0,Historique Loto de mai 1976 à octobre 2008
1995-12-30,48,23,16,40,25,4,12725000.0,Historique Loto de mai 1976 à octobre 2008
1996-01-03,17,34,16,37,11,27,742935.0,Historique Loto de mai 1976 à octobre 2008
1996-01-03,14,21,8,19,30,7,2220235.0,Historique Loto de mai 1976 à octobre 2008
1996-01-06,16,44,36,13,27,39,3812565.0,Historique Loto de mai 1976 à octobre 2008
1996-01-06,21,14,26,9,38,35,11486305.0,Historique Loto de mai 1976 à octobre 2008
1996-01-10,5,8,16,4,46,43,509005.0,Historique Loto de mai 1976 à octobre 2008
1996-01-10,43,1,34,35,32,44,2281025.0,Historique Loto de mai 1976 à octobre 2008
1996-01-13,36,11,23,26,46,21,3177415.0,Historique Loto de mai 1976 à octobre 2008
1996-01-13,28,35,2,45,26,36,5539515.0,Historique Loto de mai 1976 à octobre 2008
1996-01-17,32,20,7,13,18,26,955060.0,Historique Loto de mai 1976 à octobre 2008
1996-01-17,48,25,15,46,4,5,1492525.0,Historique Loto de mai 1976 à octobre 2008
1996-01-20,13,48,28,45,21,36,3511560.0,Historique Loto de mai 1976 à octobre 2008
1996-01-20,30,10,36,26,17,39,21140810.0,Historique Loto de mai 1976 à octobre 2008
1996-01-24,6,4,32,47,45,16,2888205.0,Historique Loto de mai 1976 à octobre 2008
1996-01-24,13,31,10,28,34,29,6462485.0,Historique Loto de mai 1976 à octobre 2008
1996-01-27,19,40,2,24,27,21,3388440.0,Historique Loto de mai 1976 à octobre 2008
1996-01-27,38,41,45,47,44,28,6802265.0,Historique Loto de mai 1976 à octobre 2008
1996-01-31,7,6,12,17,34,39,955665.0,Historique Loto de mai 1976 à octobre 2008
1996-01-31,12,47,37,20,42,4,6414695.0,Historique Loto de mai 1976 à octobre 2008
1996-02-03,45,37,24,27,20,8,4992245.0,Historique Loto de mai 1976 à octobre 2008
1996-02-03,43,34,12,9,42,14,6681040.0,Historique Loto de mai 1976 à octobre 2008
1996-02-07,10,32,16,36,39,23,3151475.0,Historique Loto de mai 1976 à octobre 2008
1996-02-07,9,37,43,1,20,22,2820555.0,Historique Loto de mai 1976 à octobre 2008
1996-02-10,17,21,15,3,6,43,2465750.0,Historique Loto de mai 1976 à octobre 2008
1996-02-10,28,23,26,49,29,33,3300015.0,Historique Loto de mai 1976 à octobre 2008
1996-02-14,1,41,13,14,10,21,964390.0,Historique Loto de mai 1976 à octobre 2008
1996-02-14,37,30,13,35,36,49,6480305.0,Historique Loto de mai 1976 à octobre 2008
1996-02-17,21,32,27,47,2,8,9727925.0,Historique Loto de mai 1976 à octobre 2008
1996-02-17,9,35,18,6,8,16,3905695.0,Historique Loto de mai 1976 à octobre 2008
1996-02-21,43,9,48,30,46,4,0.0,Historique Loto de mai 1976 à octobre 2008
1996-02-21,40,21,32,18,4,43,2019985.0,Historique Loto de mai 1976 à octobre 2008
1996-02-24,13,1,8,2,23,22,4715575.0,Historique Loto de mai 1976 à octobre 2008
1996-02-24,33,12,49,4,18,6,0.0,Historique Loto de mai 1976 à octobre 2008
1996-02-28,13,24,31,23,17,39,551845.0,Historique Loto de mai 1976 à octobre 2008
1996-02-28,32,8,15,5,9,42,1543405.0,Historique Loto de mai 1976 à octobre 2008
1996-03-02,12,4,21,39,31,14,5938585.0,Historique Loto de mai 1976 à octobre 2008
1996-03-02,20,41,31,42,13,49,42834080.0,Historique Loto de mai 1976 à octobre 2008
1996-03-06,14,15,36,29,39,46,3115025.0,Historique Loto de mai 1976 à octobre 2008
1996-03-06,37,26,46,21,8,10,0.0,Historique Loto de mai 1976 à octobre 2008
1996-03-09,19,32,24,1,49,44,19486615.0,Historique Loto de mai 1976 à octobre 2008
1996-03-09,11,4,30,22,12,40,1617765.0,Historique Loto de mai 1976 à octobre 2008
1996-03-13,36,10,16,20,48,47,2805590.0,Historique Loto de mai 1976 à octobre 2008
1996-03-13,38,12,15,47,44,46,6276965.0,Historique Loto de mai 1976 à octobre 2008
1996-03-16,29,23,28,39,24,38,0.0,Historique Loto de mai 1976 à octobre 2008
1996-03-16,44,34,26,48,3,21,9626820.0,Historique Loto de mai 1976 à octobre 2008
1996-03-20,44,43,46,23,28,35,0.0,Historique Loto de mai 1976 à octobre 2008
1996-03-20,46,11,26,6,32,25,0.0,Historique Loto de mai 1976 à octobre 2008
1996-03-23,4,41,15,47,35,20,10594635.0,Historique Loto de mai 1976 à octobre 2008
1996-03-23,5,21,18,29,42,28,30921140.0,Historique Loto de mai 1976 à octobre 2008
1996-03-27,28,2,18,47,32,13,3038185.0,Historique Loto de mai 1976 à octobre 2008
1996-03-27,39,49,33,23,9,20,4297235.0,Historique Loto de mai 1976 à octobre 2008
1996-03-30,49,34,17,18,44,21,19234440.0,Historique Loto de mai 1976 à octobre 2008
1996-03-30,46,15,30,43,22,37,2394765.0,Historique Loto de mai 1976 à octobre 2008
1996-04-03,7,20,34,25,26,3,1373200.0,Historique Loto de mai 1976 à octobre 2008
1996-04-03,8,7,5,39,38,43,6142070.0,Historique Loto de mai 1976 à octobre 2008
1996-04-06,22,49,35,1,13,21,1178670.0,Historique Loto de mai 1976 à octobre 2008
1996-04-06,42,47,19,4,8,40,6311910.0,Historique Loto de mai 1976 à octobre 2008
1996-04-10,31,49,26,15,11,44,445035.0,Historique Loto de mai 1976 à octobre 2008
1996-04-10,42,28,17,4,1,35,2984240.0,Historique Loto de mai 1976 à octobre 2008
1996-04-13,47,5,31,38,39,22,0.0,Historique Loto de mai 1976 à octobre 2008
1996-04-13,34,44,36,46,12,45,18818305.0,Historique Loto de mai 1976 à octobre 2008
1996-04-17,12,18,13,31,1,7,902635.0,Historique Loto de mai 1976 à octobre 2008
1996-04-17,11,41,39,28,38,32,0.0,Historique Loto de mai 1976 à octobre 2008
1996-04-20,2,12,43,47,45,42,2588735.0,Historique Loto de mai 1976 à octobre 2008
1996-04-20,4,48,31,10,35,49,30211435.0,Historique Loto de mai 1976 à octobre 2008
1996-04-24,11,46,45,32,2,16,6052785.0,Historique Loto de mai 1976 à octobre 2008
1996-04-24,20,5,18,48,17,33,2706105.0,Historique Loto de mai 1976 à octobre 2008
1996-04-27,30,29,38,48,5,17,18680085.0,Historique Loto de mai 1976 à octobre 2008
1996-04-27,8,15,22,23,26,48,9305855.0,Historique Loto de mai 1976 à octobre 2008
1996-05-01,30,12,9,16,49,32,507375.0,Historique Loto de mai 1976 à octobre 2008
1996-05-01,18,17,31,13,14,11,2834955.0,Historique Loto de mai 1976 à octobre 2008
1996-05-04,31,7,1,48,2,12,4840845.0,Historique Loto de mai 1976 à octobre 2008
1996-05-04,42,18,32,46,7,34,9718390.0,Historique Loto de mai 1976 à octobre 2008
1996-05-08,22,33,14,9,47,31,688745.0,Historique Loto de mai 1976 à octobre 2008
1996-05-08,31,20,37,19,11,14,2018020.0,Historique Loto de mai 1976 à octobre 2008
1996-05-11,12,19,27,38,43,23,2468910.0,Historique Loto de mai 1976 à octobre 2008
1996-05-11,39,43,30,38,5,7,19710025.0,Historique Loto de mai 1976 à octobre 2008
1996-05-15,36,48,43,2,16,31,900695.0,Historique Loto de mai 1976 à octobre 2008
1996-05-15,24,32,18,36,27,19,432765.0,Historique Loto de mai 1976 à octobre 2008
1996-05-18,10,5,48,39,11,6,0.0,Historique Loto de mai 1976 à octobre 2008
1996-05-18,39,17,46,43,8,29,0.0,Historique Loto de mai 1976 à octobre 2008
1996-05-22,1,38,2,24,13,11,588840.0,Historique Loto de mai 1976 à octobre 2008
1996-05-22,17,29,46,45,6,48,3164925.0,Historique Loto de mai 1976 à octobre 2008
1996-05-25,15,6,14,20,10,23,5335555.0,Historique Loto de mai 1976 à octobre 2008
1996-05-25,35,21,4,11,38,7,48625675.0,Historique Loto de mai 1976 à octobre 2008
1996-05-29,23,3,22,35,21,45,2517155.0,Historique Loto de mai 1976 à octobre 2008
1996-05-29,5,14,42,19,40,1,1529420.0,Historique Loto de mai 1976 à octobre 2008
1996-06-01,31,19,21,20,6,29,2316715.0,Historique Loto de mai 1976 à octobre 2008
1996-06-01,8,28,10,49,42,6,18506365.0,Historique Loto de mai 1976 à octobre 2008
1996-06-05,6,34,29,3,14,49,2528015.0,Historique Loto de mai 1976 à octobre 2008
1996-06-05,41,25,11,27,4,3,3020405.0,Historique Loto de mai 1976 à octobre 2008
1996-06-08,19,7,3,49,39,42,2942930.0,Historique Loto de mai 1976 à octobre 2008
1996-06-08,5,33,7,39,31,4,0.0,Historique Loto de mai 1976 à octobre 2008
1996-06-12,27,13,30,48,24,45,680380.0,Historique Loto de mai 1976 à octobre 2008
1996-06-12,10,47,48,14,11,22,0.0,Historique Loto de mai 1976 à octobre 2008
1996-06-15,38,42,45,35,20,7,0.0,Historique Loto de mai 1976 à octobre 2008
1996-06-15,5,36,13,40,6,15,18405635.0,Historique Loto de mai 1976 à octobre 2008
1996-06-19,28,43,20,29,30,48,0.0,Historique Loto de mai 1976 à octobre 2008
1996-06-19,6,47,13,44,7,48,2089100.0,Historique Loto de mai 1976 à octobre 2008
1996-06-22,21,16,23,41,43,33,10348795.0,Historique Loto de mai 1976 à octobre 2008
1996-06-22,45,10,28,19,8,36,4271450.0,Historique Loto de mai 1976 à octobre 2008
1996-06-26,27,29,49,7,10,35,4933785.0,Historique Loto de mai 1976 à octobre 2008
1996-06-26,1,20,25,6,11,40,0.0,Historique Loto de mai 1976 à octobre 2008
1996-06-29,3,44,14,25,10,5,8146095.0,Historique Loto de mai 1976 à octobre 2008
1996-06-29,31,10,36,13,44,11,8474600.0,Historique Loto de mai 1976 à octobre 2008
1996-07-03,33,38,42,37,27,7,12433235.0,Historique Loto de mai 1976 à octobre 2008
1996-07-03,4,38,29,15,27,24,19192285.0,Historique Loto de mai 1976 à octobre 2008
1996-07-06,16,35,34,7,19,21,2870205.0,Historique Loto de mai 1976 à octobre 2008
1996-07-06,41,25,7,13,20,9,3553210.0,Historique Loto de mai 1976 à octobre 2008
1996-07-10,19,43,13,10,18,34,4301785.0,Historique Loto de mai 1976 à octobre 2008
1996-07-10,26,18,21,24,17,29,2969935.0,Historique Loto de mai 1976 à octobre 2008
1996-07-13,46,25,33,47,31,30,8440015.0,Historique Loto de mai 1976 à octobre 2008
1996-07-13,41,7,22,31,15,40,8113060.0,Historique Loto de mai 1976 à octobre 2008
1996-07-17,39,1,25,46,21,31,8133420.0,Historique Loto de mai 1976 à octobre 2008
1996-07-17,6,49,39,27,40,5,4242525.0,Historique Loto de mai 1976 à octobre 2008
1996-07-20,9,18,43,40,17,4,7739345.0,Historique Loto de mai 1976 à octobre 2008
1996-07-20,32,4,30,26,29,10,0.0,Historique Loto de mai 1976 à octobre 2008
1996-07-24,7,22,4,1,8,37,1965660.0,Historique Loto de mai 1976 à octobre 2008
1996-07-24,14,2,24,43,27,8,0.0,Historique Loto de mai 1976 à octobre 2008
1996-07-27,43,7,10,46,26,17,4323280.0,Historique Loto de mai 1976 à octobre 2008
1996-07-27,43,10,33,6,41,4,35654380.0,Historique Loto de mai 1976 à octobre 2008
1996-07-31,14,24,18,35,30,3,9317050.0,Historique Loto de mai 1976 à octobre 2008
1996-07-31,39,20,3,32,4,41,35227755.0,Historique Loto de mai 1976 à octobre 2008
1996-08-03,39,44,28,23,25,49,0.0,Historique Loto de mai 1976 à octobre 2008
1996-08-03,11,10,30,16,25,21,5378630.0,Historique Loto de mai 1976 à octobre 2008
1996-08-07,34,10,44,18,47,24,0.0,Historique Loto de mai 1976 à octobre 2008
1996-08-07,49,36,17,43,37,8,7752375.0,Historique Loto de mai 1976 à octobre 2008
1996-08-10,25,26,46,9,1,21,0.0,Historique Loto de mai 1976 à octobre 2008
1996-08-10,5,42,1,44,21,49,8844915.0,Historique Loto de mai 1976 à octobre 2008
1996-08-14,45,25,18,12,13,7,1979705.0,Historique Loto de mai 1976 à octobre 2008
1996-08-14,34,16,40,46,11,33,36104390.0,Historique Loto de mai 1976 à octobre 2008
1996-08-17,31,16,28,13,14,45,2252550.0,Historique Loto de mai 1976 à octobre 2008
1996-08-17,23,21,4,41,42,40,49134975.0,Historique Loto de mai 1976 à octobre 2008
1996-08-21,9,32,26,47,1,11,7906205.0,Historique Loto de mai 1976 à octobre 2008
1996-08-21,27,25,6,40,18,23,16382155.0,Historique Loto de mai 1976 à octobre 2008
1996-08-24,41,12,34,25,36,17,3985720.0,Historique Loto de mai 1976 à octobre 2008
1996-08-24,2,27,4,15,39,19,0.0,Historique Loto de mai 1976 à octobre 2008
1996-08-28,37,27,33,32,49,40,0.0,Historique Loto de mai 1976 à octobre 2008
1996-08-28,40,48,31,5,34,46,0.0,Historique Loto de mai 1976 à octobre 2008
1996-08-31,45,32,11,21,1,28,18061395.0,Historique Loto de mai 1976 à octobre 2008
1996-08-31,41,47,36,5,17,18,3048385.0,Historique Loto de mai 1976 à octobre 2008
1996-09-04,32,44,45,38,9,23,0.0,Historique Loto de mai 1976 à octobre 2008
1996-09-04,46,49,25,30,37,45,22830355.0,Historique Loto de mai 1976 à octobre 2008
1996-09-07,16,17,8,26,23,45,0.0,Historique Loto de mai 1976 à octobre 2008
1996-09-07,28,6,13,42,47,19,16996615.0,Historique Loto de mai 1976 à octobre 2008
1996-09-11,20,25,43,8,37,12,0.0,Historique Loto de mai 1976 à octobre 2008
1996-09-11,11,19,14,16,46,22,30703200.0,Historique Loto de mai 1976 à octobre 2008
1996-09-14,4,13,7,42,36,35,1638940.0,Historique Loto de mai 1976 à octobre 2008
1996-09-14,39,45,48,13,3,16,10559875.0,Historique Loto de mai 1976 à octobre 2008
1996-09-18,40,39,21,47,11,10,8772180.0,Historique Loto de mai 1976 à octobre 2008
1996-09-18,49,36,30,33,11,35,0.0,Historique Loto de mai 1976 à octobre 2008
1996-09-21,39,4,5,43,41,49,8265375.0,Historique Loto de mai 1976 à octobre 2008
1996-09-21,30,34,20,8,12,11,0.0,Historique Loto de mai 1976 à octobre 2008
1996-09-25,28,36,40,10,19,30,2379970.0,Historique Loto de mai 1976 à octobre 2008
1996-09-25,16,23,3,32,4,47,0.0,Historique Loto de mai 1976 à octobre 2008
1996-09-28,14,11,31,37,20,30,0.0,Historique Loto de mai 1976 à octobre 2008
1996-09-28,35,4,22,40,12,10,8788970.0,Historique Loto de mai 1976 à octobre 2008
1996-10-02,38,1,42,6,15,49,24182655.0,Historique Loto de mai 1976 à octobre 2008
1996-10-02,47,6,46,20,11,10,10719785.0,Historique Loto de mai 1976 à octobre 2008
1996-10-05,6,16,25,17,49,2,9917195.0,Historique Loto de mai 1976 à octobre 2008
1996-10-05,40,37,31,43,1,44,27883330.0,Historique Loto de mai 1976 à octobre 2008
1996-10-09,9,7,14,41,44,49,2088480.0,Historique Loto de mai 1976 à octobre 2008
1996-10-09,35,3,8,12,32,4,2866445.0,Historique Loto de mai 1976 à octobre 2008
1996-10-12,48,35,30,42,41,39,0.0,Historique Loto de mai 1976 à octobre 2008
1996-10-12,39,20,9,45,36,26,4333785.0,Historique Loto de mai 1976 à octobre 2008
1996-10-16,41,34,28,47,19,15,2693120.0,Historique Loto de mai 1976 à octobre 2008
1996-10-16,41,17,23,12,44,31,5546350.0,Historique Loto de mai 1976 à octobre 2008
1996-10-19,30,34,21,40,3,23,8629285.0,Historique Loto de mai 1976 à octobre 2008
1996-10-19,42,48,16,12,45,11,10091830.0,Historique Loto de mai 1976 à octobre 2008
1996-10-23,28,43,42,40,33,30,16184710.0,Historique Loto de mai 1976 à octobre 2008
1996-10-23,21,11,23,46,25,36,0.0,Historique Loto de mai 1976 à octobre 2008
1996-10-26,49,21,28,4,37,19,0.0,Historique Loto de mai 1976 à octobre 2008
1996-10-26,41,16,26,10,17,39,5544030.0,Historique Loto de mai 1976 à octobre 2008
1996-10-30,8,30,43,34,19,28,1692800.0,Historique Loto de mai 1976 à octobre 2008
1996-10-30,34,44,3,33,15,13,0.0,Historique Loto de mai 1976 à octobre 2008
1996-11-02,27,42,48,2,34,12,4203480.0,Historique Loto de mai 1976 à octobre 2008
1996-11-02,22,19,25,31,39,46,30106190.0,Historique Loto de mai 1976 à octobre 2008
1996-11-06,17,49,38,39,27,15,9446890.0,Historique Loto de mai 1976 à octobre 2008
1996-11-06,32,46,34,49,1,40,50332265.0,Historique Loto de mai 1976 à octobre 2008
1996-11-09,16,25,48,14,15,2,0.0,Historique Loto de mai 1976 à octobre 2008
1996-11-09,27,36,11,10,43,6,17511120.0,Historique Loto de mai 1976 à octobre 2008
1996-11-13,2,45,12,7,10,24,1362895.0,Historique Loto de mai 1976 à octobre 2008
1996-11-13,31,20,3,25,11,16,8378120.0,Historique Loto de mai 1976 à octobre 2008
1996-11-16,44,13,18,7,38,11,7794850.0,Historique Loto de mai 1976 à octobre 2008
1996-11-16,39,20,16,26,24,35,8963455.0,Historique Loto de mai 1976 à octobre 2008
1996-11-20,26,37,4,47,18,28,16480230.0,Historique Loto de mai 1976 à octobre 2008
1996-11-20,20,1,34,45,28,42,7953285.0,Historique Loto de mai 1976 à octobre 2008
1996-11-23,6,34,19,28,11,7,2742300.0,Historique Loto de mai 1976 à octobre 2008
1996-11-23,46,32,25,12,40,27,5648230.0,Historique Loto de mai 1976 à octobre 2008
1996-11-27,46,32,7,31,25,5,0.0,Historique Loto de mai 1976 à octobre 2008
1996-11-27,10,41,17,49,31,15,16040260.0,Historique Loto de mai 1976 à octobre 2008
1996-11-30,49,43,6,30,48,5,0.0,Historique Loto de mai 1976 à octobre 2008
1996-11-30,12,45,19,39,31,13,0.0,Historique Loto de mai 1976 à octobre 2008
1996-12-04,33,40,22,37,36,46,0.0,Historique Loto de mai 1976 à octobre 2008
1996-12-04,3,40,45,21,34,15,7605070.0,Historique Loto de mai 1976 à octobre 2008
1996-12-07,25,21,3,28,27,40,4873275.0,Historique Loto de mai 1976 à octobre 2008
1996-12-07,24,2,21,27,16,23,22321450.0,Historique Loto de mai 1976 à octobre 2008
1996-12-11,14,40,30,28,46,47,30065110.0,Historique Loto de mai 1976 à octobre 2008
1996-12-11,46,27,4,13,30,42,2173330.0,Historique Loto de mai 1976 à octobre 2008
1996-12-14,2,45,44,30,11,39,5190620.0,Historique Loto de mai 1976 à octobre 2008
1996-12-14,25,11,19,5,1,35,1960805.0,Historique Loto de mai 1976 à octobre 2008
1996-12-18,32,17,5,16,27,37,0.0,Historique Loto de mai 1976 à octobre 2008
1996-12-18,42,46,44,36,6,15,16581375.0,Historique Loto de mai 1976 à octobre 2008
1996-12-21,11,42,33,23,30,43,2125460.0,Historique Loto de mai 1976 à octobre 2008
1996-12-21,8,3,26,7,13,49,2917235.0,Historique Loto de mai 1976 à octobre 2008
1996-12-25,41,28,37,18,35,40,4022070.0,Historique Loto de mai 1976 à octobre 2008
1996-12-25,22,43,42,30,33,36,25373880.0,Historique Loto de mai 1976 à octobre 2008
1996-12-28,25,28,21,23,46,5,4341505.0,Historique Loto de mai 1976 à octobre 2008
1996-12-28,17,24,21,41,32,7,12728285.0,Historique Loto de mai 1976 à octobre 2008
1997-01-01,27,26,9,23,43,39,0.0,Historique Loto de mai 1976 à octobre 2008
1997-01-01,13,44,25,36,32,38,1739925.0,Historique Loto de mai 1976 à octobre 2008
1997-01-04,25,39,2,3,48,28,8519815.0,Historique Loto de mai 1976 à octobre 2008
1997-01-04,33,23,15,18,43,41,0.0,Historique Loto de mai 1976 à octobre 2008
1997-01-08,14,16,15,40,25,31,8690820.0,Historique Loto de mai 1976 à octobre 2008
1997-01-08,26,31,35,49,14,46,30992015.0,Historique Loto de mai 1976 à octobre 2008
1997-01-11,20,35,36,25,4,24,0.0,Historique Loto de mai 1976 à octobre 2008
1997-01-11,37,26,28,16,31,34,12233070.0,Historique Loto de mai 1976 à octobre 2008
1997-01-15,11,40,45,14,42,23,8059500.0,Historique Loto de mai 1976 à octobre 2008
1997-01-15,1,31,35,20,48,3,0.0,Historique Loto de mai 1976 à octobre 2008
1997-01-18,28,13,17,29,7,37,0.0,Historique Loto de mai 1976 à octobre 2008
1997-01-18,20,45,33,40,22,31,0.0,Historique Loto de mai 1976 à octobre 2008
1997-01-22,29,14,45,8,37,39,2190675.0,Historique Loto de mai 1976 à octobre 2008
1997-01-22,32,40,43,47,24,46,0.0,Historique Loto de mai 1976 à octobre 2008
1997-01-25,45,43,3,30,21,37,11143485.0,Historique Loto de mai 1976 à octobre 2008
1997-01-25,26,32,14,5,29,30,9000890.0,Historique Loto de mai 1976 à octobre 2008
1997-01-29,45,8,14,7,26,37,10064180.0,Historique Loto de mai 1976 à octobre 2008
1997-01-29,3,21,4,36,26,46,56116690.0,Historique Loto de mai 1976 à octobre 2008
1997-02-01,11,39,24,14,45,46,8778415.0,Historique Loto de mai 1976 à octobre 2008
1997-02-01,12,35,7,30,47,38,9136595.0,Historique Loto de mai 1976 à octobre 2008
1997-02-05,34,46,42,37,8,45,0.0,Historique Loto de mai 1976 à octobre 2008
1997-02-05,39,28,17,8,41,19,17134730.0,Historique Loto de mai 1976 à octobre 2008
1997-02-08,22,38,24,40,37,18,9009955.0,Historique Loto de mai 1976 à octobre 2008
1997-02-08,10,17,26,47,28,21,8657455.0,Historique Loto de mai 1976 à octobre 2008
1997-02-12,19,27,30,31,4,23,9463755.0,Historique Loto de mai 1976 à octobre 2008
1997-02-12,25,47,7,32,16,17,15448440.0,Historique Loto de mai 1976 à octobre 2008
1997-02-15,45,3,37,16,13,27,4347490.0,Historique Loto de mai 1976 à octobre 2008
1997-02-15,27,25,28,30,24,5,8973360.0,Historique Loto de mai 1976 à octobre 2008
1997-02-19,47,10,19,20,24,33,8063965.0,Historique Loto de mai 1976 à octobre 2008
1997-02-19,32,7,16,17,3,36,5602490.0,Historique Loto de mai 1976 à octobre 2008
1997-02-22,13,9,46,5,41,35,2775070.0,Historique Loto de mai 1976 à octobre 2008
1997-02-22,45,7,28,14,36,39,820890.0,Historique Loto de mai 1976 à octobre 2008
1997-02-26,27,13,48,7,33,9,882995.0,Historique Loto de mai 1976 à octobre 2008
1997-02-26,33,34,19,7,49,43,0.0,Historique Loto de mai 1976 à octobre 2008
1997-03-01,36,35,43,30,5,1,0.0,Historique Loto de mai 1976 à octobre 2008
1997-03-01,21,38,42,24,7,35,16854275.0,Historique Loto de mai 1976 à octobre 2008
1997-03-05,29,8,26,27,41,5,0.0,Historique Loto de mai 1976 à octobre 2008
1997-03-05,5,4,2,38,40,45,4319560.0,Historique Loto de mai 1976 à octobre 2008
1997-03-08,40,41,33,21,49,39,15549175.0,Historique Loto de mai 1976 à octobre 2008
1997-03-08,37,34,31,40,23,3,0.0,Historique Loto de mai 1976 à octobre 2008
1997-03-12,37,48,12,9,13,18,9483830.0,Historique Loto de mai 1976 à octobre 2008
1997-03-12,1,37,11,40,16,46,27730925.0,Historique Loto de mai 1976 à octobre 2008
1997-03-15,15,32,39,23,48,8,8608015.0,Historique Loto de mai 1976 à octobre 2008
1997-03-15,10,8,27,19,36,39,0.0,Historique Loto de mai 1976 à octobre 2008
1997-03-19,38,20,27,43,35,33,0.0,Historique Loto de mai 1976 à octobre 2008
1997-03-19,7,13,35,24,9,6,2741390.0,Historique Loto de mai 1976 à octobre 2008
1997-03-22,49,12,13,16,4,9,0.0,Historique Loto de mai 1976 à octobre 2008
1997-03-22,21,39,22,15,19,29,0.0,Historique Loto de mai 1976 à octobre 2008
1997-03-26,4,37,47,28,14,31,0.0,Historique Loto de mai 1976 à octobre 2008
1997-03-26,42,41,22,21,29,44,30241790.0,Historique Loto de mai 1976 à octobre 2008
1997-03-29,44,29,20,16,48,14,26023325.0,Historique Loto de mai 1976 à octobre 2008
1997-03-29,25,28,42,8,47,43,5322125.0,Historique Loto de mai 1976 à octobre 2008
1997-04-02,41,28,4,45,16,15,0.0,Historique Loto de mai 1976 à octobre 2008
1997-04-02,33,21,43,19,40,42,30158635.0,Historique Loto de mai 1976 à octobre 2008
1997-04-05,25,49,13,48,15,29,4154865.0,Historique Loto de mai 1976 à octobre 2008
1997-04-05,37,31,47,34,2,46,5726310.0,Historique Loto de mai 1976 à octobre 2008
1997-04-09,32,45,23,9,26,27,8415060.0,Historique Loto de mai 1976 à octobre 2008
1997-04-09,20,42,22,4,18,47,10220235.0,Historique Loto de mai 1976 à octobre 2008
1997-04-12,20,10,4,16,37,41,2044620.0,Historique Loto de mai 1976 à octobre 2008
1997-04-12,2,4,8,28,35,43,16713555.0,Historique Loto de mai 1976 à octobre 2008
1997-04-16,30,40,11,29,17,24,7667935.0,Historique Loto de mai 1976 à octobre 2008
1997-04-16,32,45,8,31,22,46,0.0,Historique Loto de mai 1976 à octobre 2008
1997-04-19,33,14,16,21,43,42,7843200.0,Historique Loto de mai 1976 à octobre 2008
1997-04-19,40,15,19,32,26,31,16250910.0,Historique Loto de mai 1976 à octobre 2008
1997-04-23,22,20,14,1,27,18,2802800.0,Historique Loto de mai 1976 à octobre 2008
1997-04-23,18,43,17,12,4,49,0.0,Historique Loto de mai 1976 à octobre 2008
1997-04-26,49,8,3,31,30,18,16239515.0,Historique Loto de mai 1976 à octobre 2008
1997-04-26,13,15,18,28,22,23,0.0,Historique Loto de mai 1976 à octobre 2008
1997-04-30,44,22,6,41,20,8,27968815.0,Historique Loto de mai 1976 à octobre 2008
1997-04-30,43,46,32,7,19,5,4857945.0,Historique Loto de mai 1976 à octobre 2008
1997-05-03,46,42,24,47,25,35,4182125.0,Historique Loto de mai 1976 à octobre 2008
1997-05-03,38,20,39,27,41,29,30877695.0,Historique Loto de mai 1976 à octobre 2008
1997-05-07,39,27,34,3,36,26,7770715.0,Historique Loto de mai 1976 à octobre 2008
1997-05-07,34,11,31,27,22,40,4051685.0,Historique Loto de mai 1976 à octobre 2008
1997-05-10,2,31,20,38,21,40,0.0,Historique Loto de mai 1976 à octobre 2008
1997-05-10,44,20,16,27,7,6,16109145.0,Historique Loto de mai 1976 à octobre 2008
1997-05-14,39,20,33,29,38,6,7600500.0,Historique Loto de mai 1976 à octobre 2008
1997-05-14,20,13,48,24,41,32,15745360.0,Historique Loto de mai 1976 à octobre 2008
1997-05-17,22,42,17,11,45,41,8179665.0,Historique Loto de mai 1976 à octobre 2008
1997-05-17,11,18,15,4,31,36,10269060.0,Historique Loto de mai 1976 à octobre 2008
1997-05-21,39,33,2,46,49,32,0.0,Historique Loto de mai 1976 à octobre 2008
1997-05-21,31,40,37,41,49,32,0.0,Historique Loto de mai 1976 à octobre 2008
1997-05-24,49,38,42,8,30,21,0.0,Historique Loto de mai 1976 à octobre 2008
1997-05-24,19,39,20,35,18,41,0.0,Historique Loto de mai 1976 à octobre 2008
1997-05-28,2,35,43,29,12,48,8754575.0,Historique Loto de mai 1976 à octobre 2008
1997-05-28,19,43,1,48,6,21,20099360.0,Historique Loto de mai 1976 à octobre 2008
1997-05-31,17,7,31,39,20,34,1832315.0,Historique Loto de mai 1976 à octobre 2008
1997-05-31,18,30,1,12,7,49,20967860.0,Historique Loto de mai 1976 à octobre 2008
1997-06-04,20,26,23,38,34,4,0.0,Historique Loto de mai 1976 à octobre 2008
1997-06-04,34,32,28,1,40,35,0.0,Historique Loto de mai 1976 à octobre 2008
1997-06-07,4,15,26,14,7,29,2539440.0,Historique Loto de mai 1976 à octobre 2008
1997-06-07,21,27,17,10,42,3,15593105.0,Historique Loto de mai 1976 à octobre 2008
1997-06-11,40,4,48,18,30,21,8739415.0,Historique Loto de mai 1976 à octobre 2008
1997-06-11,36,35,49,41,16,40,0.0,Historique Loto de mai 1976 à octobre 2008
1997-06-14,5,40,14,1,21,18,6575050.0,Historique Loto de mai 1976 à octobre 2008
1997-06-14,12,33,20,26,35,28,4768830.0,Historique Loto de mai 1976 à octobre 2008
1997-06-18,46,45,48,9,27,33,19965565.0,Historique Loto de mai 1976 à octobre 2008
1997-06-18,43,32,48,29,45,5,0.0,Historique Loto de mai 1976 à octobre 2008
1997-06-21,35,21,33,27,2,9,1199860.0,Historique Loto de mai 1976 à octobre 2008
1997-06-21,34,14,35,36,49,9,0.0,Historique Loto de mai 1976 à octobre 2008
1997-06-25,34,29,37,38,41,42,10802670.0,Historique Loto de mai 1976 à octobre 2008
1997-06-25,40,11,45,26,44,2,70619180.0,Historique Loto de mai 1976 à octobre 2008
1997-06-28,7,1,48,44,22,21,5843570.0,Historique Loto de mai 1976 à octobre 2008
1997-06-28,48,24,28,6,1,19,10604845.0,Historique Loto de mai 1976 à octobre 2008
1997-07-02,28,31,36,3,19,45,2620710.0,Historique Loto de mai 1976 à octobre 2008
1997-07-02,33,37,8,7,2,19,8079410.0,Historique Loto de mai 1976 à octobre 2008
1997-07-05,37,25,3,43,12,10,2020215.0,Historique Loto de mai 1976 à octobre 2008
1997-07-05,43,39,13,22,30,24,5536740.0,Historique Loto de mai 1976 à octobre 2008
1997-07-09,23,30,21,1,9,17,15365580.0,Historique Loto de mai 1976 à octobre 2008
1997-07-09,2,22,29,37,47,46,0.0,Historique Loto de mai 1976 à octobre 2008
1997-07-12,8,15,12,1,21,31,1942665.0,Historique Loto de mai 1976 à octobre 2008
1997-07-12,34,9,36,47,24,10,15882000.0,Historique Loto de mai 1976 à octobre 2008
1997-07-16,1,40,3,43,6,48,3811130.0,Historique Loto de mai 1976 à octobre 2008
1997-07-16,46,45,11,18,30,40,0.0,Historique Loto de mai 1976 à octobre 2008
1997-07-19,35,39,33,15,5,18,7507170.0,Historique Loto de mai 1976 à octobre 2008
1997-07-19,44,23,26,1,22,20,5213880.0,Historique Loto de mai 1976 à octobre 2008
1997-07-23,8,36,44,7,25,20,2978385.0,Historique Loto de mai 1976 à octobre 2008
1997-07-23,42,6,46,15,34,39,48069165.0,Historique Loto de mai 1976 à octobre 2008
1997-07-26,27,3,39,13,1,22,1895245.0,Historique Loto de mai 1976 à octobre 2008
1997-07-26,16,32,9,39,4,35,15495250.0,Historique Loto de mai 1976 à octobre 2008
1997-07-30,4,1,42,21,15,7,0.0,Historique Loto de mai 1976 à octobre 2008
1997-07-30,29,4,15,34,39,23,0.0,Historique Loto de mai 1976 à octobre 2008
1997-08-02,3,42,11,40,13,7,7270130.0,Historique Loto de mai 1976 à octobre 2008
1997-08-02,39,6,24,7,31,45,15057175.0,Historique Loto de mai 1976 à octobre 2008
1997-08-06,13,40,25,11,7,21,2173960.0,Historique Loto de mai 1976 à octobre 2008
1997-08-06,4,33,32,35,10,29,40115220.0,Historique Loto de mai 1976 à octobre 2008
1997-08-09,37,2,10,1,12,4,4969755.0,Historique Loto de mai 1976 à octobre 2008
1997-08-09,18,11,33,42,19,46,7157395.0,Historique Loto de mai 1976 à octobre 2008
1997-08-13,20,33,40,29,14,32,0.0,Historique Loto de mai 1976 à octobre 2008
1997-08-13,35,19,48,16,39,17,6997215.0,Historique Loto de mai 1976 à octobre 2008
1997-08-16,20,11,1,13,41,48,2282615.0,Historique Loto de mai 1976 à octobre 2008
1997-08-16,16,1,11,6,39,23,7031760.0,Historique Loto de mai 1976 à octobre 2008
1997-08-20,37,16,36,43,3,11,0.0,Historique Loto de mai 1976 à octobre 2008
1997-08-20,45,1,44,3,38,39,17996595.0,Historique Loto de mai 1976 à octobre 2008
1997-08-23,5,33,8,46,18,13,0.0,Historique Loto de mai 1976 à octobre 2008
1997-08-23,6,5,26,38,42,37,2412215.0,Historique Loto de mai 1976 à octobre 2008
1997-08-27,6,28,15,46,9,27,0.0,Historique Loto de mai 1976 à octobre 2008
1997-08-27,41,31,13,34,8,29,15091590.0,Historique Loto de mai 1976 à octobre 2008
1997-08-30,36,18,32,45,35,15,7849425.0,Historique Loto de mai 1976 à octobre 2008
1997-08-30,25,4,41,29,26,49,30067755.0,Historique Loto de mai 1976 à octobre 2008
1997-09-03,45,31,9,24,16,5,5006280.0,Historique Loto de mai 1976 à octobre 2008
1997-09-03,2,29,28,18,22,8,0.0,Historique Loto de mai 1976 à octobre 2008
1997-09-06,16,5,27,20,34,32,3693140.0,Historique Loto de mai 1976 à octobre 2008
1997-09-06,25,43,3,37,41,16,15177260.0,Historique Loto de mai 1976 à octobre 2008
1997-09-10,44,8,14,34,27,31,7805520.0,Historique Loto de mai 1976 à octobre 2008
1997-09-10,41,22,17,1,37,24,15015565.0,Historique Loto de mai 1976 à octobre 2008
1997-09-13,20,7,31,1,13,24,3777740.0,Historique Loto de mai 1976 à octobre 2008
1997-09-13,20,48,6,17,49,10,7793125.0,Historique Loto de mai 1976 à octobre 2008
1997-09-17,34,39,14,46,4,45,3595875.0,Historique Loto de mai 1976 à octobre 2008
1997-09-17,10,48,46,36,22,38,7416395.0,Historique Loto de mai 1976 à octobre 2008
1997-09-20,9,35,13,12,29,19,1852865.0,Historique Loto de mai 1976 à octobre 2008
1997-09-20,2,44,21,25,19,22,15149595.0,Historique Loto de mai 1976 à octobre 2008
1997-09-24,41,17,20,23,12,44,0.0,Historique Loto de mai 1976 à octobre 2008
1997-09-24,36,44,13,3,41,4,4891735.0,Historique Loto de mai 1976 à octobre 2008
1997-09-27,40,28,1,30,10,43,1015810.0,Historique Loto de mai 1976 à octobre 2008
1997-09-27,35,6,3,22,31,47,7282585.0,Historique Loto de mai 1976 à octobre 2008
1997-10-01,35,30,3,17,27,16,0.0,Historique Loto de mai 1976 à octobre 2008
1997-10-01,29,9,38,12,23,16,7808070.0,Historique Loto de mai 1976 à octobre 2008
1997-10-04,14,27,21,34,46,23,3753765.0,Historique Loto de mai 1976 à octobre 2008
1997-10-04,43,32,35,7,5,29,7743465.0,Historique Loto de mai 1976 à octobre 2008
1997-10-08,36,5,21,2,3,7,4600585.0,Historique Loto de mai 1976 à octobre 2008
1997-10-08,18,21,36,1,34,10,0.0,Historique Loto de mai 1976 à octobre 2008
1997-10-11,3,31,9,18,37,26,7632270.0,Historique Loto de mai 1976 à octobre 2008
1997-10-11,33,7,17,16,27,8,0.0,Historique Loto de mai 1976 à octobre 2008
1997-10-15,34,14,40,4,16,1,9662090.0,Historique Loto de mai 1976 à octobre 2008
1997-10-15,39,46,18,45,40,14,34568285.0,Historique Loto de mai 1976 à octobre 2008
1997-10-18,45,32,19,43,2,7,8291620.0,Historique Loto de mai 1976 à octobre 2008
1997-10-18,36,11,21,41,39,47,35074535.0,Historique Loto de mai 1976 à octobre 2008
1997-10-22,3,17,6,37,29,5,15636330.0,Historique Loto de mai 1976 à octobre 2008
1997-10-22,37,27,14,34,47,35,1052010.0,Historique Loto de mai 1976 à octobre 2008
1997-10-25,14,45,25,44,7,6,0.0,Historique Loto de mai 1976 à octobre 2008
1997-10-25,49,23,16,13,4,30,7937820.0,Historique Loto de mai 1976 à octobre 2008
1997-10-29,30,15,31,9,48,3,6967195.0,Historique Loto de mai 1976 à octobre 2008
1997-10-29,24,5,30,43,47,21,0.0,Historique Loto de mai 1976 à octobre 2008
1997-11-01,13,37,35,26,42,7,1694235.0,Historique Loto de mai 1976 à octobre 2008
1997-11-01,31,3,33,29,19,7,0.0,Historique Loto de mai 1976 à octobre 2008
1997-11-05,10,38,25,32,15,42,8175435.0,Historique Loto de mai 1976 à octobre 2008
1997-11-05,49,37,41,24,20,23,32556210.0,Historique Loto de mai 1976 à octobre 2008
1997-11-08,32,47,35,25,39,22,8552600.0,Historique Loto de mai 1976 à octobre 2008
1997-11-08,47,32,41,35,17,27,32754635.0,Historique Loto de mai 1976 à octobre 2008
1997-11-12,27,49,18,5,23,36,6909210.0,Historique Loto de mai 1976 à octobre 2008
1997-11-12,18,14,30,24,4,32,5002535.0,Historique Loto de mai 1976 à octobre 2008
1997-11-15,40,21,22,26,47,43,7379125.0,Historique Loto de mai 1976 à octobre 2008
1997-11-15,39,33,20,37,25,48,15938240.0,Historique Loto de mai 1976 à octobre 2008
1997-11-19,40,39,22,35,43,37,5091035.0,Historique Loto de mai 1976 à octobre 2008
1997-11-19,14,27,9,46,35,39,894375.0,Historique Loto de mai 1976 à octobre 2008
1997-11-22,34,9,26,1,20,41,15607025.0,Historique Loto de mai 1976 à octobre 2008
1997-11-22,49,8,28,15,35,22,0.0,Historique Loto de mai 1976 à octobre 2008
1997-11-26,11,37,42,19,46,24,3441495.0,Historique Loto de mai 1976 à octobre 2008
1997-11-26,18,23,47,42,16,49,3707590.0,Historique Loto de mai 1976 à octobre 2008
1997-11-29,1,42,7,27,11,29,1830890.0,Historique Loto de mai 1976 à octobre 2008
1997-11-29,33,31,10,39,11,3,0.0,Historique Loto de mai 1976 à octobre 2008
1997-12-03,44,31,35,30,25,12,6791510.0,Historique Loto de mai 1976 à octobre 2008
1997-12-03,6,9,27,34,1,45,1847525.0,Historique Loto de mai 1976 à octobre 2008
1997-12-06,30,46,45,3,18,24,4189900.0,Historique Loto de mai 1976 à octobre 2008
1997-12-06,39,4,30,7,42,11,16765085.0,Historique Loto de mai 1976 à octobre 2008
1997-12-10,27,1,20,43,5,8,0.0,Historique Loto de mai 1976 à octobre 2008
1997-12-10,29,13,46,25,32,22,5000895.0,Historique Loto de mai 1976 à octobre 2008
1997-12-13,5,27,34,9,3,35,7900535.0,Historique Loto de mai 1976 à octobre 2008
1997-12-13,9,46,49,25,29,18,2460350.0,Historique Loto de mai 1976 à octobre 2008
1997-12-17,44,7,14,17,15,23,3386305.0,Historique Loto de mai 1976 à octobre 2008
1997-12-17,19,15,5,31,43,14,4860980.0,Historique Loto de mai 1976 à octobre 2008
1997-12-20,41,5,21,29,46,42,3647240.0,Historique Loto de mai 1976 à octobre 2008
1997-12-20,39,16,3,23,18,27,0.0,Historique Loto de mai 1976 à octobre 2008
1997-12-24,28,15,39,35,12,21,3367530.0,Historique Loto de mai 1976 à octobre 2008
1997-12-24,24,22,32,23,9,12,50093995.0,Historique Loto de mai 1976 à octobre 2008
1997-12-27,31,48,42,34,5,15,8106060.0,Historique Loto de mai 1976 à octobre 2008
1997-12-27,28,2,16,39,9,13,17517620.0,Historique Loto de mai 1976 à octobre 2008
1997-12-31,18,1,35,36,21,48,5611860.0,Historique Loto de mai 1976 à octobre 2008
1997-12-31,41,15,31,19,32,12,25007740.0,Historique Loto de mai 1976 à octobre 2008
1998-01-03,39,33,8,1,4,22,0.0,Historique Loto de mai 1976 à octobre 2008
1998-01-03,22,17,12,4,44,30,0.0,Historique Loto de mai 1976 à octobre 2008
1998-01-07,41,15,14,42,13,49,16644480.0,Historique Loto de mai 1976 à octobre 2008
1998-01-07,42,38,26,36,31,28,3886780.0,Historique Loto de mai 1976 à octobre 2008
1998-01-10,17,7,13,36,49,3,9209670.0,Historique Loto de mai 1976 à octobre 2008
1998-01-10,11,39,36,40,4,26,0.0,Historique Loto de mai 1976 à octobre 2008
1998-01-14,9,18,38,30,27,13,3856335.0,Historique Loto de mai 1976 à octobre 2008
1998-01-14,34,19,4,32,7,9,8291200.0,Historique Loto de mai 1976 à octobre 2008
1998-01-17,45,38,36,20,43,16,0.0,Historique Loto de mai 1976 à octobre 2008
1998-01-17,30,6,39,21,42,44,16999485.0,Historique Loto de mai 1976 à octobre 2008
1998-01-21,1,37,49,39,27,10,7196985.0,Historique Loto de mai 1976 à octobre 2008
1998-01-21,22,1,7,33,16,27,15542510.0,Historique Loto de mai 1976 à octobre 2008
1998-01-24,5,42,32,14,39,4,1900125.0,Historique Loto de mai 1976 à octobre 2008
1998-01-24,40,44,26,18,13,31,4071410.0,Historique Loto de mai 1976 à octobre 2008
1998-01-28,22,36,43,7,41,19,0.0,Historique Loto de mai 1976 à octobre 2008
1998-01-28,23,35,26,39,7,4,5080790.0,Historique Loto de mai 1976 à octobre 2008
1998-01-31,39,22,49,14,34,37,8046795.0,Historique Loto de mai 1976 à octobre 2008
1998-01-31,3,24,41,7,13,18,7420220.0,Historique Loto de mai 1976 à octobre 2008
1998-02-04,24,15,23,47,48,13,3524065.0,Historique Loto de mai 1976 à octobre 2008
1998-02-04,44,31,36,43,6,15,0.0,Historique Loto de mai 1976 à octobre 2008
1998-02-07,13,29,48,25,21,44,3709800.0,Historique Loto de mai 1976 à octobre 2008
1998-02-07,28,1,30,29,10,15,5326625.0,Historique Loto de mai 1976 à octobre 2008
1998-02-11,24,5,33,38,43,10,0.0,Historique Loto de mai 1976 à octobre 2008
1998-02-11,34,27,18,46,35,16,32864355.0,Historique Loto de mai 1976 à octobre 2008
1998-02-14,21,11,9,10,33,44,3134335.0,Historique Loto de mai 1976 à octobre 2008
1998-02-14,32,41,1,28,36,13,20071230.0,Historique Loto de mai 1976 à octobre 2008
1998-02-18,4,45,44,10,8,46,2348935.0,Historique Loto de mai 1976 à octobre 2008
1998-02-18,23,13,49,8,30,38,3780070.0,Historique Loto de mai 1976 à octobre 2008
1998-02-21,11,22,43,33,14,24,7149635.0,Historique Loto de mai 1976 à octobre 2008
1998-02-21,19,10,11,29,31,34,5177590.0,Historique Loto de mai 1976 à octobre 2008
1998-02-25,9,40,25,11,14,5,1707370.0,Historique Loto de mai 1976 à octobre 2008
1998-02-25,46,29,30,28,13,25,0.0,Historique Loto de mai 1976 à octobre 2008
1998-02-28,37,47,39,25,49,3,0.0,Historique Loto de mai 1976 à octobre 2008
1998-02-28,10,37,16,44,22,46,15372440.0,Historique Loto de mai 1976 à octobre 2008
1998-03-04,16,12,3,13,39,43,4066725.0,Historique Loto de mai 1976 à octobre 2008
1998-03-04,33,43,12,41,45,15,8020940.0,Historique Loto de mai 1976 à octobre 2008
1998-03-07,10,18,37,47,40,31,0.0,Historique Loto de mai 1976 à octobre 2008
1998-03-07,9,6,26,29,27,16,2453770.0,Historique Loto de mai 1976 à octobre 2008
1998-03-11,16,5,20,38,21,2,14899935.0,Historique Loto de mai 1976 à octobre 2008
1998-03-11,28,21,29,23,30,41,1750365.0,Historique Loto de mai 1976 à octobre 2008
1998-03-14,28,23,26,5,34,27,3994130.0,Historique Loto de mai 1976 à octobre 2008
1998-03-14,43,45,46,15,29,12,17105570.0,Historique Loto de mai 1976 à octobre 2008
1998-03-18,46,13,19,49,30,45,1760665.0,Historique Loto de mai 1976 à octobre 2008
1998-03-18,35,22,2,7,6,38,2516515.0,Historique Loto de mai 1976 à octobre 2008
1998-03-21,20,43,15,12,6,24,0.0,Historique Loto de mai 1976 à octobre 2008
1998-03-21,5,31,28,48,13,18,5711895.0,Historique Loto de mai 1976 à octobre 2008
1998-03-25,15,49,19,22,35,23,3452700.0,Historique Loto de mai 1976 à octobre 2008
1998-03-25,43,42,18,27,28,39,0.0,Historique Loto de mai 1976 à octobre 2008
1998-03-28,48,45,12,9,29,19,7344125.0,Historique Loto de mai 1976 à octobre 2008
1998-03-28,20,32,41,7,23,28,15862200.0,Historique Loto de mai 1976 à octobre 2008
1998-04-01,41,31,30,13,45,19,0.0,Historique Loto de mai 1976 à octobre 2008
1998-04-01,49,11,30,26,42,2,8322065.0,Historique Loto de mai 1976 à octobre 2008
1998-04-04,46,15,42,29,12,44,2478425.0,Historique Loto de mai 1976 à octobre 2008
1998-04-04,40,17,7,26,44,21,15853050.0,Historique Loto de mai 1976 à octobre 2008
1998-04-08,17,38,5,14,25,46,9179605.0,Historique Loto de mai 1976 à octobre 2008
1998-04-08,36,3,48,33,47,42,26234470.0,Historique Loto de mai 1976 à octobre 2008
1998-04-11,3,27,17,13,45,7,3799170.0,Historique Loto de mai 1976 à octobre 2008
1998-04-11,22,38,46,16,5,15,8167770.0,Historique Loto de mai 1976 à octobre 2008
1998-04-15,29,32,38,19,6,2,0.0,Historique Loto de mai 1976 à octobre 2008
1998-04-15,11,40,30,28,5,32,14588620.0,Historique Loto de mai 1976 à octobre 2008
1998-04-18,3,43,23,14,9,31,1822815.0,Historique Loto de mai 1976 à octobre 2008
1998-04-18,36,10,9,27,19,22,15515190.0,Historique Loto de mai 1976 à octobre 2008
1998-04-22,10,34,36,22,3,28,2263015.0,Historique Loto de mai 1976 à octobre 2008
1998-04-22,13,8,4,32,28,42,3640190.0,Historique Loto de mai 1976 à octobre 2008
1998-04-25,16,20,32,14,25,15,15122100.0,Historique Loto de mai 1976 à octobre 2008
1998-04-25,1,10,2,38,11,17,3532335.0,Historique Loto de mai 1976 à octobre 2008
1998-04-29,33,16,43,27,12,30,0.0,Historique Loto de mai 1976 à octobre 2008
1998-04-29,26,34,22,14,27,40,3340960.0,Historique Loto de mai 1976 à octobre 2008
1998-05-02,4,42,30,2,43,15,6813585.0,Historique Loto de mai 1976 à octobre 2008
1998-05-02,13,46,49,38,37,40,4932910.0,Historique Loto de mai 1976 à octobre 2008
1998-05-06,3,32,1,35,19,44,0.0,Historique Loto de mai 1976 à octobre 2008
1998-05-06,28,35,13,19,43,26,30490655.0,Historique Loto de mai 1976 à octobre 2008
1998-05-09,17,35,16,5,22,41,3437450.0,Historique Loto de mai 1976 à octobre 2008
1998-05-09,13,23,49,15,21,39,4934600.0,Historique Loto de mai 1976 à octobre 2008
1998-05-13,43,45,31,30,39,4,1110435.0,Historique Loto de mai 1976 à octobre 2008
1998-05-13,21,38,30,43,24,47,14158250.0,Historique Loto de mai 1976 à octobre 2008
1998-05-16,44,29,15,26,34,28,6740890.0,Historique Loto de mai 1976 à octobre 2008
1998-05-16,6,24,21,37,30,43,14551575.0,Historique Loto de mai 1976 à octobre 2008
1998-05-20,16,31,39,3,5,34,2795000.0,Historique Loto de mai 1976 à octobre 2008
1998-05-20,8,49,18,42,17,1,0.0,Historique Loto de mai 1976 à octobre 2008
1998-05-23,19,13,39,27,42,45,3323025.0,Historique Loto de mai 1976 à octobre 2008
1998-05-23,1,23,25,2,4,6,0.0,Historique Loto de mai 1976 à octobre 2008
1998-05-27,38,25,40,17,41,44,0.0,Historique Loto de mai 1976 à octobre 2008
1998-05-27,41,21,34,32,13,40,13751180.0,Historique Loto de mai 1976 à octobre 2008
1998-05-30,2,4,14,30,16,20,7946820.0,Historique Loto de mai 1976 à octobre 2008
1998-05-30,20,23,24,40,47,36,0.0,Historique Loto de mai 1976 à octobre 2008
1998-06-03,42,30,26,15,41,12,2120455.0,Historique Loto de mai 1976 à octobre 2008
1998-06-03,46,2,14,23,35,5,0.0,Historique Loto de mai 1976 à octobre 2008
1998-06-06,22,8,3,42,23,44,2804310.0,Historique Loto de mai 1976 à octobre 2008
1998-06-06,31,35,28,14,47,29,16449115.0,Historique Loto de mai 1976 à octobre 2008
1998-06-10,37,42,8,25,7,26,7625720.0,Historique Loto de mai 1976 à octobre 2008
1998-06-10,32,4,11,6,1,5,15013085.0,Historique Loto de mai 1976 à octobre 2008
1998-06-13,24,18,41,25,10,40,6925735.0,Historique Loto de mai 1976 à octobre 2008
1998-06-13,15,24,48,1,42,17,0.0,Historique Loto de mai 1976 à octobre 2008
1998-06-17,24,41,5,33,22,11,13806425.0,Historique Loto de mai 1976 à octobre 2008
1998-06-17,3,43,8,2,11,44,3226015.0,Historique Loto de mai 1976 à octobre 2008
1998-06-20,15,42,10,5,3,44,0.0,Historique Loto de mai 1976 à octobre 2008
1998-06-20,1,18,44,9,22,5,3808805.0,Historique Loto de mai 1976 à octobre 2008
1998-06-24,9,3,41,31,22,32,0.0,Historique Loto de mai 1976 à octobre 2008
1998-06-24,25,33,23,43,20,30,13376675.0,Historique Loto de mai 1976 à octobre 2008
1998-06-27,26,11,46,29,36,14,0.0,Historique Loto de mai 1976 à octobre 2008
1998-06-27,48,9,4,18,2,36,24367335.0,Historique Loto de mai 1976 à octobre 2008
1998-07-01,47,25,19,11,10,1,1598960.0,Historique Loto de mai 1976 à octobre 2008
1998-07-01,25,42,35,46,49,30,13614205.0,Historique Loto de mai 1976 à octobre 2008
1998-07-04,12,32,34,4,6,20,1678755.0,Historique Loto de mai 1976 à octobre 2008
1998-07-04,33,47,8,20,15,45,14291805.0,Historique Loto de mai 1976 à octobre 2008
1998-07-08,28,13,10,25,33,35,3156710.0,Historique Loto de mai 1976 à octobre 2008
1998-07-08,45,7,21,20,14,2,1944250.0,Historique Loto de mai 1976 à octobre 2008
1998-07-11,10,2,1,9,31,26,2876250.0,Historique Loto de mai 1976 à octobre 2008
1998-07-11,25,29,36,42,22,44,3336840.0,Historique Loto de mai 1976 à octobre 2008
1998-07-15,33,36,17,28,29,22,0.0,Historique Loto de mai 1976 à octobre 2008
1998-07-15,9,48,45,43,28,42,4236905.0,Historique Loto de mai 1976 à octobre 2008
1998-07-18,14,4,26,32,40,42,2171400.0,Historique Loto de mai 1976 à octobre 2008
1998-07-18,46,41,10,17,30,27,3491460.0,Historique Loto de mai 1976 à octobre 2008
1998-07-22,15,41,1,39,8,33,0.0,Historique Loto de mai 1976 à octobre 2008
1998-07-22,29,21,10,33,7,12,4414625.0,Historique Loto de mai 1976 à octobre 2008
1998-07-25,33,19,34,37,48,23,3223940.0,Historique Loto de mai 1976 à octobre 2008
1998-07-25,24,40,8,27,21,48,4626875.0,Historique Loto de mai 1976 à octobre 2008
1998-07-29,22,46,3,1,41,42,0.0,Historique Loto de mai 1976 à octobre 2008
1998-07-29,16,31,14,29,28,17,0.0,Historique Loto de mai 1976 à octobre 2008
1998-08-01,48,34,17,49,45,47,3259990.0,Historique Loto de mai 1976 à octobre 2008
1998-08-01,19,40,14,4,20,26,0.0,Historique Loto de mai 1976 à octobre 2008
1998-08-05,41,19,29,8,3,1,32041580.0,Historique Loto de mai 1976 à octobre 2008
1998-08-05,36,2,32,38,44,35,8801555.0,Historique Loto de mai 1976 à octobre 2008
1998-08-08,27,16,7,39,29,14,31727665.0,Historique Loto de mai 1976 à octobre 2008
1998-08-08,46,49,26,17,41,42,8294125.0,Historique Loto de mai 1976 à octobre 2008
1998-08-12,16,43,45,4,42,36,0.0,Historique Loto de mai 1976 à octobre 2008
1998-08-12,25,30,47,10,26,13,0.0,Historique Loto de mai 1976 à octobre 2008
1998-08-15,12,49,28,38,11,43,6083750.0,Historique Loto de mai 1976 à octobre 2008
1998-08-15,39,21,29,28,40,7,0.0,Historique Loto de mai 1976 à octobre 2008
1998-08-19,34,45,3,26,14,29,4275040.0,Historique Loto de mai 1976 à octobre 2008
1998-08-19,24,49,14,12,47,21,6399215.0,Historique Loto de mai 1976 à octobre 2008
1998-08-22,26,12,43,22,35,16,0.0,Historique Loto de mai 1976 à octobre 2008
1998-08-22,37,40,49,4,30,43,0.0,Historique Loto de mai 1976 à octobre 2008
1998-08-26,3,16,6,22,1,2,1103070.0,Historique Loto de mai 1976 à octobre 2008
1998-08-26,43,16,12,15,49,30,14064455.0,Historique Loto de mai 1976 à octobre 2008
1998-08-29,23,31,5,9,20,16,23019830.0,Historique Loto de mai 1976 à octobre 2008
1998-08-29,34,24,12,32,36,6,9026415.0,Historique Loto de mai 1976 à octobre 2008
1998-09-02,33,36,48,7,8,23,0.0,Historique Loto de mai 1976 à octobre 2008
1998-09-02,1,27,29,49,46,35,14136825.0,Historique Loto de mai 1976 à octobre 2008
1998-09-05,35,44,19,32,5,28,6991145.0,Historique Loto de mai 1976 à octobre 2008
1998-09-05,16,31,27,30,22,39,7578165.0,Historique Loto de mai 1976 à octobre 2008
1998-09-09,18,21,10,48,42,14,3272385.0,Historique Loto de mai 1976 à octobre 2008
1998-09-09,25,36,32,47,26,43,14005595.0,Historique Loto de mai 1976 à octobre 2008
1998-09-12,2,49,5,23,38,9,0.0,Historique Loto de mai 1976 à octobre 2008
1998-09-12,2,46,18,20,39,28,2512240.0,Historique Loto de mai 1976 à octobre 2008
1998-09-16,46,13,42,40,25,44,3223220.0,Historique Loto de mai 1976 à octobre 2008
1998-09-16,10,22,36,26,38,27,0.0,Historique Loto de mai 1976 à octobre 2008
1998-09-19,28,12,3,9,49,37,1710765.0,Historique Loto de mai 1976 à octobre 2008
1998-09-19,46,48,31,25,38,45,3665065.0,Historique Loto de mai 1976 à octobre 2008
1998-09-23,26,44,21,47,4,13,0.0,Historique Loto de mai 1976 à octobre 2008
1998-09-23,27,19,40,9,22,8,15025910.0,Historique Loto de mai 1976 à octobre 2008
1998-09-26,6,16,43,23,22,46,6867850.0,Historique Loto de mai 1976 à octobre 2008
1998-09-26,32,26,28,10,42,40,14827415.0,Historique Loto de mai 1976 à octobre 2008
1998-09-30,2,45,11,47,36,22,13600315.0,Historique Loto de mai 1976 à octobre 2008
1998-09-30,36,31,38,11,16,3,3178030.0,Historique Loto de mai 1976 à octobre 2008
1998-10-03,12,37,36,22,5,32,14496220.0,Historique Loto de mai 1976 à octobre 2008
1998-10-03,22,12,16,2,29,1,0.0,Historique Loto de mai 1976 à octobre 2008
1998-10-07,8,2,48,29,10,45,6529870.0,Historique Loto de mai 1976 à octobre 2008
1998-10-07,16,24,32,26,44,28,7074370.0,Historique Loto de mai 1976 à octobre 2008
1998-10-10,10,37,45,46,48,28,3560700.0,Historique Loto de mai 1976 à octobre 2008
1998-10-10,36,37,44,16,41,20,0.0,Historique Loto de mai 1976 à octobre 2008
1998-10-14,38,39,9,5,45,7,2214480.0,Historique Loto de mai 1976 à octobre 2008
1998-10-14,36,16,15,26,4,21,14152530.0,Historique Loto de mai 1976 à octobre 2008
1998-10-17,34,41,13,23,26,18,8443965.0,Historique Loto de mai 1976 à octobre 2008
1998-10-17,35,47,28,30,4,2,16747860.0,Historique Loto de mai 1976 à octobre 2008
1998-10-21,8,17,7,22,29,47,2180280.0,Historique Loto de mai 1976 à octobre 2008
1998-10-21,26,15,11,8,47,38,0.0,Historique Loto de mai 1976 à octobre 2008
1998-10-24,12,3,27,37,33,9,7471480.0,Historique Loto de mai 1976 à octobre 2008
1998-10-24,41,27,24,32,49,26,3476680.0,Historique Loto de mai 1976 à octobre 2008
1998-10-28,18,36,13,12,7,17,3239610.0,Historique Loto de mai 1976 à octobre 2008
1998-10-28,18,31,23,36,25,46,6959615.0,Historique Loto de mai 1976 à octobre 2008
1998-10-31,42,22,12,8,34,49,2343370.0,Historique Loto de mai 1976 à octobre 2008
1998-10-31,3,1,43,38,9,29,0.0,Historique Loto de mai 1976 à octobre 2008
1998-11-04,16,40,42,12,30,46,6426605.0,Historique Loto de mai 1976 à octobre 2008
1998-11-04,43,17,46,42,38,2,13868740.0,Historique Loto de mai 1976 à octobre 2008
1998-11-07,37,42,45,22,24,47,1771635.0,Historique Loto de mai 1976 à octobre 2008
1998-11-07,15,10,29,25,30,28,0.0,Historique Loto de mai 1976 à octobre 2008
1998-11-11,46,42,37,30,14,49,0.0,Historique Loto de mai 1976 à octobre 2008
1998-11-11,8,42,39,34,24,22,12818385.0,Historique Loto de mai 1976 à octobre 2008
1998-11-14,14,16,17,20,47,25,2362875.0,Historique Loto de mai 1976 à octobre 2008
1998-11-14,15,30,33,21,6,24,7584850.0,Historique Loto de mai 1976 à octobre 2008
1998-11-18,5,37,49,17,8,43,0.0,Historique Loto de mai 1976 à octobre 2008
1998-11-18,15,37,12,4,24,16,0.0,Historique Loto de mai 1976 à octobre 2008
1998-11-21,24,19,9,41,1,44,10189715.0,Historique Loto de mai 1976 à octobre 2008
1998-11-21,37,13,6,4,42,10,8173885.0,Historique Loto de mai 1976 à octobre 2008
1998-11-25,12,46,13,25,24,30,0.0,Historique Loto de mai 1976 à octobre 2008
1998-11-25,17,16,4,9,38,44,0.0,Historique Loto de mai 1976 à octobre 2008
1998-11-28,15,6,34,30,39,47,7053780.0,Historique Loto de mai 1976 à octobre 2008
1998-11-28,35,18,44,24,2,7,15231370.0,Historique Loto de mai 1976 à octobre 2008
1998-12-02,35,21,45,11,5,46,2807890.0,Historique Loto de mai 1976 à octobre 2008
1998-12-02,15,24,38,40,21,28,45277015.0,Historique Loto de mai 1976 à octobre 2008
1998-12-05,2,5,27,49,45,42,3541950.0,Historique Loto de mai 1976 à octobre 2008
1998-12-05,44,9,5,46,12,16,7612405.0,Historique Loto de mai 1976 à octobre 2008
1998-12-09,11,34,15,30,29,5,2166210.0,Historique Loto de mai 1976 à octobre 2008
1998-12-09,16,34,11,24,26,3,13843555.0,Historique Loto de mai 1976 à octobre 2008
1998-12-12,28,6,1,2,4,42,7499220.0,Historique Loto de mai 1976 à octobre 2008
1998-12-12,20,36,10,18,26,4,0.0,Historique Loto de mai 1976 à octobre 2008
1998-12-16,37,40,5,44,35,2,6422545.0,Historique Loto de mai 1976 à octobre 2008
1998-12-16,24,14,21,42,15,6,0.0,Historique Loto de mai 1976 à octobre 2008
1998-12-19,25,49,11,19,46,28,6836685.0,Historique Loto de mai 1976 à octobre 2008
1998-12-19,48,23,24,31,20,7,4949730.0,Historique Loto de mai 1976 à octobre 2008
1998-12-23,22,42,20,28,7,8,0.0,Historique Loto de mai 1976 à octobre 2008
1998-12-23,13,16,38,42,46,35,11659785.0,Historique Loto de mai 1976 à octobre 2008
1998-12-26,1,18,48,7,21,14,3686195.0,Historique Loto de mai 1976 à octobre 2008
1998-12-26,15,18,30,21,39,46,7923845.0,Historique Loto de mai 1976 à octobre 2008
1998-12-30,23,43,42,21,25,12,0.0,Historique Loto de mai 1976 à octobre 2008
1998-12-30,15,33,18,23,13,45,0.0,Historique Loto de mai 1976 à octobre 2008
1999-01-02,14,28,25,2,12,18,0.0,Historique Loto de mai 1976 à octobre 2008
1999-01-02,16,27,2,42,32,19,5706180.0,Historique Loto de mai 1976 à octobre 2008
1999-01-06,45,30,22,10,28,2,0.0,Historique Loto de mai 1976 à octobre 2008
1999-01-06,19,28,33,3,10,25,7582095.0,Historique Loto de mai 1976 à octobre 2008
1999-01-09,25,14,41,35,23,16,0.0,Historique Loto de mai 1976 à octobre 2008
1999-01-09,15,44,16,38,3,34,5067075.0,Historique Loto de mai 1976 à octobre 2008
1999-01-13,8,22,11,6,49,35,0.0,Historique Loto de mai 1976 à octobre 2008
1999-01-13,6,42,13,49,43,15,6827155.0,Historique Loto de mai 1976 à octobre 2008
1999-01-16,15,42,37,30,47,14,2836580.0,Historique Loto de mai 1976 à octobre 2008
1999-01-16,19,48,34,21,15,13,75085410.0,Historique Loto de mai 1976 à octobre 2008
1999-01-20,3,22,13,45,25,29,3408830.0,Historique Loto de mai 1976 à octobre 2008
1999-01-20,34,4,46,36,3,2,0.0,Historique Loto de mai 1976 à octobre 2008
1999-01-23,14,9,1,49,30,15,2425745.0,Historique Loto de mai 1976 à octobre 2008
1999-01-23,35,4,29,18,1,8,15513635.0,Historique Loto de mai 1976 à octobre 2008
1999-01-27,32,42,38,3,34,33,2762105.0,Historique Loto de mai 1976 à octobre 2008
1999-01-27,40,1,38,2,47,39,0.0,Historique Loto de mai 1976 à octobre 2008
1999-01-30,1,33,41,8,39,18,3667585.0,Historique Loto de mai 1976 à octobre 2008
1999-01-30,19,15,33,16,7,6,7883660.0,Historique Loto de mai 1976 à octobre 2008
1999-02-03,21,45,38,20,15,26,14805175.0,Historique Loto de mai 1976 à octobre 2008
1999-02-03,11,32,39,16,23,22,3458545.0,Historique Loto de mai 1976 à octobre 2008
1999-02-06,36,42,20,9,47,6,0.0,Historique Loto de mai 1976 à octobre 2008
1999-02-06,27,41,6,34,39,4,16051840.0,Historique Loto de mai 1976 à octobre 2008
1999-02-10,20,12,4,38,39,25,0.0,Historique Loto de mai 1976 à octobre 2008
1999-02-10,12,3,27,11,13,35,4791490.0,Historique Loto de mai 1976 à octobre 2008
1999-02-13,34,7,9,22,10,16,2531160.0,Historique Loto de mai 1976 à octobre 2008
1999-02-13,3,10,45,20,27,1,16192800.0,Historique Loto de mai 1976 à octobre 2008
1999-02-17,4,29,20,10,32,17,6546940.0,Historique Loto de mai 1976 à octobre 2008
1999-02-17,39,9,36,20,1,27,0.0,Historique Loto de mai 1976 à octobre 2008
1999-02-20,19,33,3,35,37,31,0.0,Historique Loto de mai 1976 à octobre 2008
1999-02-20,39,27,43,16,45,23,23398145.0,Historique Loto de mai 1976 à octobre 2008
1999-02-24,35,3,38,32,23,2,4031830.0,Historique Loto de mai 1976 à octobre 2008
1999-02-24,16,12,13,11,29,3,30915500.0,Historique Loto de mai 1976 à octobre 2008
1999-02-27,31,19,36,6,15,25,8164850.0,Historique Loto de mai 1976 à octobre 2008
1999-02-27,24,36,12,40,30,22,9146710.0,Historique Loto de mai 1976 à octobre 2008
1999-03-03,38,17,1,35,16,36,0.0,Historique Loto de mai 1976 à octobre 2008
1999-03-03,23,20,44,5,32,41,6752560.0,Historique Loto de mai 1976 à octobre 2008
1999-03-06,26,34,3,16,30,31,0.0,Historique Loto de mai 1976 à octobre 2008
1999-03-06,21,26,30,24,44,39,5392690.0,Historique Loto de mai 1976 à octobre 2008
1999-03-10,40,21,6,26,15,10,0.0,Historique Loto de mai 1976 à octobre 2008
1999-03-10,6,23,33,1,4,11,30444300.0,Historique Loto de mai 1976 à octobre 2008
1999-03-13,30,19,34,3,32,24,7410075.0,Historique Loto de mai 1976 à octobre 2008
1999-03-13,38,25,17,34,12,44,2688015.0,Historique Loto de mai 1976 à octobre 2008
1999-03-17,48,45,49,6,13,42,5449665.0,Historique Loto de mai 1976 à octobre 2008
1999-03-17,14,36,31,47,23,35,0.0,Historique Loto de mai 1976 à octobre 2008
1999-03-20,22,25,39,24,5,8,2518225.0,Historique Loto de mai 1976 à octobre 2008
1999-03-20,38,14,13,48,42,11,16109445.0,Historique Loto de mai 1976 à octobre 2008
1999-03-24,31,12,11,41,9,14,20009555.0,Historique Loto de mai 1976 à octobre 2008
1999-03-24,1,28,7,11,48,49,1771815.0,Historique Loto de mai 1976 à octobre 2008
1999-03-27,16,14,15,1,40,33,0.0,Historique Loto de mai 1976 à octobre 2008
1999-03-27,14,17,8,28,19,12,5433855.0,Historique Loto de mai 1976 à octobre 2008
1999-03-31,43,25,47,41,10,40,2261180.0,Historique Loto de mai 1976 à octobre 2008
1999-03-31,26,4,39,25,9,21,0.0,Historique Loto de mai 1976 à octobre 2008
1999-04-03,24,38,10,5,23,1,7120295.0,Historique Loto de mai 1976 à octobre 2008
1999-04-03,18,42,28,13,31,26,15375890.0,Historique Loto de mai 1976 à octobre 2008
1999-04-07,5,11,49,22,41,3,0.0,Historique Loto de mai 1976 à octobre 2008
1999-04-07,10,17,28,16,9,41,0.0,Historique Loto de mai 1976 à octobre 2008
1999-04-10,7,35,44,29,20,33,0.0,Historique Loto de mai 1976 à octobre 2008
1999-04-10,40,14,30,39,37,25,30903735.0,Historique Loto de mai 1976 à octobre 2008
1999-04-14,39,34,33,32,21,5,3353005.0,Historique Loto de mai 1976 à octobre 2008
1999-04-14,29,32,39,23,30,44,14351855.0,Historique Loto de mai 1976 à octobre 2008
1999-04-17,20,15,21,26,9,30,1794840.0,Historique Loto de mai 1976 à octobre 2008
1999-04-17,26,37,18,34,28,5,7669830.0,Historique Loto de mai 1976 à octobre 2008
1999-04-21,9,4,16,12,38,19,3280660.0,Historique Loto de mai 1976 à octobre 2008
1999-04-21,33,7,12,42,27,34,14041140.0,Historique Loto de mai 1976 à octobre 2008
1999-04-24,21,12,15,30,16,3,3498215.0,Historique Loto de mai 1976 à octobre 2008
1999-04-24,16,32,9,13,3,14,7517975.0,Historique Loto de mai 1976 à octobre 2008
1999-04-28,5,15,35,47,42,3,1601975.0,Historique Loto de mai 1976 à octobre 2008
1999-04-28,19,9,6,15,24,23,3431615.0,Historique Loto de mai 1976 à octobre 2008
1999-05-01,20,27,21,31,42,37,6095285.0,Historique Loto de mai 1976 à octobre 2008
1999-05-01,4,41,29,19,18,21,13148890.0,Historique Loto de mai 1976 à octobre 2008
1999-05-05,30,41,12,28,19,2,5109385.0,Historique Loto de mai 1976 à octobre 2008
1999-05-05,37,26,36,16,35,9,8664965.0,Historique Loto de mai 1976 à octobre 2008
1999-05-08,43,13,4,2,23,41,6570775.0,Historique Loto de mai 1976 à octobre 2008
1999-05-08,49,24,47,22,23,27,0.0,Historique Loto de mai 1976 à octobre 2008
1999-05-12,46,34,47,19,35,18,6478390.0,Historique Loto de mai 1976 à octobre 2008
1999-05-12,11,17,45,4,26,22,3517895.0,Historique Loto de mai 1976 à octobre 2008
1999-05-15,25,37,44,35,42,38,0.0,Historique Loto de mai 1976 à octobre 2008
1999-05-15,40,43,2,27,39,32,0.0,Historique Loto de mai 1976 à octobre 2008
1999-05-19,1,20,29,47,44,19,2125025.0,Historique Loto de mai 1976 à octobre 2008
1999-05-19,22,32,47,26,37,5,0.0,Historique Loto de mai 1976 à octobre 2008
1999-05-22,45,1,10,23,11,15,2267545.0,Historique Loto de mai 1976 à octobre 2008
1999-05-22,7,5,20,43,21,46,7276115.0,Historique Loto de mai 1976 à octobre 2008
1999-05-26,38,40,37,1,10,18,13113335.0,Historique Loto de mai 1976 à octobre 2008
1999-05-26,44,22,46,19,14,24,0.0,Historique Loto de mai 1976 à octobre 2008
1999-05-29,26,18,25,5,46,11,5912015.0,Historique Loto de mai 1976 à octobre 2008
1999-05-29,4,48,13,36,47,20,17133335.0,Historique Loto de mai 1976 à octobre 2008
1999-06-02,23,20,4,40,2,3,0.0,Historique Loto de mai 1976 à octobre 2008
1999-06-02,29,22,38,2,37,33,4543920.0,Historique Loto de mai 1976 à octobre 2008
1999-06-05,44,42,19,16,22,25,4096700.0,Historique Loto de mai 1976 à octobre 2008
1999-06-05,6,39,35,17,36,18,6055600.0,Historique Loto de mai 1976 à octobre 2008
1999-06-09,17,5,22,3,35,48,1056085.0,Historique Loto de mai 1976 à octobre 2008
1999-06-09,18,9,14,49,12,30,3387695.0,Historique Loto de mai 1976 à octobre 2008
1999-06-12,18,20,46,14,27,22,3422940.0,Historique Loto de mai 1976 à octobre 2008
1999-06-12,11,24,49,6,38,37,14652230.0,Historique Loto de mai 1976 à octobre 2008
1999-06-16,3,5,37,39,46,22,0.0,Historique Loto de mai 1976 à octobre 2008
1999-06-16,46,37,31,36,15,24,0.0,Historique Loto de mai 1976 à octobre 2008
1999-06-19,34,20,35,40,30,5,0.0,Historique Loto de mai 1976 à octobre 2008
1999-06-19,2,40,19,8,45,31,6565295.0,Historique Loto de mai 1976 à octobre 2008
1999-06-23,42,19,10,16,8,47,30003525.0,Historique Loto de mai 1976 à octobre 2008
1999-06-23,26,20,14,33,23,38,7435695.0,Historique Loto de mai 1976 à octobre 2008
1999-06-26,30,47,37,35,36,21,0.0,Historique Loto de mai 1976 à octobre 2008
1999-06-26,46,9,2,22,5,25,15031210.0,Historique Loto de mai 1976 à octobre 2008
1999-06-30,42,5,22,39,46,47,3064670.0,Historique Loto de mai 1976 à octobre 2008
1999-06-30,20,26,6,21,34,5,0.0,Historique Loto de mai 1976 à octobre 2008
1999-07-03,32,23,24,37,3,29,0.0,Historique Loto de mai 1976 à octobre 2008
1999-07-03,38,19,32,31,15,23,7051270.0,Historique Loto de mai 1976 à octobre 2008
1999-07-07,3,29,19,27,30,14,4107045.0,Historique Loto de mai 1976 à octobre 2008
1999-07-07,27,22,14,24,37,3,4301465.0,Historique Loto de mai 1976 à octobre 2008
1999-07-10,3,48,7,15,23,45,2244960.0,Historique Loto de mai 1976 à octobre 2008
1999-07-10,28,6,34,22,20,24,7202960.0,Historique Loto de mai 1976 à octobre 2008
1999-07-14,48,44,42,28,1,18,12564825.0,Historique Loto de mai 1976 à octobre 2008
1999-07-14,16,17,8,29,14,31,5826460.0,Historique Loto de mai 1976 à octobre 2008
1999-07-17,25,7,11,27,24,19,1077280.0,Historique Loto de mai 1976 à octobre 2008
1999-07-17,7,8,34,38,29,11,0.0,Historique Loto de mai 1976 à octobre 2008
1999-07-21,36,40,20,19,28,11,3002075.0,Historique Loto de mai 1976 à octobre 2008
1999-07-21,34,20,27,13,5,44,2155530.0,Historique Loto de mai 1976 à octobre 2008
1999-07-24,20,10,2,41,26,13,7592845.0,Historique Loto de mai 1976 à octobre 2008
1999-07-24,49,9,15,37,36,38,15572655.0,Historique Loto de mai 1976 à octobre 2008
1999-07-28,20,9,37,39,6,40,2000545.0,Historique Loto de mai 1976 à octobre 2008
1999-07-28,47,24,34,48,21,42,0.0,Historique Loto de mai 1976 à octobre 2008
1999-07-31,40,45,32,47,16,23,3180390.0,Historique Loto de mai 1976 à octobre 2008
1999-07-31,7,18,31,28,10,3,1524780.0,Historique Loto de mai 1976 à octobre 2008
1999-08-04,23,4,41,12,26,3,6730025.0,Historique Loto de mai 1976 à octobre 2008
1999-08-04,40,28,22,30,29,32,0.0,Historique Loto de mai 1976 à octobre 2008
1999-08-07,31,20,40,30,3,5,0.0,Historique Loto de mai 1976 à octobre 2008
1999-08-07,31,14,32,7,11,9,0.0,Historique Loto de mai 1976 à octobre 2008
1999-08-11,11,31,1,47,32,43,0.0,Historique Loto de mai 1976 à octobre 2008
1999-08-11,15,24,47,38,28,44,0.0,Historique Loto de mai 1976 à octobre 2008
1999-08-14,15,33,35,9,19,22,17389525.0,Historique Loto de mai 1976 à octobre 2008
1999-08-14,44,5,33,1,39,41,11024745.0,Historique Loto de mai 1976 à octobre 2008
1999-08-18,21,46,33,15,7,16,0.0,Historique Loto de mai 1976 à octobre 2008
1999-08-18,17,4,20,44,49,11,7522300.0,Historique Loto de mai 1976 à octobre 2008
1999-08-21,41,11,46,34,26,28,1640750.0,Historique Loto de mai 1976 à octobre 2008
1999-08-21,10,1,31,34,14,4,22540950.0,Historique Loto de mai 1976 à octobre 2008
1999-08-25,8,48,6,12,15,11,1522825.0,Historique Loto de mai 1976 à octobre 2008
1999-08-25,47,7,20,9,23,24,6508620.0,Historique Loto de mai 1976 à octobre 2008
1999-08-28,7,17,44,25,47,2,3309650.0,Historique Loto de mai 1976 à octobre 2008
1999-08-28,7,1,40,5,2,44,4750640.0,Historique Loto de mai 1976 à octobre 2008
1999-09-01,26,9,4,19,11,30,1537545.0,Historique Loto de mai 1976 à octobre 2008
1999-09-01,11,18,6,7,28,21,4389400.0,Historique Loto de mai 1976 à octobre 2008
1999-09-04,15,47,41,38,6,28,6086445.0,Historique Loto de mai 1976 à octobre 2008
1999-09-04,3,47,36,26,39,40,0.0,Historique Loto de mai 1976 à octobre 2008
1999-09-08,42,6,40,45,7,10,3103270.0,Historique Loto de mai 1976 à octobre 2008
1999-09-08,33,25,49,31,48,37,13279210.0,Historique Loto de mai 1976 à octobre 2008
1999-09-11,3,49,9,23,48,26,6701280.0,Historique Loto de mai 1976 à octobre 2008
1999-09-11,10,24,18,17,4,15,7261585.0,Historique Loto de mai 1976 à octobre 2008
1999-09-15,3,30,13,37,43,45,0.0,Historique Loto de mai 1976 à octobre 2008
1999-09-15,1,8,42,3,45,33,13198045.0,Historique Loto de mai 1976 à octobre 2008
1999-09-18,33,26,15,35,22,16,672500.0,Historique Loto de mai 1976 à octobre 2008
1999-09-18,12,9,11,35,7,48,7151305.0,Historique Loto de mai 1976 à octobre 2008
1999-09-22,6,8,14,31,20,13,3032950.0,Historique Loto de mai 1976 à octobre 2008
1999-09-22,30,37,17,25,46,27,0.0,Historique Loto de mai 1976 à octobre 2008
1999-09-25,45,22,49,48,12,46,3302040.0,Historique Loto de mai 1976 à octobre 2008
1999-09-25,10,5,11,2,15,24,1583465.0,Historique Loto de mai 1976 à octobre 2008
1999-09-29,30,38,2,12,1,41,31080545.0,Historique Loto de mai 1976 à octobre 2008
1999-09-29,3,11,13,22,28,14,1062335.0,Historique Loto de mai 1976 à octobre 2008
1999-10-02,45,12,7,33,23,38,14792950.0,Historique Loto de mai 1976 à octobre 2008
1999-10-02,45,27,2,3,21,39,3455700.0,Historique Loto de mai 1976 à octobre 2008
1999-10-06,49,35,39,25,46,3,0.0,Historique Loto de mai 1976 à octobre 2008
1999-10-06,38,5,39,20,42,33,6712900.0,Historique Loto de mai 1976 à octobre 2008
1999-10-09,42,29,20,33,30,13,6702020.0,Historique Loto de mai 1976 à octobre 2008
1999-10-09,49,27,21,34,5,41,2428865.0,Historique Loto de mai 1976 à octobre 2008
1999-10-13,10,26,12,9,30,23,4357875.0,Historique Loto de mai 1976 à octobre 2008
1999-10-13,32,35,2,36,44,15,31139545.0,Historique Loto de mai 1976 à octobre 2008
1999-10-16,47,2,15,5,11,9,992690.0,Historique Loto de mai 1976 à octobre 2008
1999-10-16,33,26,42,13,6,32,7406995.0,Historique Loto de mai 1976 à octobre 2008
1999-10-20,28,21,18,14,7,47,6361920.0,Historique Loto de mai 1976 à octobre 2008
1999-10-20,7,23,12,38,39,32,13728200.0,Historique Loto de mai 1976 à octobre 2008
1999-10-23,12,28,23,26,49,5,14552650.0,Historique Loto de mai 1976 à octobre 2008
1999-10-23,3,32,1,13,16,21,0.0,Historique Loto de mai 1976 à octobre 2008
1999-10-27,12,23,48,3,38,10,6170895.0,Historique Loto de mai 1976 à octobre 2008
1999-10-27,33,3,31,25,34,44,13313165.0,Historique Loto de mai 1976 à octobre 2008
1999-10-30,27,17,10,49,5,33,3381575.0,Historique Loto de mai 1976 à octobre 2008
1999-10-30,2,24,23,6,1,39,14474565.0,Historique Loto de mai 1976 à octobre 2008
1999-11-03,32,43,8,25,35,40,0.0,Historique Loto de mai 1976 à octobre 2008
1999-11-03,20,24,29,21,15,22,13014720.0,Historique Loto de mai 1976 à octobre 2008
1999-11-06,17,29,3,39,12,22,6651555.0,Historique Loto de mai 1976 à octobre 2008
1999-11-06,38,36,7,45,12,20,3612965.0,Historique Loto de mai 1976 à octobre 2008
1999-11-10,36,10,21,29,47,46,4661160.0,Historique Loto de mai 1976 à octobre 2008
1999-11-10,33,9,40,23,1,3,0.0,Historique Loto de mai 1976 à octobre 2008
1999-11-13,11,38,12,31,4,1,2351445.0,Historique Loto de mai 1976 à octobre 2008
1999-11-13,11,35,20,49,23,48,0.0,Historique Loto de mai 1976 à octobre 2008
1999-11-17,36,35,20,8,24,18,6270265.0,Historique Loto de mai 1976 à octobre 2008
1999-11-17,49,2,19,34,29,47,0.0,Historique Loto de mai 1976 à octobre 2008
1999-11-20,1,41,2,25,48,24,2071455.0,Historique Loto de mai 1976 à octobre 2008
1999-11-20,19,45,2,25,10,8,22544575.0,Historique Loto de mai 1976 à octobre 2008
1999-11-24,14,30,37,13,49,5,15458605.0,Historique Loto de mai 1976 à octobre 2008
1999-11-24,6,31,47,44,40,39,0.0,Historique Loto de mai 1976 à octobre 2008
1999-11-27,40,42,6,35,19,38,14482645.0,Historique Loto de mai 1976 à octobre 2008
1999-11-27,31,48,33,4,5,19,6709165.0,Historique Loto de mai 1976 à octobre 2008
1999-12-01,4,1,49,23,26,2,2086755.0,Historique Loto de mai 1976 à octobre 2008
1999-12-01,49,14,21,4,24,15,6694540.0,Historique Loto de mai 1976 à octobre 2008
1999-12-04,48,45,21,43,16,33,2863305.0,Historique Loto de mai 1976 à octobre 2008
1999-12-04,1,19,31,43,4,37,30021790.0,Historique Loto de mai 1976 à octobre 2008
1999-12-08,45,46,1,32,9,34,0.0,Historique Loto de mai 1976 à octobre 2008
1999-12-08,24,20,12,5,7,19,3384935.0,Historique Loto de mai 1976 à octobre 2008
1999-12-11,11,48,45,35,46,21,6773870.0,Historique Loto de mai 1976 à octobre 2008
1999-12-11,28,40,22,2,37,24,7340860.0,Historique Loto de mai 1976 à octobre 2008
1999-12-15,34,4,27,49,6,15,0.0,Historique Loto de mai 1976 à octobre 2008
1999-12-15,45,43,35,2,12,39,30051125.0,Historique Loto de mai 1976 à octobre 2008
1999-12-18,30,38,39,19,37,23,7263060.0,Historique Loto de mai 1976 à octobre 2008
1999-12-18,19,45,37,9,2,44,3380150.0,Historique Loto de mai 1976 à octobre 2008
1999-12-22,28,21,27,6,31,38,2104025.0,Historique Loto de mai 1976 à octobre 2008
1999-12-22,8,41,43,33,44,42,6749835.0,Historique Loto de mai 1976 à octobre 2008
1999-12-25,37,14,36,41,1,3,6410765.0,Historique Loto de mai 1976 à octobre 2008
1999-12-25,23,8,49,11,47,18,6944285.0,Historique Loto de mai 1976 à octobre 2008
1999-12-29,45,25,11,39,38,43,3103275.0,Historique Loto de mai 1976 à octobre 2008
1999-12-29,15,26,19,47,27,34,13279245.0,Historique Loto de mai 1976 à octobre 2008
2000-01-01,43,35,49,12,2,44,0.0,Historique Loto de mai 1976 à octobre 2008
2000-01-01,35,28,27,39,30,41,4444955.0,Historique Loto de mai 1976 à octobre 2008
2000-01-05,15,22,13,21,27,35,1013690.0,Historique Loto de mai 1976 à octobre 2008
2000-01-05,6,47,42,11,3,41,12925935.0,Historique Loto de mai 1976 à octobre 2008
2000-01-08,29,31,40,21,44,20,8589015.0,Historique Loto de mai 1976 à octobre 2008
2000-01-08,23,31,36,14,35,7,2311190.0,Historique Loto de mai 1976 à octobre 2008
2000-01-12,25,22,7,4,26,6,0.0,Historique Loto de mai 1976 à octobre 2008
2000-01-12,7,29,36,30,18,15,0.0,Historique Loto de mai 1976 à octobre 2008
2000-01-15,43,8,14,12,7,9,0.0,Historique Loto de mai 1976 à octobre 2008
2000-01-15,42,16,7,46,30,41,0.0,Historique Loto de mai 1976 à octobre 2008
2000-01-19,22,39,25,10,41,27,0.0,Historique Loto de mai 1976 à octobre 2008
2000-01-19,40,5,1,10,49,8,2480425.0,Historique Loto de mai 1976 à octobre 2008
2000-01-22,14,28,37,16,7,24,1882120.0,Historique Loto de mai 1976 à octobre 2008
2000-01-22,18,23,9,4,28,2,0.0,Historique Loto de mai 1976 à octobre 2008
2000-01-26,19,12,25,48,47,28,755090.0,Historique Loto de mai 1976 à octobre 2008
2000-01-26,4,22,48,15,11,18,3223370.0,Historique Loto de mai 1976 à octobre 2008
2000-01-29,45,43,37,28,44,23,4197480.0,Historique Loto de mai 1976 à octobre 2008
2000-01-29,12,7,32,9,3,13,6456285.0,Historique Loto de mai 1976 à octobre 2008
2000-02-02,12,16,6,7,41,32,3032765.0,Historique Loto de mai 1976 à octobre 2008
2000-02-02,9,47,4,7,44,32,12976395.0,Historique Loto de mai 1976 à octobre 2008
2000-02-05,45,21,48,25,33,15,2880615.0,Historique Loto de mai 1976 à octobre 2008
2000-02-05,28,41,22,33,49,4,6626955.0,Historique Loto de mai 1976 à octobre 2008
2000-02-09,41,38,20,49,40,34,5937615.0,Historique Loto de mai 1976 à octobre 2008
2000-02-09,14,10,49,19,5,18,1291550.0,Historique Loto de mai 1976 à octobre 2008
2000-02-12,22,15,7,17,18,42,2196845.0,Historique Loto de mai 1976 à octobre 2008
2000-02-12,31,44,3,9,34,29,14038900.0,Historique Loto de mai 1976 à octobre 2008
2000-02-16,3,8,29,31,18,33,1927600.0,Historique Loto de mai 1976 à octobre 2008
2000-02-16,22,33,40,18,23,16,0.0,Historique Loto de mai 1976 à octobre 2008
2000-02-19,21,17,48,4,39,13,7899800.0,Historique Loto de mai 1976 à octobre 2008
2000-02-19,43,12,8,3,7,30,6009640.0,Historique Loto de mai 1976 à octobre 2008
2000-02-23,30,17,2,12,39,42,0.0,Historique Loto de mai 1976 à octobre 2008
2000-02-23,37,1,10,5,44,2,6337465.0,Historique Loto de mai 1976 à octobre 2008
2000-02-26,11,12,17,29,30,5,0.0,Historique Loto de mai 1976 à octobre 2008
2000-02-26,11,33,3,43,9,25,0.0,Historique Loto de mai 1976 à octobre 2008
2000-03-01,42,24,3,18,28,32,5886490.0,Historique Loto de mai 1976 à octobre 2008
2000-03-01,5,27,7,28,32,19,0.0,Historique Loto de mai 1976 à octobre 2008
2000-03-04,16,6,44,4,33,7,0.0,Historique Loto de mai 1976 à octobre 2008
2000-03-04,48,24,18,11,42,5,0.0,Historique Loto de mai 1976 à octobre 2008
2000-03-08,5,33,23,36,27,19,6433420.0,Historique Loto de mai 1976 à octobre 2008
2000-03-08,21,31,4,48,42,6,0.0,Historique Loto de mai 1976 à octobre 2008
2000-03-11,45,15,18,44,14,25,4111830.0,Historique Loto de mai 1976 à octobre 2008
2000-03-11,47,45,26,17,43,46,15011840.0,Historique Loto de mai 1976 à octobre 2008
2000-03-15,12,30,2,47,48,46,0.0,Historique Loto de mai 1976 à octobre 2008
2000-03-15,36,25,41,39,24,12,0.0,Historique Loto de mai 1976 à octobre 2008
2000-03-18,4,13,38,43,31,23,6534455.0,Historique Loto de mai 1976 à octobre 2008
2000-03-18,11,15,32,47,24,19,14103060.0,Historique Loto de mai 1976 à octobre 2008
2000-03-22,46,33,3,11,43,1,8078875.0,Historique Loto de mai 1976 à octobre 2008
2000-03-22,6,44,28,19,21,30,0.0,Historique Loto de mai 1976 à octobre 2008
2000-03-25,26,43,45,4,10,49,3321105.0,Historique Loto de mai 1976 à octobre 2008
2000-03-25,7,46,30,37,47,11,0.0,Historique Loto de mai 1976 à octobre 2008
2000-03-29,32,12,1,17,26,37,15015040.0,Historique Loto de mai 1976 à octobre 2008
2000-03-29,36,27,47,35,39,33,0.0,Historique Loto de mai 1976 à octobre 2008
2000-04-01,44,31,35,18,37,32,6597150.0,Historique Loto de mai 1976 à octobre 2008
2000-04-01,47,36,32,44,26,14,14239275.0,Historique Loto de mai 1976 à octobre 2008
2000-04-05,24,44,41,47,15,18,770710.0,Historique Loto de mai 1976 à octobre 2008
2000-04-05,42,20,29,43,31,41,0.0,Historique Loto de mai 1976 à octobre 2008
2000-04-08,23,1,24,31,44,46,0.0,Historique Loto de mai 1976 à octobre 2008
2000-04-08,8,4,47,44,6,35,2831230.0,Historique Loto de mai 1976 à octobre 2008
2000-04-12,48,14,36,21,46,13,7900770.0,Historique Loto de mai 1976 à octobre 2008
2000-04-12,7,33,15,37,34,30,15017330.0,Historique Loto de mai 1976 à octobre 2008
2000-04-15,46,47,24,17,45,36,6589490.0,Historique Loto de mai 1976 à octobre 2008
2000-04-15,41,24,13,22,42,3,14222635.0,Historique Loto de mai 1976 à octobre 2008
2000-04-19,46,30,12,5,42,36,5939720.0,Historique Loto de mai 1976 à octobre 2008
2000-04-19,32,19,43,20,34,1,12810900.0,Historique Loto de mai 1976 à octobre 2008
2000-04-22,10,47,4,1,18,27,0.0,Historique Loto de mai 1976 à octobre 2008
2000-04-22,18,48,44,6,28,14,3243600.0,Historique Loto de mai 1976 à octobre 2008
2000-04-26,9,14,13,33,30,15,12177315.0,Historique Loto de mai 1976 à octobre 2008
2000-04-26,10,42,31,35,20,47,0.0,Historique Loto de mai 1976 à octobre 2008
2000-04-29,25,6,38,49,29,39,3610210.0,Historique Loto de mai 1976 à octobre 2008
2000-04-29,4,30,44,15,34,37,30045010.0,Historique Loto de mai 1976 à octobre 2008
2000-05-03,27,28,36,48,8,30,5688230.0,Historique Loto de mai 1976 à octobre 2008
2000-05-03,39,34,35,30,45,14,0.0,Historique Loto de mai 1976 à octobre 2008
2000-05-06,1,15,39,19,30,43,6328760.0,Historique Loto de mai 1976 à octobre 2008
2000-05-06,11,48,21,26,17,13,4579250.0,Historique Loto de mai 1976 à octobre 2008
2000-05-10,46,30,19,45,41,47,0.0,Historique Loto de mai 1976 à octobre 2008
2000-05-10,42,46,21,31,2,3,12245160.0,Historique Loto de mai 1976 à octobre 2008
2000-05-13,24,10,18,47,41,5,0.0,Historique Loto de mai 1976 à octobre 2008
2000-05-13,5,32,13,21,37,8,13582175.0,Historique Loto de mai 1976 à octobre 2008
2000-05-17,5,39,32,49,34,11,12276580.0,Historique Loto de mai 1976 à octobre 2008
2000-05-17,35,21,49,14,40,33,2869835.0,Historique Loto de mai 1976 à octobre 2008
2000-05-20,46,36,8,7,15,30,1244650.0,Historique Loto de mai 1976 à octobre 2008
2000-05-20,49,31,26,48,13,17,13236670.0,Historique Loto de mai 1976 à octobre 2008
2000-05-24,42,39,17,4,33,20,2797545.0,Historique Loto de mai 1976 à octobre 2008
2000-05-24,34,14,6,30,11,5,4009835.0,Historique Loto de mai 1976 à octobre 2008
2000-05-27,9,6,27,13,28,10,3247060.0,Historique Loto de mai 1976 à octobre 2008
2000-05-27,10,15,23,40,47,13,0.0,Historique Loto de mai 1976 à octobre 2008
2000-05-31,17,15,24,41,20,6,0.0,Historique Loto de mai 1976 à octobre 2008
2000-05-31,13,41,15,34,46,47,12002325.0,Historique Loto de mai 1976 à octobre 2008
2000-06-03,4,34,23,26,21,11,0.0,Historique Loto de mai 1976 à octobre 2008
2000-06-03,35,44,49,12,36,11,13054790.0,Historique Loto de mai 1976 à octobre 2008
2000-06-07,37,3,31,25,43,7,0.0,Historique Loto de mai 1976 à octobre 2008
2000-06-07,39,7,47,10,30,44,6117645.0,Historique Loto de mai 1976 à octobre 2008
2000-06-10,45,18,42,7,34,1,0.0,Historique Loto de mai 1976 à octobre 2008
2000-06-10,39,42,5,3,33,11,0.0,Historique Loto de mai 1976 à octobre 2008
2000-06-14,34,39,15,25,37,33,0.0,Historique Loto de mai 1976 à octobre 2008
2000-06-14,38,24,39,16,17,9,3972630.0,Historique Loto de mai 1976 à octobre 2008
2000-06-17,2,4,25,9,23,33,1549285.0,Historique Loto de mai 1976 à octobre 2008
2000-06-17,48,41,44,29,4,5,0.0,Historique Loto de mai 1976 à octobre 2008
2000-06-21,17,47,2,21,33,9,2416515.0,Historique Loto de mai 1976 à octobre 2008
2000-06-21,28,37,1,22,13,12,5570270.0,Historique Loto de mai 1976 à octobre 2008
2000-06-24,22,3,38,21,49,30,16684535.0,Historique Loto de mai 1976 à octobre 2008
2000-06-24,30,29,24,13,2,33,1509590.0,Historique Loto de mai 1976 à octobre 2008
2000-06-28,31,12,30,22,28,2,5627870.0,Historique Loto de mai 1976 à octobre 2008
2000-06-28,22,20,10,4,25,2,12133355.0,Historique Loto de mai 1976 à octobre 2008
2000-07-01,2,17,8,9,34,40,6179960.0,Historique Loto de mai 1976 à octobre 2008
2000-07-01,44,24,4,14,38,22,13332860.0,Historique Loto de mai 1976 à octobre 2008
2000-07-05,39,8,35,44,33,40,5546595.0,Historique Loto de mai 1976 à octobre 2008
2000-07-05,37,3,24,41,40,32,0.0,Historique Loto de mai 1976 à octobre 2008
2000-07-08,36,44,32,34,17,35,0.0,Historique Loto de mai 1976 à octobre 2008
2000-07-08,19,40,6,46,34,27,13325290.0,Historique Loto de mai 1976 à octobre 2008
2000-07-12,10,44,20,47,13,48,1787935.0,Historique Loto de mai 1976 à octobre 2008
2000-07-12,45,41,2,9,12,32,0.0,Historique Loto de mai 1976 à octobre 2008
2000-07-15,10,37,22,29,46,9,0.0,Historique Loto de mai 1976 à octobre 2008
2000-07-15,40,43,9,2,1,26,6215430.0,Historique Loto de mai 1976 à octobre 2008
2000-07-19,41,4,47,44,42,16,3649105.0,Historique Loto de mai 1976 à octobre 2008
2000-07-19,25,30,1,44,23,26,45045880.0,Historique Loto de mai 1976 à octobre 2008
2000-07-22,29,2,11,6,12,22,2132885.0,Historique Loto de mai 1976 à octobre 2008
2000-07-22,44,36,45,28,37,25,0.0,Historique Loto de mai 1976 à octobre 2008
2000-07-26,44,16,9,45,7,20,5749010.0,Historique Loto de mai 1976 à octobre 2008
2000-07-26,30,10,27,1,3,15,12396550.0,Historique Loto de mai 1976 à octobre 2008
2000-07-29,7,8,10,27,46,38,1710205.0,Historique Loto de mai 1976 à octobre 2008
2000-07-29,23,13,36,17,37,16,15443460.0,Historique Loto de mai 1976 à octobre 2008
2000-08-02,4,49,27,41,18,14,5729530.0,Historique Loto de mai 1976 à octobre 2008
2000-08-02,14,28,17,46,34,29,3106765.0,Historique Loto de mai 1976 à octobre 2008
2000-08-05,34,49,7,19,38,36,0.0,Historique Loto de mai 1976 à octobre 2008
2000-08-05,27,24,5,33,29,9,13862465.0,Historique Loto de mai 1976 à octobre 2008
2000-08-09,8,1,16,26,45,9,15021780.0,Historique Loto de mai 1976 à octobre 2008
2000-08-09,9,38,39,34,49,33,6479430.0,Historique Loto de mai 1976 à octobre 2008
2000-08-12,15,43,22,19,23,2,0.0,Historique Loto de mai 1976 à octobre 2008
2000-08-12,47,34,49,42,35,40,1575120.0,Historique Loto de mai 1976 à octobre 2008
2000-08-16,40,5,36,35,30,18,5371775.0,Historique Loto de mai 1976 à octobre 2008
2000-08-16,33,2,28,8,14,38,0.0,Historique Loto de mai 1976 à octobre 2008
2000-08-19,40,9,43,7,6,1,4384985.0,Historique Loto de mai 1976 à octobre 2008
2000-08-19,2,45,49,22,3,29,10754995.0,Historique Loto de mai 1976 à octobre 2008
2000-08-23,41,6,18,13,17,12,3313750.0,Historique Loto de mai 1976 à octobre 2008
2000-08-23,41,44,27,37,29,46,0.0,Historique Loto de mai 1976 à octobre 2008
2000-08-26,47,18,12,33,34,48,0.0,Historique Loto de mai 1976 à octobre 2008
2000-08-26,45,49,30,37,11,36,0.0,Historique Loto de mai 1976 à octobre 2008
2000-08-30,7,2,1,20,37,21,4526185.0,Historique Loto de mai 1976 à octobre 2008
2000-08-30,10,9,13,19,34,32,32601965.0,Historique Loto de mai 1976 à octobre 2008
2000-09-02,23,19,11,41,40,6,48877820.0,Historique Loto de mai 1976 à octobre 2008
2000-09-02,6,3,20,41,26,44,4582520.0,Historique Loto de mai 1976 à octobre 2008
2000-09-06,19,25,41,23,16,2,6013635.0,Historique Loto de mai 1976 à octobre 2008
2000-09-06,14,42,4,47,29,41,0.0,Historique Loto de mai 1976 à octobre 2008
2000-09-09,5,24,19,18,45,36,6532845.0,Historique Loto de mai 1976 à octobre 2008
2000-09-09,14,49,17,16,48,40,14099555.0,Historique Loto de mai 1976 à octobre 2008
2000-09-13,34,31,20,22,14,23,2239635.0,Historique Loto de mai 1976 à octobre 2008
2000-09-13,10,26,31,34,41,46,0.0,Historique Loto de mai 1976 à octobre 2008
2000-09-16,39,23,48,2,9,17,6528510.0,Historique Loto de mai 1976 à octobre 2008
2000-09-16,48,9,7,35,23,11,4725340.0,Historique Loto de mai 1976 à octobre 2008
2000-09-20,13,45,32,46,8,49,7169800.0,Historique Loto de mai 1976 à octobre 2008
2000-09-20,35,40,4,33,29,17,22664655.0,Historique Loto de mai 1976 à octobre 2008
2000-09-23,28,9,13,18,42,46,4217815.0,Historique Loto de mai 1976 à octobre 2008
2000-09-23,24,34,35,27,42,32,0.0,Historique Loto de mai 1976 à octobre 2008
2000-09-27,12,19,23,15,37,28,2002340.0,Historique Loto de mai 1976 à octobre 2008
2000-09-27,2,38,22,46,33,19,12799855.0,Historique Loto de mai 1976 à octobre 2008
2000-09-30,37,16,24,32,13,36,10094865.0,Historique Loto de mai 1976 à octobre 2008
2000-09-30,16,12,14,4,5,21,4492260.0,Historique Loto de mai 1976 à octobre 2008
2000-10-04,44,30,47,9,11,5,0.0,Historique Loto de mai 1976 à octobre 2008
2000-10-04,43,8,13,16,1,17,3012490.0,Historique Loto de mai 1976 à octobre 2008
2000-10-07,18,46,48,32,30,31,6656970.0,Historique Loto de mai 1976 à octobre 2008
2000-10-07,45,33,24,17,10,4,3615940.0,Historique Loto de mai 1976 à octobre 2008
2000-10-11,9,42,40,31,44,33,0.0,Historique Loto de mai 1976 à octobre 2008
2000-10-11,24,48,44,12,39,17,12431930.0,Historique Loto de mai 1976 à octobre 2008
2000-10-14,29,27,17,11,18,9,2173200.0,Historique Loto de mai 1976 à octobre 2008
2000-10-14,42,36,13,30,5,49,0.0,Historique Loto de mai 1976 à octobre 2008
2000-10-18,18,38,19,22,23,43,0.0,Historique Loto de mai 1976 à octobre 2008
2000-10-18,45,41,34,19,8,33,0.0,Historique Loto de mai 1976 à octobre 2008
2000-10-21,43,28,37,19,42,41,0.0,Historique Loto de mai 1976 à octobre 2008
2000-10-21,29,21,45,20,13,4,0.0,Historique Loto de mai 1976 à octobre 2008
2000-10-25,20,29,34,36,16,13,0.0,Historique Loto de mai 1976 à octobre 2008
2000-10-25,17,33,5,46,8,4,1469090.0,Historique Loto de mai 1976 à octobre 2008
2000-10-28,3,31,34,4,26,13,0.0,Historique Loto de mai 1976 à octobre 2008
2000-10-28,6,23,7,28,24,25,0.0,Historique Loto de mai 1976 à octobre 2008
2000-11-01,17,32,24,48,26,37,0.0,Historique Loto de mai 1976 à octobre 2008
2000-11-01,15,16,10,23,30,48,11962045.0,Historique Loto de mai 1976 à octobre 2008
2000-11-04,37,23,1,30,34,17,8050755.0,Historique Loto de mai 1976 à octobre 2008
2000-11-04,41,16,22,8,24,9,11366040.0,Historique Loto de mai 1976 à octobre 2008
2000-11-08,27,1,3,23,33,43,8154495.0,Historique Loto de mai 1976 à octobre 2008
2000-11-08,43,28,20,30,26,24,0.0,Historique Loto de mai 1976 à octobre 2008
2000-11-11,16,44,31,38,14,4,0.0,Historique Loto de mai 1976 à octobre 2008
2000-11-11,27,20,22,2,47,45,0.0,Historique Loto de mai 1976 à octobre 2008
2000-11-15,7,2,46,34,3,47,7311105.0,Historique Loto de mai 1976 à octobre 2008
2000-11-15,10,31,12,8,48,42,45010830.0,Historique Loto de mai 1976 à octobre 2008
2000-11-18,35,25,39,46,38,37,15349880.0,Historique Loto de mai 1976 à octobre 2008
2000-11-18,36,9,17,16,25,6,7466990.0,Historique Loto de mai 1976 à octobre 2008
2000-11-22,22,45,14,46,32,12,4229775.0,Historique Loto de mai 1976 à octobre 2008
2000-11-22,45,11,25,31,14,23,1973925.0,Historique Loto de mai 1976 à octobre 2008
2000-11-25,46,2,5,15,16,11,7894475.0,Historique Loto de mai 1976 à octobre 2008
2000-11-25,3,31,27,23,49,39,15033855.0,Historique Loto de mai 1976 à octobre 2008
2000-11-29,1,31,46,2,14,23,5826230.0,Historique Loto de mai 1976 à octobre 2008
2000-11-29,3,17,15,30,10,2,12564330.0,Historique Loto de mai 1976 à octobre 2008
2000-12-02,9,48,1,15,44,45,3234455.0,Historique Loto de mai 1976 à octobre 2008
2000-12-02,15,11,34,23,33,37,23220615.0,Historique Loto de mai 1976 à octobre 2008
2000-12-06,22,23,1,31,4,24,3733465.0,Historique Loto de mai 1976 à octobre 2008
2000-12-06,13,2,21,22,18,32,10011455.0,Historique Loto de mai 1976 à octobre 2008
2000-12-09,21,18,19,49,44,35,3423135.0,Historique Loto de mai 1976 à octobre 2008
2000-12-09,38,32,18,42,35,11,7355870.0,Historique Loto de mai 1976 à octobre 2008
2000-12-13,7,34,27,47,2,36,6506955.0,Historique Loto de mai 1976 à octobre 2008
2000-12-13,21,24,29,4,44,48,3029955.0,Historique Loto de mai 1976 à octobre 2008
2000-12-16,41,34,20,8,48,16,0.0,Historique Loto de mai 1976 à octobre 2008
2000-12-16,35,41,32,11,33,18,14235230.0,Historique Loto de mai 1976 à octobre 2008
2000-12-20,1,35,41,40,9,31,5922685.0,Historique Loto de mai 1976 à octobre 2008
2000-12-20,36,28,21,24,7,11,12773890.0,Historique Loto de mai 1976 à octobre 2008
2000-12-23,30,19,39,31,8,20,12875000.0,Historique Loto de mai 1976 à octobre 2008
2000-12-23,35,15,47,49,9,4,9270665.0,Historique Loto de mai 1976 à octobre 2008
2000-12-27,3,31,13,39,44,17,3032810.0,Historique Loto de mai 1976 à octobre 2008
2000-12-27,31,26,10,15,37,18,0.0,Historique Loto de mai 1976 à octobre 2008
2000-12-30,18,22,29,49,21,40,6906975.0,Historique Loto de mai 1976 à octobre 2008
2000-12-30,1,13,6,33,22,7,25014925.0,Historique Loto de mai 1976 à octobre 2008
2001-01-03,35,23,43,37,17,47,1530645.0,Historique Loto de mai 1976 à octobre 2008
2001-01-03,30,35,1,44,49,26,13034080.0,Historique Loto de mai 1976 à octobre 2008
2001-01-06,45,19,34,26,16,8,0.0,Historique Loto de mai 1976 à octobre 2008
2001-01-06,45,29,19,26,9,12,0.0,Historique Loto de mai 1976 à octobre 2008
2001-01-10,27,2,48,47,35,1,0.0,Historique Loto de mai 1976 à octobre 2008
2001-01-10,22,25,19,11,20,39,13297890.0,Historique Loto de mai 1976 à octobre 2008
2001-01-13,3,46,45,28,18,2,15393875.0,Historique Loto de mai 1976 à octobre 2008
2001-01-13,22,23,42,43,28,29,3595610.0,Historique Loto de mai 1976 à octobre 2008
2001-01-17,32,43,49,15,36,42,46163925.0,Historique Loto de mai 1976 à octobre 2008
2001-01-17,18,21,27,1,37,3,8194290.0,Historique Loto de mai 1976 à octobre 2008
2001-01-20,11,40,6,39,30,17,3513090.0,Historique Loto de mai 1976 à octobre 2008
2001-01-20,12,32,16,14,45,41,5043480.0,Historique Loto de mai 1976 à octobre 2008
2001-01-24,49,36,25,18,44,5,5988240.0,Historique Loto de mai 1976 à octobre 2008
2001-01-24,20,33,46,17,1,7,6482820.0,Historique Loto de mai 1976 à octobre 2008
2001-01-27,11,32,46,28,1,43,4678895.0,Historique Loto de mai 1976 à octobre 2008
2001-01-27,10,2,18,48,42,36,10825105.0,Historique Loto de mai 1976 à octobre 2008
2001-01-31,47,1,39,37,5,28,6001810.0,Historique Loto de mai 1976 à octobre 2008
2001-01-31,29,33,43,27,44,26,0.0,Historique Loto de mai 1976 à octobre 2008
2001-02-03,43,19,15,32,1,13,0.0,Historique Loto de mai 1976 à octobre 2008
2001-02-03,15,11,38,9,49,33,14662885.0,Historique Loto de mai 1976 à octobre 2008
2001-02-07,32,16,9,10,34,49,12944680.0,Historique Loto de mai 1976 à octobre 2008
2001-02-07,33,45,48,40,36,17,0.0,Historique Loto de mai 1976 à octobre 2008
2001-02-10,43,14,26,7,17,35,1377685.0,Historique Loto de mai 1976 à octobre 2008
2001-02-10,23,42,20,46,11,6,14648835.0,Historique Loto de mai 1976 à octobre 2008
2001-02-14,4,27,23,3,48,38,2875240.0,Historique Loto de mai 1976 à octobre 2008
2001-02-14,46,23,38,48,19,41,16682305.0,Historique Loto de mai 1976 à octobre 2008
2001-02-17,28,35,46,1,22,24,0.0,Historique Loto de mai 1976 à octobre 2008
2001-02-17,28,11,40,18,48,1,3698780.0,Historique Loto de mai 1976 à octobre 2008
2001-02-21,6,46,32,20,8,30,0.0,Historique Loto de mai 1976 à octobre 2008
2001-02-21,39,11,12,10,5,43,0.0,Historique Loto de mai 1976 à octobre 2008
2001-02-24,16,35,28,25,18,40,2198465.0,Historique Loto de mai 1976 à octobre 2008
2001-02-24,49,18,23,31,14,47,14049345.0,Historique Loto de mai 1976 à octobre 2008
2001-02-28,21,15,12,36,41,33,3640390.0,Historique Loto de mai 1976 à octobre 2008
2001-02-28,1,25,11,24,41,46,15009745.0,Historique Loto de mai 1976 à octobre 2008
2001-03-03,35,26,46,24,22,32,7138420.0,Historique Loto de mai 1976 à octobre 2008
2001-03-03,25,34,36,1,4,42,0.0,Historique Loto de mai 1976 à octobre 2008
2001-03-07,26,28,42,9,40,5,0.0,Historique Loto de mai 1976 à octobre 2008
2001-03-07,11,1,6,27,14,13,1497650.0,Historique Loto de mai 1976 à octobre 2008
2001-03-10,2,37,46,42,27,8,3313210.0,Historique Loto de mai 1976 à octobre 2008
2001-03-10,32,14,27,22,12,26,14180935.0,Historique Loto de mai 1976 à octobre 2008
2001-03-14,40,34,36,6,42,24,4223955.0,Historique Loto de mai 1976 à octobre 2008
2001-03-14,31,29,4,15,47,17,15109330.0,Historique Loto de mai 1976 à octobre 2008
2001-03-17,28,47,16,49,29,7,0.0,Historique Loto de mai 1976 à octobre 2008
2001-03-17,39,22,29,3,33,37,14203365.0,Historique Loto de mai 1976 à octobre 2008
2001-03-21,20,3,42,23,2,36,5791155.0,Historique Loto de mai 1976 à octobre 2008
2001-03-21,3,13,16,46,23,6,3140595.0,Historique Loto de mai 1976 à octobre 2008
2001-03-24,49,35,48,9,44,45,0.0,Historique Loto de mai 1976 à octobre 2008
2001-03-24,32,12,7,10,34,22,6911455.0,Historique Loto de mai 1976 à octobre 2008
2001-03-28,14,30,20,46,31,10,0.0,Historique Loto de mai 1976 à octobre 2008
2001-03-28,31,8,24,45,36,7,2877185.0,Historique Loto de mai 1976 à octobre 2008
2001-03-31,20,33,42,44,1,6,3212870.0,Historique Loto de mai 1976 à octobre 2008
2001-03-31,18,8,17,41,21,5,13749975.0,Historique Loto de mai 1976 à octobre 2008
2001-04-04,40,33,47,23,16,3,0.0,Historique Loto de mai 1976 à octobre 2008
2001-04-04,16,2,43,42,9,39,15048850.0,Historique Loto de mai 1976 à octobre 2008
2001-04-07,35,2,24,27,5,26,0.0,Historique Loto de mai 1976 à octobre 2008
2001-04-07,11,42,15,34,13,39,7062710.0,Historique Loto de mai 1976 à octobre 2008
2001-04-11,45,48,41,29,32,16,2878285.0,Historique Loto de mai 1976 à octobre 2008
2001-04-11,35,9,29,40,38,48,0.0,Historique Loto de mai 1976 à octobre 2008
2001-04-14,19,17,20,2,26,23,6285915.0,Historique Loto de mai 1976 à octobre 2008
2001-04-14,39,10,43,47,2,8,0.0,Historique Loto de mai 1976 à octobre 2008
2001-04-18,12,20,24,29,48,40,5496000.0,Historique Loto de mai 1976 à octobre 2008
2001-04-18,20,29,27,48,10,1,5945200.0,Historique Loto de mai 1976 à octobre 2008
2001-04-21,33,27,13,30,14,24,0.0,Historique Loto de mai 1976 à octobre 2008
2001-04-21,31,43,26,15,6,4,0.0,Historique Loto de mai 1976 à octobre 2008
2001-04-25,6,49,10,46,33,36,0.0,Historique Loto de mai 1976 à octobre 2008
2001-04-25,48,41,49,43,42,12,5653445.0,Historique Loto de mai 1976 à octobre 2008
2001-04-28,34,39,30,8,42,44,30032515.0,Historique Loto de mai 1976 à octobre 2008
2001-04-28,9,14,30,20,26,22,3690175.0,Historique Loto de mai 1976 à octobre 2008
2001-05-02,4,7,18,15,44,23,0.0,Historique Loto de mai 1976 à octobre 2008
2001-05-02,30,41,49,23,24,46,0.0,Historique Loto de mai 1976 à octobre 2008
2001-05-05,29,49,33,28,10,45,0.0,Historique Loto de mai 1976 à octobre 2008
2001-05-05,36,2,12,17,7,33,13754345.0,Historique Loto de mai 1976 à octobre 2008
2001-05-09,34,38,10,2,24,37,5450340.0,Historique Loto de mai 1976 à octobre 2008
2001-05-09,12,48,18,23,42,14,11747640.0,Historique Loto de mai 1976 à octobre 2008
2001-05-12,21,27,1,8,33,14,1555665.0,Historique Loto de mai 1976 à octobre 2008
2001-05-12,38,43,12,37,22,45,13246540.0,Historique Loto de mai 1976 à octobre 2008
2001-05-16,23,2,27,18,48,47,2746110.0,Historique Loto de mai 1976 à octobre 2008
2001-05-16,31,39,42,30,4,25,11745170.0,Historique Loto de mai 1976 à octobre 2008
2001-05-19,8,40,16,46,23,34,12710010.0,Historique Loto de mai 1976 à octobre 2008
2001-05-19,23,11,36,32,42,1,5893285.0,Historique Loto de mai 1976 à octobre 2008
2001-05-23,6,25,16,21,38,46,5383600.0,Historique Loto de mai 1976 à octobre 2008
2001-05-23,5,49,44,9,13,34,5822445.0,Historique Loto de mai 1976 à octobre 2008
2001-05-26,11,41,45,8,37,31,2947125.0,Historique Loto de mai 1976 à octobre 2008
2001-05-26,34,21,35,5,47,38,6328105.0,Historique Loto de mai 1976 à octobre 2008
2001-05-30,19,17,32,28,23,25,0.0,Historique Loto de mai 1976 à octobre 2008
2001-05-30,14,33,21,3,8,43,5718320.0,Historique Loto de mai 1976 à octobre 2008
2001-06-02,4,18,30,19,45,2,3205200.0,Historique Loto de mai 1976 à octobre 2008
2001-06-02,30,32,10,41,8,23,13717025.0,Historique Loto de mai 1976 à octobre 2008
2001-06-06,18,36,46,28,5,45,2752955.0,Historique Loto de mai 1976 à octobre 2008
2001-06-06,11,39,2,48,3,46,11774575.0,Historique Loto de mai 1976 à octobre 2008
2001-06-09,11,49,48,15,6,43,2087260.0,Historique Loto de mai 1976 à octobre 2008
2001-06-09,5,30,33,21,3,19,13340730.0,Historique Loto de mai 1976 à octobre 2008
2001-06-13,26,31,27,29,43,41,0.0,Historique Loto de mai 1976 à octobre 2008
2001-06-13,20,32,1,22,35,11,5466935.0,Historique Loto de mai 1976 à octobre 2008
2001-06-16,4,18,20,15,47,46,4249855.0,Historique Loto de mai 1976 à octobre 2008
2001-06-16,46,16,23,27,14,5,0.0,Historique Loto de mai 1976 à octobre 2008
2001-06-20,36,3,1,23,8,42,1598420.0,Historique Loto de mai 1976 à octobre 2008
2001-06-20,27,16,30,36,10,31,0.0,Historique Loto de mai 1976 à octobre 2008
2001-06-23,4,11,12,10,41,47,0.0,Historique Loto de mai 1976 à octobre 2008
2001-06-23,32,27,9,4,22,37,12871305.0,Historique Loto de mai 1976 à octobre 2008
2001-06-27,14,43,49,12,5,46,2238170.0,Historique Loto de mai 1976 à octobre 2008
2001-06-27,38,37,45,21,31,4,0.0,Historique Loto de mai 1976 à octobre 2008
2001-06-30,30,27,23,11,35,33,7344910.0,Historique Loto de mai 1976 à octobre 2008
2001-06-30,16,49,25,20,14,32,22523595.0,Historique Loto de mai 1976 à octobre 2008
2001-07-04,44,4,26,3,9,25,2201570.0,Historique Loto de mai 1976 à octobre 2008
2001-07-04,19,36,4,5,23,20,45042395.0,Historique Loto de mai 1976 à octobre 2008
2001-07-07,46,21,44,6,38,30,0.0,Historique Loto de mai 1976 à octobre 2008
2001-07-07,34,39,9,27,35,41,6114300.0,Historique Loto de mai 1976 à octobre 2008
2001-07-11,49,12,17,47,46,27,0.0,Historique Loto de mai 1976 à octobre 2008
2001-07-11,29,49,23,16,22,7,11559990.0,Historique Loto de mai 1976 à octobre 2008
2001-07-14,40,41,16,44,3,5,5243755.0,Historique Loto de mai 1976 à octobre 2008
2001-07-14,39,31,41,36,22,28,11298805.0,Historique Loto de mai 1976 à octobre 2008
2001-07-18,25,9,21,13,29,42,1828185.0,Historique Loto de mai 1976 à octobre 2008
2001-07-18,40,48,17,29,23,36,0.0,Historique Loto de mai 1976 à octobre 2008
2001-07-21,9,10,41,29,3,6,2991470.0,Historique Loto de mai 1976 à octobre 2008
2001-07-21,37,3,43,47,23,40,12799025.0,Historique Loto de mai 1976 à octobre 2008
2001-07-25,14,2,6,37,1,25,0.0,Historique Loto de mai 1976 à octobre 2008
2001-07-25,7,44,2,17,15,40,0.0,Historique Loto de mai 1976 à octobre 2008
2001-07-28,35,15,23,6,20,30,1639590.0,Historique Loto de mai 1976 à octobre 2008
2001-07-28,10,20,39,2,5,17,0.0,Historique Loto de mai 1976 à octobre 2008
2001-08-01,23,40,20,9,19,47,0.0,Historique Loto de mai 1976 à octobre 2008
2001-08-01,4,6,19,13,30,22,5765475.0,Historique Loto de mai 1976 à octobre 2008
2001-08-04,30,10,32,49,42,41,0.0,Historique Loto de mai 1976 à octobre 2008
2001-08-04,46,23,1,36,15,13,0.0,Historique Loto de mai 1976 à octobre 2008
2001-08-08,15,7,13,20,24,6,1354675.0,Historique Loto de mai 1976 à octobre 2008
2001-08-08,18,6,27,38,49,21,2900940.0,Historique Loto de mai 1976 à octobre 2008
2001-08-11,6,43,45,41,10,3,0.0,Historique Loto de mai 1976 à octobre 2008
2001-08-11,27,34,10,37,45,35,26253985.0,Historique Loto de mai 1976 à octobre 2008
2001-08-15,32,3,49,22,29,33,5461125.0,Historique Loto de mai 1976 à octobre 2008
2001-08-15,34,39,37,36,19,18,0.0,Historique Loto de mai 1976 à octobre 2008
2001-08-18,46,6,25,32,7,16,5813690.0,Historique Loto de mai 1976 à octobre 2008
2001-08-18,21,19,24,27,2,16,6292180.0,Historique Loto de mai 1976 à octobre 2008
2001-08-22,15,9,24,25,36,16,0.0,Historique Loto de mai 1976 à octobre 2008
2001-08-22,18,19,36,13,6,16,19701285.0,Historique Loto de mai 1976 à octobre 2008
2001-08-25,25,36,4,1,47,42,2037845.0,Historique Loto de mai 1976 à octobre 2008
2001-08-25,36,34,7,29,31,44,13026000.0,Historique Loto de mai 1976 à octobre 2008
2001-08-29,30,35,27,39,8,13,1825085.0,Historique Loto de mai 1976 à octobre 2008
2001-08-29,31,48,23,15,37,10,3910380.0,Historique Loto de mai 1976 à octobre 2008
2001-09-01,32,31,16,36,30,33,0.0,Historique Loto de mai 1976 à octobre 2008
2001-09-01,2,43,20,27,3,17,6554920.0,Historique Loto de mai 1976 à octobre 2008
2001-09-05,15,7,31,11,27,41,2385995.0,Historique Loto de mai 1976 à octobre 2008
2001-09-05,48,39,19,47,23,14,0.0,Historique Loto de mai 1976 à octobre 2008
2001-09-08,15,25,2,48,38,1,0.0,Historique Loto de mai 1976 à octobre 2008
2001-09-08,45,49,44,9,16,6,0.0,Historique Loto de mai 1976 à octobre 2008
2001-09-12,34,35,13,23,12,7,2766085.0,Historique Loto de mai 1976 à octobre 2008
2001-09-12,46,47,15,30,43,31,0.0,Historique Loto de mai 1976 à octobre 2008
2001-09-15,22,30,48,13,20,36,0.0,Historique Loto de mai 1976 à octobre 2008
2001-09-15,46,37,47,22,6,44,0.0,Historique Loto de mai 1976 à octobre 2008
2001-09-19,12,6,35,42,34,10,0.0,Historique Loto de mai 1976 à octobre 2008
2001-09-19,37,10,31,13,32,2,11719165.0,Historique Loto de mai 1976 à octobre 2008
2001-09-22,38,40,24,35,48,19,2037110.0,Historique Loto de mai 1976 à octobre 2008
2001-09-22,39,16,17,37,27,20,0.0,Historique Loto de mai 1976 à octobre 2008
2001-09-26,39,19,45,30,35,46,0.0,Historique Loto de mai 1976 à octobre 2008
2001-09-26,1,26,10,41,30,18,3941665.0,Historique Loto de mai 1976 à octobre 2008
2001-09-29,48,14,23,38,39,32,13135925.0,Historique Loto de mai 1976 à octobre 2008
2001-09-29,27,49,22,3,18,39,0.0,Historique Loto de mai 1976 à octobre 2008
2001-10-03,5,49,12,22,10,4,6000280.0,Historique Loto de mai 1976 à octobre 2008
2001-10-03,44,32,33,42,43,17,0.0,Historique Loto de mai 1976 à octobre 2008
2001-10-06,41,38,36,30,27,39,0.0,Historique Loto de mai 1976 à octobre 2008
2001-10-06,6,20,27,39,4,37,4534740.0,Historique Loto de mai 1976 à octobre 2008
2001-10-10,19,14,26,16,22,24,0.0,Historique Loto de mai 1976 à octobre 2008
2001-10-10,17,38,1,48,23,46,6574245.0,Historique Loto de mai 1976 à octobre 2008
2001-10-13,1,30,21,12,20,10,6375060.0,Historique Loto de mai 1976 à octobre 2008
2001-10-13,37,2,36,28,33,49,13756745.0,Historique Loto de mai 1976 à octobre 2008
2001-10-17,43,12,4,9,18,40,2842130.0,Historique Loto de mai 1976 à octobre 2008
2001-10-17,8,17,26,35,44,27,323205.0,Historique Loto de mai 1976 à octobre 2008
2001-10-20,44,36,30,24,23,11,0.0,Historique Loto de mai 1976 à octobre 2008
2001-10-20,35,24,3,38,23,12,4513590.0,Historique Loto de mai 1976 à octobre 2008
2001-10-24,34,1,45,39,35,32,6052700.0,Historique Loto de mai 1976 à octobre 2008
2001-10-24,15,35,6,4,11,13,1886280.0,Historique Loto de mai 1976 à octobre 2008
2001-10-27,37,32,28,6,26,2,6229345.0,Historique Loto de mai 1976 à octobre 2008
2001-10-27,6,2,27,46,10,4,4506475.0,Historique Loto de mai 1976 à octobre 2008
2001-10-31,45,9,25,29,47,49,0.0,Historique Loto de mai 1976 à octobre 2008
2001-10-31,11,28,32,40,38,34,15327100.0,Historique Loto de mai 1976 à octobre 2008
2001-11-03,5,10,9,30,42,36,2120765.0,Historique Loto de mai 1976 à octobre 2008
2001-11-03,8,25,36,12,22,42,13554135.0,Historique Loto de mai 1976 à octobre 2008
2001-11-07,31,24,22,46,35,29,2029050.0,Historique Loto de mai 1976 à octobre 2008
2001-11-07,19,32,40,20,37,9,0.0,Historique Loto de mai 1976 à octobre 2008
2001-11-10,34,41,11,44,5,28,6389755.0,Historique Loto de mai 1976 à octobre 2008
2001-11-10,1,27,18,26,16,24,13788675.0,Historique Loto de mai 1976 à octobre 2008
2001-11-14,5,45,34,31,28,3,0.0,Historique Loto de mai 1976 à octobre 2008
2001-11-14,6,44,9,45,37,27,13137290.0,Historique Loto de mai 1976 à octobre 2008
2001-11-17,4,6,10,39,31,23,3214700.0,Historique Loto de mai 1976 à octobre 2008
2001-11-17,28,36,31,34,7,40,3461440.0,Historique Loto de mai 1976 à octobre 2008
2001-11-21,33,47,16,42,37,41,0.0,Historique Loto de mai 1976 à octobre 2008
2001-11-21,35,4,5,49,3,46,2870735.0,Historique Loto de mai 1976 à octobre 2008
2001-11-24,24,16,27,1,37,13,0.0,Historique Loto de mai 1976 à octobre 2008
2001-11-24,41,27,9,8,32,39,3851990.0,Historique Loto de mai 1976 à octobre 2008
2001-11-28,23,21,7,11,31,29,1432880.0,Historique Loto de mai 1976 à octobre 2008
2001-11-28,36,25,31,29,32,17,6124665.0,Historique Loto de mai 1976 à octobre 2008
2001-12-01,38,39,26,41,45,20,0.0,Historique Loto de mai 1976 à octobre 2008
2001-12-01,19,1,25,20,22,48,0.0,Historique Loto de mai 1976 à octobre 2008
2001-12-05,8,37,49,29,24,14,0.0,Historique Loto de mai 1976 à octobre 2008
2001-12-05,35,36,19,28,7,10,19699625.0,Historique Loto de mai 1976 à octobre 2008
2001-12-08,45,9,41,6,39,5,6632965.0,Historique Loto de mai 1976 à octobre 2008
2001-12-08,42,17,34,14,48,3,0.0,Historique Loto de mai 1976 à octobre 2008
2001-12-12,28,2,19,43,41,22,4134765.0,Historique Loto de mai 1976 à octobre 2008
2001-12-12,5,35,44,17,37,15,13141840.0,Historique Loto de mai 1976 à octobre 2008
2001-12-15,16,14,11,40,27,47,7146950.0,Historique Loto de mai 1976 à octobre 2008
2001-12-15,26,21,45,24,2,1,0.0,Historique Loto de mai 1976 à octobre 2008
2001-12-19,48,1,5,9,24,29,5828175.0,Historique Loto de mai 1976 à octobre 2008
2001-12-19,49,20,35,16,47,36,6307995.0,Historique Loto de mai 1976 à octobre 2008
2001-12-22,13,21,36,23,16,43,11211520.0,Historique Loto de mai 1976 à octobre 2008
2001-12-22,31,36,38,22,2,40,45959985.0,Historique Loto de mai 1976 à octobre 2008
2001-12-26,8,7,37,34,44,32,0.0,Historique Loto de mai 1976 à octobre 2008
2001-12-26,40,1,36,41,28,25,0.0,Historique Loto de mai 1976 à octobre 2008
2001-12-29,37,24,44,35,46,17,2732010.0,Historique Loto de mai 1976 à octobre 2008
2001-12-29,17,40,28,37,44,15,22976660.0,Historique Loto de mai 1976 à octobre 2008
2002-01-02,5,39,7,28,18,24,2914765.0,Historique Loto de mai 1976 à octobre 2008
2002-01-02,9,16,34,17,36,33,0.0,Historique Loto de mai 1976 à octobre 2008
2002-01-05,9,34,13,25,7,28,1381180.0,Historique Loto de mai 1976 à octobre 2008
2002-01-05,3,19,27,16,24,26,13169095.0,Historique Loto de mai 1976 à octobre 2008
2002-01-09,21,10,44,7,5,22,1710264.0,Historique Loto de mai 1976 à octobre 2008
2002-01-09,8,12,48,19,2,46,399951.0,Historique Loto de mai 1976 à octobre 2008
2002-01-12,20,29,31,48,17,16,2042442.0,Historique Loto de mai 1976 à octobre 2008
2002-01-12,42,12,3,45,26,2,477290.0,Historique Loto de mai 1976 à octobre 2008
2002-01-16,13,26,48,41,30,37,0.0,Historique Loto de mai 1976 à octobre 2008
2002-01-16,35,26,18,14,17,5,4000000.0,Historique Loto de mai 1976 à octobre 2008
2002-01-19,46,3,17,44,25,2,239680.0,Historique Loto de mai 1976 à octobre 2008
2002-01-19,29,1,27,45,17,21,2040830.0,Historique Loto de mai 1976 à octobre 2008
2002-01-23,5,32,19,45,34,36,0.0,Historique Loto de mai 1976 à octobre 2008
2002-01-23,34,44,4,43,45,9,1791115.0,Historique Loto de mai 1976 à octobre 2008
2002-01-26,23,40,33,10,14,4,471007.0,Historique Loto de mai 1976 à octobre 2008
2002-01-26,18,24,7,41,27,44,675726.0,Historique Loto de mai 1976 à octobre 2008
2002-01-30,25,5,46,22,21,33,1292019.0,Historique Loto de mai 1976 à octobre 2008
2002-01-30,14,10,26,21,19,37,8000000.0,Historique Loto de mai 1976 à octobre 2008
2002-02-02,47,19,4,10,30,36,2106273.0,Historique Loto de mai 1976 à octobre 2008
2002-02-02,48,14,5,45,6,42,0.0,Historique Loto de mai 1976 à octobre 2008
2002-02-06,33,18,14,10,7,36,875145.0,Historique Loto de mai 1976 à octobre 2008
2002-02-06,2,45,12,43,38,30,1887047.0,Historique Loto de mai 1976 à octobre 2008
2002-02-09,41,4,46,31,32,29,0.0,Historique Loto de mai 1976 à octobre 2008
2002-02-09,9,7,3,31,4,6,347043.0,Historique Loto de mai 1976 à octobre 2008
2002-02-13,44,12,37,31,24,45,727736.0,Historique Loto de mai 1976 à octobre 2008
2002-02-13,2,39,23,38,17,37,0.0,Historique Loto de mai 1976 à octobre 2008
2002-02-16,47,21,23,7,37,35,983514.0,Historique Loto de mai 1976 à octobre 2008
2002-02-16,35,47,31,42,4,17,0.0,Historique Loto de mai 1976 à octobre 2008
2002-02-20,6,46,4,19,8,40,326397.0,Historique Loto de mai 1976 à octobre 2008
2002-02-20,16,2,24,4,45,37,2250000.0,Historique Loto de mai 1976 à octobre 2008
2002-02-23,3,49,17,43,11,2,489552.0,Historique Loto de mai 1976 à octobre 2008
2002-02-23,39,20,11,23,3,32,527122.0,Historique Loto de mai 1976 à octobre 2008
2002-02-27,43,29,45,6,32,25,422646.0,Historique Loto de mai 1976 à octobre 2008
2002-02-27,18,4,37,42,46,14,666667.0,Historique Loto de mai 1976 à octobre 2008
2002-03-02,10,39,1,37,40,29,0.0,Historique Loto de mai 1976 à octobre 2008
2002-03-02,32,29,49,23,45,30,0.0,Historique Loto de mai 1976 à octobre 2008
2002-03-06,34,49,9,17,22,18,969783.0,Historique Loto de mai 1976 à octobre 2008
2002-03-06,16,3,1,33,10,19,451634.0,Historique Loto de mai 1976 à octobre 2008
2002-03-09,8,21,25,48,34,39,0.0,Historique Loto de mai 1976 à octobre 2008
2002-03-09,22,30,38,15,25,48,247256.0,Historique Loto de mai 1976 à octobre 2008
2002-03-13,26,21,45,25,6,33,903924.0,Historique Loto de mai 1976 à octobre 2008
2002-03-13,39,18,42,11,8,22,978494.0,Historique Loto de mai 1976 à octobre 2008
2002-03-16,12,34,39,17,40,44,228482.0,Historique Loto de mai 1976 à octobre 2008
2002-03-16,31,33,26,40,3,18,0.0,Historique Loto de mai 1976 à octobre 2008
2002-03-20,14,17,27,16,37,8,0.0,Historique Loto de mai 1976 à octobre 2008
2002-03-20,43,48,38,14,49,9,1912117.0,Historique Loto de mai 1976 à octobre 2008
2002-03-23,2,47,39,13,36,12,0.0,Historique Loto de mai 1976 à octobre 2008
2002-03-23,10,8,42,3,46,1,705556.0,Historique Loto de mai 1976 à octobre 2008
2002-03-27,47,35,21,30,49,12,0.0,Historique Loto de mai 1976 à octobre 2008
2002-03-27,23,32,19,16,26,47,4000000.0,Historique Loto de mai 1976 à octobre 2008
2002-03-30,10,2,1,4,9,22,537033.0,Historique Loto de mai 1976 à octobre 2008
2002-03-30,48,25,40,13,24,4,988960.0,Historique Loto de mai 1976 à octobre 2008
2002-04-03,15,38,29,18,43,36,214521.0,Historique Loto de mai 1976 à octobre 2008
2002-04-03,36,24,33,38,15,25,916965.0,Historique Loto de mai 1976 à octobre 2008
2002-04-06,16,25,19,9,4,34,196552.0,Historique Loto de mai 1976 à octobre 2008
2002-04-06,15,10,2,8,13,25,525872.0,Historique Loto de mai 1976 à octobre 2008
2002-04-10,4,13,12,47,35,21,225374.0,Historique Loto de mai 1976 à octobre 2008
2002-04-10,27,9,36,22,46,20,1919341.0,Historique Loto de mai 1976 à octobre 2008
2002-04-13,12,24,30,1,38,2,0.0,Historique Loto de mai 1976 à octobre 2008
2002-04-13,34,15,8,18,22,23,2135382.0,Historique Loto de mai 1976 à octobre 2008
2002-04-17,15,31,11,7,27,28,224877.0,Historique Loto de mai 1976 à octobre 2008
2002-04-17,15,27,6,33,26,23,481641.0,Historique Loto de mai 1976 à octobre 2008
2002-04-20,46,34,11,20,16,39,282031.0,Historique Loto de mai 1976 à octobre 2008
2002-04-20,33,3,20,41,11,25,1500000.0,Historique Loto de mai 1976 à octobre 2008
2002-04-24,44,13,32,16,49,23,0.0,Historique Loto de mai 1976 à octobre 2008
2002-04-24,36,25,10,26,41,39,0.0,Historique Loto de mai 1976 à octobre 2008
2002-04-27,12,29,2,16,4,33,690643.0,Historique Loto de mai 1976 à octobre 2008
2002-04-27,12,44,24,37,20,10,481315.0,Historique Loto de mai 1976 à octobre 2008
2002-05-01,12,38,17,16,18,5,0.0,Historique Loto de mai 1976 à octobre 2008
2002-05-01,11,39,4,34,16,46,0.0,Historique Loto de mai 1976 à octobre 2008
2002-05-04,22,13,38,7,46,19,155152.0,Historique Loto de mai 1976 à octobre 2008
2002-05-04,39,31,15,5,34,20,0.0,Historique Loto de mai 1976 à octobre 2008
2002-05-08,35,10,31,23,6,14,426699.0,Historique Loto de mai 1976 à octobre 2008
2002-05-08,8,42,44,32,22,41,0.0,Historique Loto de mai 1976 à octobre 2008
2002-05-11,23,38,44,48,47,40,0.0,Historique Loto de mai 1976 à octobre 2008
2002-05-11,14,22,35,46,23,12,1040915.0,Historique Loto de mai 1976 à octobre 2008
2002-05-15,32,18,39,22,30,12,0.0,Historique Loto de mai 1976 à octobre 2008
2002-05-15,47,36,45,22,39,3,0.0,Historique Loto de mai 1976 à octobre 2008
2002-05-18,25,34,1,46,6,41,709058.0,Historique Loto de mai 1976 à octobre 2008
2002-05-18,11,48,30,13,31,32,494040.0,Historique Loto de mai 1976 à octobre 2008
2002-05-22,34,19,42,49,46,41,848238.0,Historique Loto de mai 1976 à octobre 2008
2002-05-22,39,31,9,36,22,46,1828588.0,Historique Loto de mai 1976 à octobre 2008
2002-05-25,6,8,32,27,29,18,554572.0,Historique Loto de mai 1976 à octobre 2008
2002-05-25,38,31,5,4,20,34,3500000.0,Historique Loto de mai 1976 à octobre 2008
2002-05-29,21,5,39,32,38,22,888132.0,Historique Loto de mai 1976 à octobre 2008
2002-05-29,5,10,8,9,11,39,175664.0,Historique Loto de mai 1976 à octobre 2008
2002-06-01,38,1,28,8,19,45,955073.0,Historique Loto de mai 1976 à octobre 2008
2002-06-01,46,5,40,1,47,33,0.0,Historique Loto de mai 1976 à octobre 2008
2002-06-05,32,12,8,34,28,36,0.0,Historique Loto de mai 1976 à octobre 2008
2002-06-05,34,12,20,8,13,15,6000000.0,Historique Loto de mai 1976 à octobre 2008
2002-06-08,34,42,49,1,19,7,1005081.0,Historique Loto de mai 1976 à octobre 2008
2002-06-08,35,13,26,11,5,8,1088975.0,Historique Loto de mai 1976 à octobre 2008
2002-06-12,29,36,1,2,35,48,0.0,Historique Loto de mai 1976 à octobre 2008
2002-06-12,35,21,37,27,43,42,949864.0,Historique Loto de mai 1976 à octobre 2008
2002-06-15,40,42,45,33,28,21,2000000.0,Historique Loto de mai 1976 à octobre 2008
2002-06-15,21,30,34,2,42,15,1201313.0,Historique Loto de mai 1976 à octobre 2008
2002-06-19,14,36,13,27,17,19,1828240.0,Historique Loto de mai 1976 à octobre 2008
2002-06-19,32,34,2,7,29,41,848078.0,Historique Loto de mai 1976 à octobre 2008
2002-06-22,37,13,7,31,35,9,162265.0,Historique Loto de mai 1976 à octobre 2008
2002-06-22,25,2,10,26,23,47,4000000.0,Historique Loto de mai 1976 à octobre 2008
2002-06-26,3,9,37,19,10,12,837905.0,Historique Loto de mai 1976 à octobre 2008
2002-06-26,38,25,12,20,43,34,0.0,Historique Loto de mai 1976 à octobre 2008
2002-06-29,34,38,39,45,9,15,483552.0,Historique Loto de mai 1976 à octobre 2008
2002-06-29,25,2,44,12,13,35,1038697.0,Historique Loto de mai 1976 à octobre 2008
2002-07-03,33,31,19,9,1,2,435320.0,Historique Loto de mai 1976 à octobre 2008
2002-07-03,40,22,32,13,19,11,934560.0,Historique Loto de mai 1976 à octobre 2008
2002-07-06,15,9,17,34,27,7,246758.0,Historique Loto de mai 1976 à octobre 2008
2002-07-06,10,29,22,2,35,48,1054581.0,Historique Loto de mai 1976 à octobre 2008
2002-07-10,2,34,16,40,8,15,1889153.0,Historique Loto de mai 1976 à octobre 2008
2002-07-10,7,38,8,11,26,37,0.0,Historique Loto de mai 1976 à octobre 2008
2002-07-13,25,4,41,2,22,15,1407289.0,Historique Loto de mai 1976 à octobre 2008
2002-07-13,13,46,29,43,45,49,0.0,Historique Loto de mai 1976 à octobre 2008
2002-07-17,7,3,28,22,44,16,292979.0,Historique Loto de mai 1976 à octobre 2008
2002-07-17,12,7,23,25,32,49,0.0,Historique Loto de mai 1976 à octobre 2008
2002-07-20,12,48,20,25,10,11,202858.0,Historique Loto de mai 1976 à octobre 2008
2002-07-20,9,13,47,38,16,10,6000000.0,Historique Loto de mai 1976 à octobre 2008
2002-07-24,24,7,49,19,21,11,429577.0,Historique Loto de mai 1976 à octobre 2008
2002-07-24,19,33,6,18,16,48,0.0,Historique Loto de mai 1976 à octobre 2008
2002-07-27,29,33,19,46,44,11,1349549.0,Historique Loto de mai 1976 à octobre 2008
2002-07-27,42,45,47,9,18,28,6000000.0,Historique Loto de mai 1976 à octobre 2008
2002-07-31,17,6,39,11,16,22,0.0,Historique Loto de mai 1976 à octobre 2008
2002-07-31,38,45,31,42,21,44,0.0,Historique Loto de mai 1976 à octobre 2008
2002-08-03,21,18,40,31,45,43,698130.0,Historique Loto de mai 1976 à octobre 2008
2002-08-03,45,1,25,30,48,28,0.0,Historique Loto de mai 1976 à octobre 2008
2002-08-07,43,32,29,7,19,8,0.0,Historique Loto de mai 1976 à octobre 2008
2002-08-07,7,22,20,13,49,24,214502.0,Historique Loto de mai 1976 à octobre 2008
2002-08-10,6,47,30,10,41,4,368786.0,Historique Loto de mai 1976 à octobre 2008
2002-08-10,13,34,11,49,45,28,2950000.0,Historique Loto de mai 1976 à octobre 2008
2002-08-14,6,24,35,11,13,7,0.0,Historique Loto de mai 1976 à octobre 2008
2002-08-14,7,47,48,26,9,18,1883773.0,Historique Loto de mai 1976 à octobre 2008
2002-08-17,42,35,30,2,36,44,0.0,Historique Loto de mai 1976 à octobre 2008
2002-08-17,15,26,28,32,30,33,1986096.0,Historique Loto de mai 1976 à octobre 2008
2002-08-21,19,46,1,8,29,40,451241.0,Historique Loto de mai 1976 à octobre 2008
2002-08-21,23,24,39,47,9,41,4000000.0,Historique Loto de mai 1976 à octobre 2008
2002-08-24,46,2,26,37,16,19,0.0,Historique Loto de mai 1976 à octobre 2008
2002-08-24,1,8,28,34,45,32,742024.0,Historique Loto de mai 1976 à octobre 2008
2002-08-28,34,27,30,11,5,44,2000000.0,Historique Loto de mai 1976 à octobre 2008
2002-08-28,8,14,2,1,12,48,358725.0,Historique Loto de mai 1976 à octobre 2008
2002-08-31,21,28,45,16,34,31,1037516.0,Historique Loto de mai 1976 à octobre 2008
2002-08-31,45,12,14,32,46,9,1124400.0,Historique Loto de mai 1976 à octobre 2008
2002-09-04,7,22,45,16,13,2,392145.0,Historique Loto de mai 1976 à octobre 2008
2002-09-04,26,8,36,40,5,29,4000000.0,Historique Loto de mai 1976 à octobre 2008
2002-09-07,4,36,28,20,42,45,1026749.0,Historique Loto de mai 1976 à octobre 2008
2002-09-07,11,20,44,43,22,32,2216432.0,Historique Loto de mai 1976 à octobre 2008
2002-09-11,45,37,32,29,15,46,896702.0,Historique Loto de mai 1976 à octobre 2008
2002-09-11,38,7,47,43,41,29,1933885.0,Historique Loto de mai 1976 à octobre 2008
2002-09-14,3,2,33,49,32,40,0.0,Historique Loto de mai 1976 à octobre 2008
2002-09-14,4,19,12,23,37,17,526229.0,Historique Loto de mai 1976 à octobre 2008
2002-09-18,21,42,38,17,7,1,858741.0,Historique Loto de mai 1976 à octobre 2008
2002-09-18,14,22,49,15,12,19,929146.0,Historique Loto de mai 1976 à octobre 2008
2002-09-21,9,15,45,37,17,2,944895.0,Historique Loto de mai 1976 à octobre 2008
2002-09-21,48,21,25,1,15,9,2038592.0,Historique Loto de mai 1976 à octobre 2008
2002-09-25,10,5,19,6,24,30,104560.0,Historique Loto de mai 1976 à octobre 2008
2002-09-25,36,5,26,20,4,40,1333334.0,Historique Loto de mai 1976 à octobre 2008
2002-09-28,6,49,36,13,8,31,0.0,Historique Loto de mai 1976 à octobre 2008
2002-09-28,49,19,20,31,9,37,1112146.0,Historique Loto de mai 1976 à octobre 2008
2002-10-02,16,39,21,41,24,48,653041.0,Historique Loto de mai 1976 à octobre 2008
2002-10-02,34,31,49,27,24,32,903255.0,Historique Loto de mai 1976 à octobre 2008
2002-10-05,48,19,41,34,14,10,0.0,Historique Loto de mai 1976 à octobre 2008
2002-10-05,29,42,36,12,47,16,1007856.0,Historique Loto de mai 1976 à octobre 2008
2002-10-09,38,16,8,29,24,27,485933.0,Historique Loto de mai 1976 à octobre 2008
2002-10-09,39,38,33,8,42,11,3000000.0,Historique Loto de mai 1976 à octobre 2008
2002-10-12,43,42,47,15,31,30,1044384.0,Historique Loto de mai 1976 à octobre 2008
2002-10-12,29,15,20,23,39,12,2254747.0,Historique Loto de mai 1976 à octobre 2008
2002-10-16,9,39,43,4,21,49,0.0,Historique Loto de mai 1976 à octobre 2008
2002-10-16,33,39,36,14,44,15,1981602.0,Historique Loto de mai 1976 à octobre 2008
2002-10-19,48,21,49,3,14,24,995033.0,Historique Loto de mai 1976 à octobre 2008
2002-10-19,8,3,17,7,18,30,197006.0,Historique Loto de mai 1976 à octobre 2008
2002-10-23,22,4,13,5,20,25,895785.0,Historique Loto de mai 1976 à octobre 2008
2002-10-23,17,20,36,6,42,24,969605.0,Historique Loto de mai 1976 à octobre 2008
2002-10-26,47,24,9,19,36,29,2097694.0,Historique Loto de mai 1976 à octobre 2008
2002-10-26,31,46,20,16,7,39,972098.0,Historique Loto de mai 1976 à octobre 2008
2002-10-30,28,47,22,11,26,4,1554596.0,Historique Loto de mai 1976 à octobre 2008
2002-10-30,6,42,20,27,1,18,1166667.0,Historique Loto de mai 1976 à octobre 2008
2002-11-02,39,49,29,9,12,28,252974.0,Historique Loto de mai 1976 à octobre 2008
2002-11-02,15,24,44,16,45,14,0.0,Historique Loto de mai 1976 à octobre 2008
2002-11-06,30,28,29,31,10,38,0.0,Historique Loto de mai 1976 à octobre 2008
2002-11-06,46,45,44,3,10,41,0.0,Historique Loto de mai 1976 à octobre 2008
2002-11-09,28,26,4,14,49,15,508851.0,Historique Loto de mai 1976 à octobre 2008
2002-11-09,16,14,7,25,21,45,2178000.0,Historique Loto de mai 1976 à octobre 2008
2002-11-13,30,44,12,29,33,20,464736.0,Historique Loto de mai 1976 à octobre 2008
2002-11-13,40,33,12,27,5,37,666667.0,Historique Loto de mai 1976 à octobre 2008
2002-11-16,49,43,9,28,6,16,266104.0,Historique Loto de mai 1976 à octobre 2008
2002-11-16,26,27,20,8,18,11,1137168.0,Historique Loto de mai 1976 à octobre 2008
2002-11-20,16,41,40,22,13,5,0.0,Historique Loto de mai 1976 à octobre 2008
2002-11-20,20,13,22,19,37,40,0.0,Historique Loto de mai 1976 à octobre 2008
2002-11-23,14,11,43,40,32,31,0.0,Historique Loto de mai 1976 à octobre 2008
2002-11-23,14,18,46,35,33,27,942384.0,Historique Loto de mai 1976 à octobre 2008
2002-11-27,42,24,9,20,17,5,896106.0,Historique Loto de mai 1976 à octobre 2008
2002-11-27,5,22,38,1,29,41,0.0,Historique Loto de mai 1976 à octobre 2008
2002-11-30,45,40,7,2,17,47,252673.0,Historique Loto de mai 1976 à octobre 2008
2002-11-30,7,30,28,41,15,42,721425.0,Historique Loto de mai 1976 à octobre 2008
2002-12-04,32,14,23,22,2,45,604697.0,Historique Loto de mai 1976 à octobre 2008
2002-12-04,25,20,12,26,14,33,0.0,Historique Loto de mai 1976 à octobre 2008
2002-12-07,22,16,1,2,8,13,257607.0,Historique Loto de mai 1976 à octobre 2008
2002-12-07,25,19,18,24,48,17,0.0,Historique Loto de mai 1976 à octobre 2008
2002-12-11,4,18,11,46,24,40,111975.0,Historique Loto de mai 1976 à octobre 2008
2002-12-11,20,31,30,9,4,40,0.0,Historique Loto de mai 1976 à octobre 2008
2002-12-14,24,15,11,28,6,43,1013191.0,Historique Loto de mai 1976 à octobre 2008
2002-12-14,11,23,43,31,26,19,935692.0,Historique Loto de mai 1976 à octobre 2008
2002-12-18,40,1,49,37,43,13,0.0,Historique Loto de mai 1976 à octobre 2008
2002-12-18,24,49,6,9,38,44,0.0,Historique Loto de mai 1976 à octobre 2008
2002-12-21,32,20,9,12,46,8,809955.0,Historique Loto de mai 1976 à octobre 2008
2002-12-21,15,23,21,1,13,29,7000000.0,Historique Loto de mai 1976 à octobre 2008
2002-12-25,13,48,45,2,40,4,902119.0,Historique Loto de mai 1976 à octobre 2008
2002-12-25,42,37,19,15,28,38,652209.0,Historique Loto de mai 1976 à octobre 2008
2002-12-28,45,12,17,46,16,8,608775.0,Historique Loto de mai 1976 à octobre 2008
2002-12-28,13,29,1,31,37,35,3500000.0,Historique Loto de mai 1976 à octobre 2008
2003-01-01,42,20,9,23,17,41,975860.0,Historique Loto de mai 1976 à octobre 2008
2003-01-01,5,18,43,17,10,40,2105868.0,Historique Loto de mai 1976 à octobre 2008
2003-01-04,17,37,18,42,36,22,659090.0,Historique Loto de mai 1976 à octobre 2008
2003-01-04,26,46,47,39,40,23,4000000.0,Historique Loto de mai 1976 à octobre 2008
2003-01-08,34,12,24,33,28,10,911698.0,Historique Loto de mai 1976 à octobre 2008
2003-01-08,11,32,16,42,49,48,1966466.0,Historique Loto de mai 1976 à octobre 2008
2003-01-11,22,13,39,35,6,21,0.0,Historique Loto de mai 1976 à octobre 2008
2003-01-11,43,6,35,27,48,46,259267.0,Historique Loto de mai 1976 à octobre 2008
2003-01-15,10,36,37,3,15,41,4000000.0,Historique Loto de mai 1976 à octobre 2008
2003-01-15,16,12,1,5,28,9,385272.0,Historique Loto de mai 1976 à octobre 2008
2003-01-18,49,37,20,44,5,7,1023049.0,Historique Loto de mai 1976 à octobre 2008
2003-01-18,49,14,29,4,15,18,1108600.0,Historique Loto de mai 1976 à octobre 2008
2003-01-22,28,15,27,26,46,22,457071.0,Historique Loto de mai 1976 à octobre 2008
2003-01-22,45,26,29,49,1,35,1955601.0,Historique Loto de mai 1976 à octobre 2008
2003-01-25,20,25,46,34,17,28,1534567.0,Historique Loto de mai 1976 à octobre 2008
2003-01-25,38,8,42,47,1,12,2000000.0,Historique Loto de mai 1976 à octobre 2008
2003-01-29,37,48,34,40,3,46,0.0,Historique Loto de mai 1976 à octobre 2008
2003-01-29,19,32,40,30,35,4,1964880.0,Historique Loto de mai 1976 à octobre 2008
2003-02-01,43,17,45,14,38,35,0.0,Historique Loto de mai 1976 à octobre 2008
2003-02-01,15,46,42,34,8,10,1000000.0,Historique Loto de mai 1976 à octobre 2008
2003-02-05,26,30,27,35,47,3,0.0,Historique Loto de mai 1976 à octobre 2008
2003-02-05,38,20,10,19,49,39,932461.0,Historique Loto de mai 1976 à octobre 2008
2003-02-08,31,36,12,26,18,1,0.0,Historique Loto de mai 1976 à octobre 2008
2003-02-08,45,39,34,28,48,42,2303163.0,Historique Loto de mai 1976 à octobre 2008
2003-02-12,41,12,31,28,16,18,931370.0,Historique Loto de mai 1976 à octobre 2008
2003-02-12,1,2,39,24,20,7,0.0,Historique Loto de mai 1976 à octobre 2008
2003-02-15,49,26,31,28,11,19,616460.0,Historique Loto de mai 1976 à octobre 2008
2003-02-15,12,48,22,18,19,42,,Historique Loto de mai 1976 à octobre 2008
2003-02-19,16,40,31,20,35,4,0.0,Historique Loto de mai 1976 à octobre 2008
2003-02-19,1,35,32,8,33,46,0.0,Historique Loto de mai 1976 à octobre 2008
2003-02-22,27,36,9,46,44,45,1294941.0,Historique Loto de mai 1976 à octobre 2008
2003-02-22,27,18,11,6,2,13,1000000.0,Historique Loto de mai 1976 à octobre 2008
2003-02-26,23,40,13,7,22,36,911243.0,Historique Loto de mai 1976 à octobre 2008
2003-02-26,42,6,19,34,16,33,1965478.0,Historique Loto de mai 1976 à octobre 2008
2003-03-01,11,47,13,40,45,18,2329635.0,Historique Loto de mai 1976 à octobre 2008
2003-03-01,1,8,44,39,33,47,1078852.0,Historique Loto de mai 1976 à octobre 2008
2003-03-05,21,12,17,37,27,30,1333334.0,Historique Loto de mai 1976 à octobre 2008
2003-03-05,33,27,9,21,49,25,158692.0,Historique Loto de mai 1976 à octobre 2008
2003-03-08,6,44,49,46,30,34,1092142.0,Historique Loto de mai 1976 à octobre 2008
2003-03-08,9,14,11,17,30,21,2358509.0,Historique Loto de mai 1976 à octobre 2008
2003-03-12,11,26,32,4,47,36,106561.0,Historique Loto de mai 1976 à octobre 2008
2003-03-12,35,21,42,36,3,40,681651.0,Historique Loto de mai 1976 à octobre 2008
2003-03-15,26,16,21,49,46,9,1048191.0,Historique Loto de mai 1976 à octobre 2008
2003-03-15,46,6,14,4,31,29,569552.0,Historique Loto de mai 1976 à octobre 2008
2003-03-19,40,49,36,44,2,8,886353.0,Historique Loto de mai 1976 à octobre 2008
2003-03-19,48,23,34,2,21,39,959304.0,Historique Loto de mai 1976 à octobre 2008
2003-03-22,42,33,9,37,27,28,0.0,Historique Loto de mai 1976 à octobre 2008
2003-03-22,7,8,34,41,19,31,2055984.0,Historique Loto de mai 1976 à octobre 2008
2003-03-26,15,10,5,29,48,2,1869764.0,Historique Loto de mai 1976 à octobre 2008
2003-03-26,29,2,23,22,42,46,0.0,Historique Loto de mai 1976 à octobre 2008
2003-03-29,39,36,18,14,37,22,1254851.0,Historique Loto de mai 1976 à octobre 2008
2003-03-29,45,27,32,48,33,21,1333334.0,Historique Loto de mai 1976 à octobre 2008
2003-04-02,37,13,47,26,44,19,301572.0,Historique Loto de mai 1976 à octobre 2008
2003-04-02,27,24,19,41,5,43,0.0,Historique Loto de mai 1976 à octobre 2008
2003-04-05,9,32,4,6,12,1,0.0,Historique Loto de mai 1976 à octobre 2008
2003-04-05,18,37,25,47,17,7,2183847.0,Historique Loto de mai 1976 à octobre 2008
2003-04-09,24,48,45,7,13,4,179909.0,Historique Loto de mai 1976 à octobre 2008
2003-04-09,41,15,37,24,46,38,641374.0,Historique Loto de mai 1976 à octobre 2008
2003-04-12,13,35,6,42,37,36,324292.0,Historique Loto de mai 1976 à octobre 2008
2003-04-12,34,17,13,41,40,8,1333334.0,Historique Loto de mai 1976 à octobre 2008
2003-04-16,44,2,12,14,16,41,0.0,Historique Loto de mai 1976 à octobre 2008
2003-04-16,42,15,49,6,4,46,1887588.0,Historique Loto de mai 1976 à octobre 2008
2003-04-19,21,4,41,26,49,11,498868.0,Historique Loto de mai 1976 à octobre 2008
2003-04-19,1,9,23,5,31,27,358422.0,Historique Loto de mai 1976 à octobre 2008
2003-04-23,45,5,24,35,42,1,1035483.0,Historique Loto de mai 1976 à octobre 2008
2003-04-23,40,30,34,29,26,33,0.0,Historique Loto de mai 1976 à octobre 2008
2003-04-26,38,24,48,14,13,36,1068525.0,Historique Loto de mai 1976 à octobre 2008
2003-04-26,44,45,49,29,20,9,0.0,Historique Loto de mai 1976 à octobre 2008
2003-04-30,9,5,47,6,16,39,974755.0,Historique Loto de mai 1976 à octobre 2008
2003-04-30,38,1,6,4,49,37,303812.0,Historique Loto de mai 1976 à octobre 2008
2003-05-03,6,10,20,17,30,16,246709.0,Historique Loto de mai 1976 à octobre 2008
2003-05-03,15,25,3,7,40,47,704384.0,Historique Loto de mai 1976 à octobre 2008
2003-05-07,36,7,17,43,47,11,902628.0,Historique Loto de mai 1976 à octobre 2008
2003-05-07,40,49,34,9,23,12,977079.0,Historique Loto de mai 1976 à octobre 2008
2003-05-10,44,29,34,37,40,48,497185.0,Historique Loto de mai 1976 à octobre 2008
2003-05-10,44,30,1,12,10,7,713609.0,Historique Loto de mai 1976 à octobre 2008
2003-05-14,46,9,44,14,24,5,0.0,Historique Loto de mai 1976 à octobre 2008
2003-05-14,41,47,10,2,48,33,0.0,Historique Loto de mai 1976 à octobre 2008
2003-05-17,28,37,42,17,46,4,517820.0,Historique Loto de mai 1976 à octobre 2008
2003-05-17,42,27,39,47,11,46,743328.0,Historique Loto de mai 1976 à octobre 2008
2003-05-21,24,8,45,17,27,42,979025.0,Historique Loto de mai 1976 à octobre 2008
2003-05-21,31,4,6,46,32,36,904410.0,Historique Loto de mai 1976 à octobre 2008
2003-05-24,20,22,41,6,13,1,546432.0,Historique Loto de mai 1976 à octobre 2008
2003-05-24,37,23,42,47,10,18,2333334.0,Historique Loto de mai 1976 à octobre 2008
2003-05-28,38,43,32,49,2,20,0.0,Historique Loto de mai 1976 à octobre 2008
2003-05-28,4,15,19,35,3,16,0.0,Historique Loto de mai 1976 à octobre 2008
2003-05-31,27,9,30,24,12,22,140395.0,Historique Loto de mai 1976 à octobre 2008
2003-05-31,17,39,22,41,9,19,2086776.0,Historique Loto de mai 1976 à octobre 2008
2003-06-04,34,30,45,43,24,13,0.0,Historique Loto de mai 1976 à octobre 2008
2003-06-04,3,30,18,34,38,28,6000000.0,Historique Loto de mai 1976 à octobre 2008
2003-06-07,13,25,12,40,22,36,988757.0,Historique Loto de mai 1976 à octobre 2008
2003-06-07,23,16,12,6,37,11,2133888.0,Historique Loto de mai 1976 à octobre 2008
2003-06-11,20,9,16,19,22,18,419805.0,Historique Loto de mai 1976 à octobre 2008
2003-06-11,38,18,28,14,10,27,1795540.0,Historique Loto de mai 1976 à octobre 2008
2003-06-14,2,46,28,49,35,12,1986337.0,Historique Loto de mai 1976 à octobre 2008
2003-06-14,48,44,3,18,4,31,0.0,Historique Loto de mai 1976 à octobre 2008
2003-06-18,15,46,28,33,23,40,1844092.0,Historique Loto de mai 1976 à octobre 2008
2003-06-18,27,29,19,42,32,44,431110.0,Historique Loto de mai 1976 à octobre 2008
2003-06-21,14,26,47,15,33,11,473087.0,Historique Loto de mai 1976 à octobre 2008
2003-06-21,46,26,36,31,29,34,2024391.0,Historique Loto de mai 1976 à octobre 2008
2003-06-25,25,27,33,13,42,41,1277110.0,Historique Loto de mai 1976 à octobre 2008
2003-06-25,48,34,45,42,7,16,2000000.0,Historique Loto de mai 1976 à octobre 2008
2003-06-28,47,46,34,11,12,33,325384.0,Historique Loto de mai 1976 à octobre 2008
2003-06-28,7,24,12,25,15,27,2079530.0,Historique Loto de mai 1976 à octobre 2008
2003-07-02,41,39,40,11,22,4,859231.0,Historique Loto de mai 1976 à octobre 2008
2003-07-02,34,10,36,35,18,16,1852472.0,Historique Loto de mai 1976 à octobre 2008
2003-07-05,31,48,35,43,49,17,940335.0,Historique Loto de mai 1976 à octobre 2008
2003-07-05,21,8,47,13,16,24,510338.0,Historique Loto de mai 1976 à octobre 2008
2003-07-09,18,4,30,17,21,41,912567.0,Historique Loto de mai 1976 à octobre 2008
2003-07-09,6,36,5,13,41,44,0.0,Historique Loto de mai 1976 à octobre 2008
2003-07-12,18,35,46,44,36,34,452781.0,Historique Loto de mai 1976 à octobre 2008
2003-07-12,10,20,1,24,23,31,972261.0,Historique Loto de mai 1976 à octobre 2008
2003-07-16,21,13,22,34,5,32,332954.0,Historique Loto de mai 1976 à octobre 2008
2003-07-16,10,3,26,23,27,13,4000000.0,Historique Loto de mai 1976 à octobre 2008
2003-07-19,8,13,4,10,20,41,134547.0,Historique Loto de mai 1976 à octobre 2008
2003-07-19,37,35,39,44,10,5,0.0,Historique Loto de mai 1976 à octobre 2008
2003-07-23,6,46,5,38,9,1,662763.0,Historique Loto de mai 1976 à octobre 2008
2003-07-23,33,11,41,15,14,25,,Historique Loto de mai 1976 à octobre 2008
2003-07-26,41,5,35,42,16,14,0.0,Historique Loto de mai 1976 à octobre 2008
2003-07-26,35,33,38,25,47,12,691197.0,Historique Loto de mai 1976 à octobre 2008
2003-07-30,18,1,14,42,4,44,1100235.0,Historique Loto de mai 1976 à octobre 2008
2003-07-30,10,15,20,1,7,47,444445.0,Historique Loto de mai 1976 à octobre 2008
2003-08-02,3,20,9,19,17,10,190689.0,Historique Loto de mai 1976 à octobre 2008
2003-08-02,12,24,38,18,2,40,1017879.0,Historique Loto de mai 1976 à octobre 2008
2003-08-06,3,26,35,34,1,39,4000000.0,Historique Loto de mai 1976 à octobre 2008
2003-08-06,31,16,28,36,29,19,0.0,Historique Loto de mai 1976 à octobre 2008
2003-08-09,8,40,10,34,24,7,1005084.0,Historique Loto de mai 1976 à octobre 2008
2003-08-09,39,3,19,30,21,32,313285.0,Historique Loto de mai 1976 à octobre 2008
2003-08-13,12,37,45,28,1,17,436932.0,Historique Loto de mai 1976 à octobre 2008
2003-08-13,32,23,7,29,10,42,0.0,Historique Loto de mai 1976 à octobre 2008
2003-08-16,7,38,10,20,11,6,451324.0,Historique Loto de mai 1976 à octobre 2008
2003-08-16,5,46,37,27,33,49,0.0,Historique Loto de mai 1976 à octobre 2008
2003-08-20,34,8,4,44,23,20,0.0,Historique Loto de mai 1976 à octobre 2008
2003-08-20,38,1,34,5,10,45,2000000.0,Historique Loto de mai 1976 à octobre 2008
2003-08-23,32,11,43,25,9,34,318319.0,Historique Loto de mai 1976 à octobre 2008
2003-08-23,49,12,17,10,26,42,0.0,Historique Loto de mai 1976 à octobre 2008
2003-08-27,3,42,33,31,26,45,0.0,Historique Loto de mai 1976 à octobre 2008
2003-08-27,10,31,7,38,28,1,0.0,Historique Loto de mai 1976 à octobre 2008
2003-08-30,39,24,44,17,11,48,0.0,Historique Loto de mai 1976 à octobre 2008
2003-08-30,25,2,32,18,11,49,692603.0,Historique Loto de mai 1976 à octobre 2008
2003-09-03,15,42,13,17,16,6,453963.0,Historique Loto de mai 1976 à octobre 2008
2003-09-03,23,24,26,41,40,32,0.0,Historique Loto de mai 1976 à octobre 2008
2003-09-06,2,1,20,49,47,18,999773.0,Historique Loto de mai 1976 à octobre 2008
2003-09-06,37,44,27,9,10,31,2157822.0,Historique Loto de mai 1976 à octobre 2008
2003-09-10,37,31,15,24,44,48,1347709.0,Historique Loto de mai 1976 à octobre 2008
2003-09-10,44,49,27,13,23,41,0.0,Historique Loto de mai 1976 à octobre 2008
2003-09-13,38,41,26,33,43,27,1018942.0,Historique Loto de mai 1976 à octobre 2008
2003-09-13,22,11,42,19,43,16,1104114.0,Historique Loto de mai 1976 à octobre 2008
2003-09-17,15,13,7,20,21,48,900376.0,Historique Loto de mai 1976 à octobre 2008
2003-09-17,8,48,3,29,23,7,1941866.0,Historique Loto de mai 1976 à octobre 2008
2003-09-20,25,1,48,20,12,43,493205.0,Historique Loto de mai 1976 à octobre 2008
2003-09-20,5,46,26,33,35,36,0.0,Historique Loto de mai 1976 à octobre 2008
2003-09-24,10,33,18,19,13,6,6000000.0,Historique Loto de mai 1976 à octobre 2008
2003-09-24,11,36,33,6,17,28,344508.0,Historique Loto de mai 1976 à octobre 2008
2003-09-27,33,34,5,25,6,2,430902.0,Historique Loto de mai 1976 à octobre 2008
2003-09-27,12,40,8,29,49,3,0.0,Historique Loto de mai 1976 à octobre 2008
2003-10-01,49,23,1,7,17,35,181225.0,Historique Loto de mai 1976 à octobre 2008
2003-10-01,40,5,17,43,29,30,967382.0,Historique Loto de mai 1976 à octobre 2008
2003-10-04,31,32,10,38,6,33,951908.0,Historique Loto de mai 1976 à octobre 2008
2003-10-04,7,48,40,44,45,37,2053829.0,Historique Loto de mai 1976 à octobre 2008
2003-10-08,6,34,2,12,4,24,383995.0,Historique Loto de mai 1976 à octobre 2008
2003-10-08,18,42,23,7,14,25,1333334.0,Historique Loto de mai 1976 à octobre 2008
2003-10-11,32,27,14,2,25,18,506937.0,Historique Loto de mai 1976 à octobre 2008
2003-10-11,38,17,35,10,48,29,545991.0,Historique Loto de mai 1976 à octobre 2008
2003-10-15,18,7,44,49,25,29,908362.0,Historique Loto de mai 1976 à octobre 2008
2003-10-15,12,2,31,17,48,44,656779.0,Historique Loto de mai 1976 à octobre 2008
2003-10-18,6,13,40,30,11,18,373063.0,Historique Loto de mai 1976 à octobre 2008
2003-10-18,8,39,41,27,33,13,0.0,Historique Loto de mai 1976 à octobre 2008
2003-10-22,17,7,34,9,8,49,887653.0,Historique Loto de mai 1976 à octobre 2008
2003-10-22,6,43,27,15,22,7,1914224.0,Historique Loto de mai 1976 à octobre 2008
2003-10-25,10,34,12,27,28,46,247843.0,Historique Loto de mai 1976 à octobre 2008
2003-10-25,28,11,43,4,3,36,0.0,Historique Loto de mai 1976 à octobre 2008
2003-10-29,14,7,31,10,4,28,211537.0,Historique Loto de mai 1976 à octobre 2008
2003-10-29,7,17,34,19,27,47,1801833.0,Historique Loto de mai 1976 à octobre 2008
2003-11-01,26,38,28,20,27,6,834857.0,Historique Loto de mai 1976 à octobre 2008
2003-11-01,7,9,40,36,24,32,0.0,Historique Loto de mai 1976 à octobre 2008
2003-11-05,49,48,33,47,12,30,0.0,Historique Loto de mai 1976 à octobre 2008
2003-11-05,48,49,17,27,28,30,8000000.0,Historique Loto de mai 1976 à octobre 2008
2003-11-08,20,23,31,22,35,28,1041429.0,Historique Loto de mai 1976 à octobre 2008
2003-11-08,19,33,48,28,49,5,0.0,Historique Loto de mai 1976 à octobre 2008
2003-11-12,27,4,46,14,6,29,0.0,Historique Loto de mai 1976 à octobre 2008
2003-11-12,31,40,29,21,30,22,1873561.0,Historique Loto de mai 1976 à octobre 2008
2003-11-15,27,17,10,18,32,4,504221.0,Historique Loto de mai 1976 à octobre 2008
2003-11-15,8,48,6,14,13,23,2158115.0,Historique Loto de mai 1976 à octobre 2008
2003-11-19,38,33,5,16,28,21,444543.0,Historique Loto de mai 1976 à octobre 2008
2003-11-19,41,24,34,6,8,38,1333334.0,Historique Loto de mai 1976 à octobre 2008
2003-11-22,13,9,20,28,10,35,254255.0,Historique Loto de mai 1976 à octobre 2008
2003-11-22,15,40,26,32,29,16,1086586.0,Historique Loto de mai 1976 à octobre 2008
2003-11-26,8,47,22,14,33,5,0.0,Historique Loto de mai 1976 à octobre 2008
2003-11-26,26,39,13,7,28,42,388243.0,Historique Loto de mai 1976 à octobre 2008
2003-11-29,34,15,47,3,46,39,997788.0,Historique Loto de mai 1976 à octobre 2008
2003-11-29,39,21,43,25,40,24,0.0,Historique Loto de mai 1976 à octobre 2008
2003-12-03,30,16,19,39,34,27,666667.0,Historique Loto de mai 1976 à octobre 2008
2003-12-03,33,32,37,9,1,3,1196248.0,Historique Loto de mai 1976 à octobre 2008
2003-12-06,40,16,20,6,30,7,172491.0,Historique Loto de mai 1976 à octobre 2008
2003-12-06,46,9,10,31,32,15,0.0,Historique Loto de mai 1976 à octobre 2008
2003-12-10,17,25,5,41,48,37,445618.0,Historique Loto de mai 1976 à octobre 2008
2003-12-10,2,19,5,32,11,3,1906405.0,Historique Loto de mai 1976 à octobre 2008
2003-12-13,29,28,26,38,47,37,0.0,Historique Loto de mai 1976 à octobre 2008
2003-12-13,23,12,22,46,16,3,2044643.0,Historique Loto de mai 1976 à octobre 2008
2003-12-17,32,18,4,19,31,8,0.0,Historique Loto de mai 1976 à octobre 2008
2003-12-17,49,39,23,22,9,47,0.0,Historique Loto de mai 1976 à octobre 2008
2003-12-20,26,48,14,39,28,31,0.0,Historique Loto de mai 1976 à octobre 2008
2003-12-20,48,19,21,40,49,11,0.0,Historique Loto de mai 1976 à octobre 2008
2003-12-24,30,27,38,19,13,10,3500000.0,Historique Loto de mai 1976 à octobre 2008
2003-12-24,35,19,40,37,34,13,485953.0,Historique Loto de mai 1976 à octobre 2008
2003-12-27,17,11,33,32,37,28,0.0,Historique Loto de mai 1976 à octobre 2008
2003-12-27,43,9,36,2,22,47,0.0,Historique Loto de mai 1976 à octobre 2008
2003-12-31,26,11,24,32,46,38,715470.0,Historique Loto de mai 1976 à octobre 2008
2003-12-31,5,34,16,47,30,27,3500000.0,Historique Loto de mai 1976 à octobre 2008
2004-01-03,16,38,3,43,18,39,540199.0,Historique Loto de mai 1976 à octobre 2008
2004-01-03,13,17,3,49,43,44,1161004.0,Historique Loto de mai 1976 à octobre 2008
2004-01-07,28,3,13,4,47,27,326334.0,Historique Loto de mai 1976 à octobre 2008
2004-01-07,42,21,8,20,45,15,2085586.0,Historique Loto de mai 1976 à octobre 2008
2004-01-10,23,32,18,21,15,4,733682.0,Historique Loto de mai 1976 à octobre 2008
2004-01-10,38,12,26,32,6,19,444445.0,Historique Loto de mai 1976 à octobre 2008
2004-01-14,33,38,11,14,32,25,0.0,Historique Loto de mai 1976 à octobre 2008
2004-01-14,18,6,40,48,12,10,1047657.0,Historique Loto de mai 1976 à octobre 2008
2004-01-17,29,44,32,36,31,20,2297962.0,Historique Loto de mai 1976 à octobre 2008
2004-01-17,43,45,20,29,15,38,0.0,Historique Loto de mai 1976 à octobre 2008
2004-01-21,28,21,19,25,15,34,0.0,Historique Loto de mai 1976 à octobre 2008
2004-01-21,8,19,28,21,36,12,0.0,Historique Loto de mai 1976 à octobre 2008
2004-01-24,5,8,2,42,40,20,971693.0,Historique Loto de mai 1976 à octobre 2008
2004-01-24,12,18,46,8,28,31,351969.0,Historique Loto de mai 1976 à octobre 2008
2004-01-28,21,43,4,3,31,39,1108056.0,Historique Loto de mai 1976 à octobre 2008
2004-01-28,39,47,16,27,44,37,0.0,Historique Loto de mai 1976 à octobre 2008
2004-01-31,33,25,20,39,13,46,518173.0,Historique Loto de mai 1976 à octobre 2008
2004-01-31,12,43,20,10,26,35,1113447.0,Historique Loto de mai 1976 à octobre 2008
2004-02-04,13,40,17,32,21,47,1301423.0,Historique Loto de mai 1976 à octobre 2008
2004-02-04,45,13,8,33,7,42,1000000.0,Historique Loto de mai 1976 à octobre 2008
2004-02-07,8,2,27,48,15,33,1043630.0,Historique Loto de mai 1976 à octobre 2008
2004-02-07,34,1,29,40,22,5,1131078.0,Historique Loto de mai 1976 à octobre 2008
2004-02-11,47,32,48,36,44,27,650826.0,Historique Loto de mai 1976 à octobre 2008
2004-02-11,23,47,10,45,24,20,900230.0,Historique Loto de mai 1976 à octobre 2008
2004-02-14,11,30,12,32,44,24,1028911.0,Historique Loto de mai 1976 à octobre 2008
2004-02-14,44,9,5,2,10,29,744872.0,Historique Loto de mai 1976 à octobre 2008
2004-02-18,12,5,35,43,23,13,439422.0,Historique Loto de mai 1976 à octobre 2008
2004-02-18,35,49,17,1,37,5,0.0,Historique Loto de mai 1976 à octobre 2008
2004-02-21,20,3,18,24,28,7,0.0,Historique Loto de mai 1976 à octobre 2008
2004-02-21,25,44,7,9,37,41,0.0,Historique Loto de mai 1976 à octobre 2008
2004-02-25,28,13,18,19,41,46,0.0,Historique Loto de mai 1976 à octobre 2008
2004-02-25,21,14,37,18,43,29,4000000.0,Historique Loto de mai 1976 à octobre 2008
2004-02-28,23,18,47,39,33,42,951236.0,Historique Loto de mai 1976 à octobre 2008
2004-02-28,7,32,43,38,21,6,0.0,Historique Loto de mai 1976 à octobre 2008
2004-03-03,33,27,44,45,47,1,0.0,Historique Loto de mai 1976 à octobre 2008
2004-03-03,34,36,44,10,18,47,1856608.0,Historique Loto de mai 1976 à octobre 2008
2004-03-06,16,44,24,39,25,32,0.0,Historique Loto de mai 1976 à octobre 2008
2004-03-06,38,8,35,46,18,12,1032615.0,Historique Loto de mai 1976 à octobre 2008
2004-03-10,19,21,37,36,3,6,626829.0,Historique Loto de mai 1976 à octobre 2008
2004-03-10,8,22,6,26,42,10,437217.0,Historique Loto de mai 1976 à octobre 2008
2004-03-13,49,38,14,29,5,13,1024540.0,Historique Loto de mai 1976 à octobre 2008
2004-03-13,46,26,30,34,37,8,946083.0,Historique Loto de mai 1976 à octobre 2008
2004-03-17,30,37,31,6,38,29,1173769.0,Historique Loto de mai 1976 à octobre 2008
2004-03-17,28,3,49,19,48,37,3650000.0,Historique Loto de mai 1976 à octobre 2008
2004-03-20,37,20,38,36,30,11,944073.0,Historique Loto de mai 1976 à octobre 2008
2004-03-20,5,25,15,44,38,14,2036805.0,Historique Loto de mai 1976 à octobre 2008
2004-03-24,3,44,14,38,34,25,0.0,Historique Loto de mai 1976 à octobre 2008
2004-03-24,27,33,43,12,5,1,0.0,Historique Loto de mai 1976 à octobre 2008
2004-03-27,12,44,2,37,45,35,0.0,Historique Loto de mai 1976 à octobre 2008
2004-03-27,4,28,30,42,43,36,0.0,Historique Loto de mai 1976 à octobre 2008
2004-03-31,40,13,19,45,46,23,1044250.0,Historique Loto de mai 1976 à octobre 2008
2004-03-31,7,26,29,48,16,5,6000000.0,Historique Loto de mai 1976 à octobre 2008
2004-04-03,26,13,22,21,36,48,675903.0,Historique Loto de mai 1976 à octobre 2008
2004-04-03,15,31,33,5,14,35,315406.0,Historique Loto de mai 1976 à octobre 2008
2004-04-07,11,32,25,33,1,16,659478.0,Historique Loto de mai 1976 à octobre 2008
2004-04-07,36,29,21,2,24,28,7000000.0,Historique Loto de mai 1976 à octobre 2008
2004-04-10,38,20,27,48,29,21,0.0,Historique Loto de mai 1976 à octobre 2008
2004-04-10,14,30,48,31,13,27,0.0,Historique Loto de mai 1976 à octobre 2008
2004-04-14,38,43,4,44,35,32,0.0,Historique Loto de mai 1976 à octobre 2008
2004-04-14,21,34,29,38,13,15,0.0,Historique Loto de mai 1976 à octobre 2008
2004-04-17,32,3,43,20,21,44,109808.0,Historique Loto de mai 1976 à octobre 2008
2004-04-17,43,5,20,47,34,6,2095077.0,Historique Loto de mai 1976 à octobre 2008
2004-04-21,25,6,39,45,15,9,288411.0,Historique Loto de mai 1976 à octobre 2008
2004-04-21,4,36,42,28,41,20,1844049.0,Historique Loto de mai 1976 à octobre 2008
2004-04-24,47,44,24,29,45,10,0.0,Historique Loto de mai 1976 à octobre 2008
2004-04-24,9,24,16,43,30,3,2000000.0,Historique Loto de mai 1976 à octobre 2008
2004-04-28,1,45,36,21,48,15,0.0,Historique Loto de mai 1976 à octobre 2008
2004-04-28,31,14,43,25,6,10,851036.0,Historique Loto de mai 1976 à octobre 2008
2004-05-01,40,25,46,30,39,34,451472.0,Historique Loto de mai 1976 à octobre 2008
2004-05-01,17,18,11,16,48,6,0.0,Historique Loto de mai 1976 à octobre 2008
2004-05-05,34,32,15,22,31,8,1191572.0,Historique Loto de mai 1976 à octobre 2008
2004-05-05,3,47,43,23,14,38,2550000.0,Historique Loto de mai 1976 à octobre 2008
2004-05-08,13,16,31,25,4,37,900911.0,Historique Loto de mai 1976 à octobre 2008
2004-05-08,18,12,23,36,44,41,975203.0,Historique Loto de mai 1976 à octobre 2008
2004-05-12,5,27,30,45,44,3,0.0,Historique Loto de mai 1976 à octobre 2008
2004-05-12,26,16,24,31,38,25,1333334.0,Historique Loto de mai 1976 à octobre 2008
2004-05-15,21,29,25,20,39,16,0.0,Historique Loto de mai 1976 à octobre 2008
2004-05-15,17,30,27,14,16,1,0.0,Historique Loto de mai 1976 à octobre 2008
2004-05-19,47,2,43,12,22,19,432005.0,Historique Loto de mai 1976 à octobre 2008
2004-05-19,48,35,42,14,36,32,1847938.0,Historique Loto de mai 1976 à octobre 2008
2004-05-22,26,39,7,19,8,13,649978.0,Historique Loto de mai 1976 à octobre 2008
2004-05-22,9,23,20,11,27,16,899072.0,Historique Loto de mai 1976 à octobre 2008
2004-05-26,36,13,8,15,34,49,840419.0,Historique Loto de mai 1976 à octobre 2008
2004-05-26,38,14,2,34,22,5,0.0,Historique Loto de mai 1976 à octobre 2008
2004-05-29,10,20,43,26,46,41,912067.0,Historique Loto de mai 1976 à octobre 2008
2004-05-29,23,9,44,17,5,11,659491.0,Historique Loto de mai 1976 à octobre 2008
2004-06-02,41,34,8,7,42,36,819223.0,Historique Loto de mai 1976 à octobre 2008
2004-06-02,7,47,14,45,8,35,885986.0,Historique Loto de mai 1976 à octobre 2008
2004-06-05,43,24,20,35,38,14,328856.0,Historique Loto de mai 1976 à octobre 2008
2004-06-05,46,41,38,47,43,48,1750000.0,Historique Loto de mai 1976 à octobre 2008
2004-06-09,31,18,23,32,9,8,420832.0,Historique Loto de mai 1976 à octobre 2008
2004-06-09,3,21,35,41,43,36,0.0,Historique Loto de mai 1976 à octobre 2008
2004-06-12,4,6,43,46,45,38,0.0,Historique Loto de mai 1976 à octobre 2008
2004-06-12,21,39,19,10,17,43,4000000.0,Historique Loto de mai 1976 à octobre 2008
2004-06-16,16,41,21,34,13,12,168051.0,Historique Loto de mai 1976 à octobre 2008
2004-06-16,43,31,6,15,11,34,0.0,Historique Loto de mai 1976 à octobre 2008
2004-06-19,41,27,44,46,12,26,0.0,Historique Loto de mai 1976 à octobre 2008
2004-06-19,20,21,40,28,19,35,1973690.0,Historique Loto de mai 1976 à octobre 2008
2004-06-23,5,40,2,3,7,34,800000.0,Historique Loto de mai 1976 à octobre 2008
2004-06-23,13,9,10,4,15,32,363673.0,Historique Loto de mai 1976 à octobre 2008
2004-06-26,37,38,33,7,27,2,0.0,Historique Loto de mai 1976 à octobre 2008
2004-06-26,1,46,22,9,39,42,455536.0,Historique Loto de mai 1976 à octobre 2008
2004-06-30,4,44,47,22,20,38,818388.0,Historique Loto de mai 1976 à octobre 2008
2004-06-30,1,16,38,42,29,2,0.0,Historique Loto de mai 1976 à octobre 2008
2004-07-03,33,43,30,45,12,18,0.0,Historique Loto de mai 1976 à octobre 2008
2004-07-03,2,45,44,9,15,30,800000.0,Historique Loto de mai 1976 à octobre 2008
2004-07-07,46,8,6,32,36,9,0.0,Historique Loto de mai 1976 à octobre 2008
2004-07-07,29,38,10,12,45,3,1805405.0,Historique Loto de mai 1976 à octobre 2008
2004-07-10,29,6,33,36,12,39,914895.0,Historique Loto de mai 1976 à octobre 2008
2004-07-10,44,33,15,5,27,39,0.0,Historique Loto de mai 1976 à octobre 2008
2004-07-14,14,34,5,12,29,16,390280.0,Historique Loto de mai 1976 à octobre 2008
2004-07-14,10,29,32,25,26,40,0.0,Historique Loto de mai 1976 à octobre 2008
2004-07-17,32,11,47,35,36,40,0.0,Historique Loto de mai 1976 à octobre 2008
2004-07-17,26,11,18,13,31,33,444112.0,Historique Loto de mai 1976 à octobre 2008
2004-07-21,34,19,29,36,45,39,0.0,Historique Loto de mai 1976 à octobre 2008
2004-07-21,17,46,19,40,35,26,0.0,Historique Loto de mai 1976 à octobre 2008
2004-07-24,22,31,6,1,20,49,140732.0,Historique Loto de mai 1976 à octobre 2008
2004-07-24,34,1,11,4,10,5,1333334.0,Historique Loto de mai 1976 à octobre 2008
2004-07-28,35,23,45,40,2,32,809284.0,Historique Loto de mai 1976 à octobre 2008
2004-07-28,32,9,22,14,24,34,350871.0,Historique Loto de mai 1976 à octobre 2008
2004-07-31,19,3,37,47,34,29,0.0,Historique Loto de mai 1976 à octobre 2008
2004-07-31,38,42,2,12,37,9,0.0,Historique Loto de mai 1976 à octobre 2008
2004-08-04,26,22,43,1,49,48,544380.0,Historique Loto de mai 1976 à octobre 2008
2004-08-04,42,35,1,7,49,11,2000000.0,Historique Loto de mai 1976 à octobre 2008
2004-08-07,30,43,39,26,24,48,0.0,Historique Loto de mai 1976 à octobre 2008
2004-08-07,21,22,43,37,19,31,1903088.0,Historique Loto de mai 1976 à octobre 2008
2004-08-11,19,35,29,16,25,12,858726.0,Historique Loto de mai 1976 à octobre 2008
2004-08-11,35,6,5,10,30,38,794264.0,Historique Loto de mai 1976 à octobre 2008
2004-08-14,30,31,36,2,9,22,1862123.0,Historique Loto de mai 1976 à octobre 2008
2004-08-14,8,49,45,10,25,42,218637.0,Historique Loto de mai 1976 à octobre 2008
2004-08-18,31,41,46,35,25,45,0.0,Historique Loto de mai 1976 à octobre 2008
2004-08-18,30,22,6,34,40,23,1709208.0,Historique Loto de mai 1976 à octobre 2008
2004-08-21,13,31,14,39,16,15,292488.0,Historique Loto de mai 1976 à octobre 2008
2004-08-21,39,23,24,29,45,17,0.0,Historique Loto de mai 1976 à octobre 2008
2004-08-25,37,25,16,3,14,10,942837.0,Historique Loto de mai 1976 à octobre 2008
2004-08-25,30,15,25,46,35,20,0.0,Historique Loto de mai 1976 à octobre 2008
2004-08-28,20,23,4,14,25,21,0.0,Historique Loto de mai 1976 à octobre 2008
2004-08-28,2,3,1,39,41,22,955378.0,Historique Loto de mai 1976 à octobre 2008
2004-09-01,34,36,47,14,9,40,816353.0,Historique Loto de mai 1976 à octobre 2008
2004-09-01,20,32,28,4,3,38,1759313.0,Historique Loto de mai 1976 à octobre 2008
2004-09-04,37,3,24,38,19,28,7000000.0,Historique Loto de mai 1976 à octobre 2008
2004-09-04,22,48,14,7,9,42,331464.0,Historique Loto de mai 1976 à octobre 2008
2004-09-08,39,15,47,38,37,19,282357.0,Historique Loto de mai 1976 à octobre 2008
2004-09-08,15,22,41,10,11,1,0.0,Historique Loto de mai 1976 à octobre 2008
2004-09-11,36,37,34,47,5,49,0.0,Historique Loto de mai 1976 à octobre 2008
2004-09-11,26,13,27,18,10,31,508266.0,Historique Loto de mai 1976 à octobre 2008
2004-09-15,28,6,38,31,17,30,836574.0,Historique Loto de mai 1976 à octobre 2008
2004-09-15,46,48,1,41,49,30,0.0,Historique Loto de mai 1976 à octobre 2008
2004-09-18,26,1,25,9,3,41,915049.0,Historique Loto de mai 1976 à octobre 2008
2004-09-18,46,11,40,10,42,6,990645.0,Historique Loto de mai 1976 à octobre 2008
2004-09-22,5,25,20,27,26,46,0.0,Historique Loto de mai 1976 à octobre 2008
2004-09-22,37,11,21,10,35,19,0.0,Historique Loto de mai 1976 à octobre 2008
2004-09-25,41,49,19,15,8,38,0.0,Historique Loto de mai 1976 à octobre 2008
2004-09-25,37,20,39,36,28,15,1983570.0,Historique Loto de mai 1976 à octobre 2008
2004-09-29,24,1,17,39,26,16,1173336.0,Historique Loto de mai 1976 à octobre 2008
2004-09-29,47,27,19,40,44,33,0.0,Historique Loto de mai 1976 à octobre 2008
2004-10-02,11,6,10,47,22,30,344569.0,Historique Loto de mai 1976 à octobre 2008
2004-10-02,1,42,47,29,18,35,479722.0,Historique Loto de mai 1976 à octobre 2008
2004-10-06,19,1,10,48,18,34,1333334.0,Historique Loto de mai 1976 à octobre 2008
2004-10-06,34,43,6,37,26,36,0.0,Historique Loto de mai 1976 à octobre 2008
2004-10-09,22,26,5,7,11,1,107814.0,Historique Loto de mai 1976 à octobre 2008
2004-10-09,14,26,28,4,9,16,1032485.0,Historique Loto de mai 1976 à octobre 2008
2004-10-13,29,10,46,18,14,15,439318.0,Historique Loto de mai 1976 à octobre 2008
2004-10-13,35,2,33,48,30,14,0.0,Historique Loto de mai 1976 à octobre 2008
2004-10-16,21,34,2,44,13,28,468655.0,Historique Loto de mai 1976 à octobre 2008
2004-10-16,6,16,47,15,20,36,0.0,Historique Loto de mai 1976 à octobre 2008
2004-10-20,29,6,5,38,14,32,253796.0,Historique Loto de mai 1976 à octobre 2008
2004-10-20,1,12,7,35,23,17,1766667.0,Historique Loto de mai 1976 à octobre 2008
2004-10-23,6,37,34,45,14,39,927582.0,Historique Loto de mai 1976 à octobre 2008
2004-10-23,36,26,47,48,3,22,2000976.0,Historique Loto de mai 1976 à octobre 2008
2004-10-27,26,6,35,2,1,44,1795400.0,Historique Loto de mai 1976 à octobre 2008
2004-10-27,45,23,2,38,27,24,832963.0,Historique Loto de mai 1976 à octobre 2008
2004-10-30,9,19,8,30,14,34,672957.0,Historique Loto de mai 1976 à octobre 2008
2004-10-30,45,25,48,49,4,23,3500000.0,Historique Loto de mai 1976 à octobre 2008
2004-11-03,5,44,34,42,15,40,827809.0,Historique Loto de mai 1976 à octobre 2008
2004-11-03,25,30,31,44,41,49,895363.0,Historique Loto de mai 1976 à octobre 2008
2004-11-06,38,4,16,7,21,13,480870.0,Historique Loto de mai 1976 à octobre 2008
2004-11-06,14,47,26,4,39,19,0.0,Historique Loto de mai 1976 à octobre 2008
2004-11-10,14,12,30,17,48,10,294112.0,Historique Loto de mai 1976 à octobre 2008
2004-11-10,14,28,30,46,40,33,4000000.0,Historique Loto de mai 1976 à octobre 2008
2004-11-13,40,28,48,45,1,39,0.0,Historique Loto de mai 1976 à octobre 2008
2004-11-13,8,48,6,9,47,20,1020603.0,Historique Loto de mai 1976 à octobre 2008
2004-11-17,7,41,27,8,15,26,428834.0,Historique Loto de mai 1976 à octobre 2008
2004-11-17,43,4,25,24,26,27,123471.0,Historique Loto de mai 1976 à octobre 2008
2004-11-20,45,47,2,24,35,6,0.0,Historique Loto de mai 1976 à octobre 2008
2004-11-20,9,27,3,30,47,43,0.0,Historique Loto de mai 1976 à octobre 2008
2004-11-24,20,11,7,9,40,33,4000000.0,Historique Loto de mai 1976 à octobre 2008
2004-11-24,2,44,35,49,4,14,622023.0,Historique Loto de mai 1976 à octobre 2008
2004-11-27,35,5,38,25,6,26,0.0,Historique Loto de mai 1976 à octobre 2008
2004-11-27,34,33,26,15,24,43,1033356.0,Historique Loto de mai 1976 à octobre 2008
2004-12-01,32,35,29,27,21,47,855889.0,Historique Loto de mai 1976 à octobre 2008
2004-12-01,2,21,45,29,43,32,0.0,Historique Loto de mai 1976 à octobre 2008
2004-12-04,25,45,13,7,10,8,188973.0,Historique Loto de mai 1976 à octobre 2008
2004-12-04,17,42,19,23,43,8,0.0,Historique Loto de mai 1976 à octobre 2008
2004-12-08,41,15,20,43,48,34,0.0,Historique Loto de mai 1976 à octobre 2008
2004-12-08,17,21,12,49,38,43,1855608.0,Historique Loto de mai 1976 à octobre 2008
2004-12-11,35,26,7,38,39,14,1114263.0,Historique Loto de mai 1976 à octobre 2008
2004-12-11,47,32,15,21,33,49,4000000.0,Historique Loto de mai 1976 à octobre 2008
2004-12-15,4,13,9,30,19,22,466099.0,Historique Loto de mai 1976 à octobre 2008
2004-12-15,15,1,29,34,38,31,0.0,Historique Loto de mai 1976 à octobre 2008
2004-12-18,44,27,24,10,45,20,943402.0,Historique Loto de mai 1976 à octobre 2008
2004-12-18,25,40,39,44,33,17,1021611.0,Historique Loto de mai 1976 à octobre 2008
2004-12-22,16,22,33,8,2,7,359530.0,Historique Loto de mai 1976 à octobre 2008
2004-12-22,15,30,45,46,18,31,3500000.0,Historique Loto de mai 1976 à octobre 2008
2004-12-25,42,32,20,10,41,19,0.0,Historique Loto de mai 1976 à octobre 2008
2004-12-25,8,41,20,38,24,6,1884847.0,Historique Loto de mai 1976 à octobre 2008
2004-12-29,33,32,25,11,43,30,752497.0,Historique Loto de mai 1976 à octobre 2008
2004-12-29,37,40,22,9,42,34,0.0,Historique Loto de mai 1976 à octobre 2008
2005-01-01,46,32,34,31,30,22,0.0,Historique Loto de mai 1976 à octobre 2008
2005-01-01,3,6,31,39,44,16,2003870.0,Historique Loto de mai 1976 à octobre 2008
2005-01-05,49,33,36,43,25,48,372485.0,Historique Loto de mai 1976 à octobre 2008
2005-01-05,46,18,25,13,45,37,2000000.0,Historique Loto de mai 1976 à octobre 2008
2005-01-08,9,13,14,28,7,3,204426.0,Historique Loto de mai 1976 à octobre 2008
2005-01-08,37,23,35,40,48,38,1091181.0,Historique Loto de mai 1976 à octobre 2008
2005-01-12,27,39,1,35,14,26,309069.0,Historique Loto de mai 1976 à octobre 2008
2005-01-12,2,47,39,27,37,49,991587.0,Historique Loto de mai 1976 à octobre 2008
2005-01-15,16,11,19,6,4,15,199505.0,Historique Loto de mai 1976 à octobre 2008
2005-01-15,28,46,42,39,31,3,2121512.0,Historique Loto de mai 1976 à octobre 2008
2005-01-19,39,7,41,26,16,34,1000000.0,Historique Loto de mai 1976 à octobre 2008
2005-01-19,35,25,1,11,41,45,591432.0,Historique Loto de mai 1976 à octobre 2008
2005-01-22,36,35,15,24,19,45,0.0,Historique Loto de mai 1976 à octobre 2008
2005-01-22,26,18,23,40,31,32,330729.0,Historique Loto de mai 1976 à octobre 2008
2005-01-26,19,8,36,24,28,46,292466.0,Historique Loto de mai 1976 à octobre 2008
2005-01-26,4,16,11,33,41,6,470209.0,Historique Loto de mai 1976 à octobre 2008
2005-01-29,33,21,19,13,1,15,946241.0,Historique Loto de mai 1976 à octobre 2008
2005-01-29,4,43,40,29,38,21,1024712.0,Historique Loto de mai 1976 à octobre 2008
2005-02-02,4,35,45,13,15,2,865285.0,Historique Loto de mai 1976 à octobre 2008
2005-02-02,41,34,18,48,6,45,0.0,Historique Loto de mai 1976 à octobre 2008
2005-02-05,27,13,49,18,44,24,945764.0,Historique Loto de mai 1976 à octobre 2008
2005-02-05,35,41,23,5,22,30,2040479.0,Historique Loto de mai 1976 à octobre 2008
2005-02-09,49,23,33,44,26,34,854405.0,Historique Loto de mai 1976 à octobre 2008
2005-02-09,38,46,33,8,1,31,0.0,Historique Loto de mai 1976 à octobre 2008
2005-02-12,14,3,26,9,23,34,1004379.0,Historique Loto de mai 1976 à octobre 2008
2005-02-12,4,31,20,36,7,37,0.0,Historique Loto de mai 1976 à octobre 2008
2005-02-16,24,48,8,38,30,1,586548.0,Historique Loto de mai 1976 à octobre 2008
2005-02-16,4,1,31,8,6,5,1600000.0,Historique Loto de mai 1976 à octobre 2008
2005-02-19,19,12,47,1,11,33,472423.0,Historique Loto de mai 1976 à octobre 2008
2005-02-19,27,26,23,7,38,9,0.0,Historique Loto de mai 1976 à octobre 2008
2005-02-23,23,36,28,16,22,39,844846.0,Historique Loto de mai 1976 à octobre 2008
2005-02-23,35,40,15,14,33,46,1821219.0,Historique Loto de mai 1976 à octobre 2008
2005-02-26,47,29,48,1,27,49,923133.0,Historique Loto de mai 1976 à octobre 2008
2005-02-26,3,25,15,34,27,28,1991309.0,Historique Loto de mai 1976 à octobre 2008
2005-03-02,4,34,8,21,30,17,424792.0,Historique Loto de mai 1976 à octobre 2008
2005-03-02,39,42,16,26,46,48,0.0,Historique Loto de mai 1976 à octobre 2008
2005-03-05,24,25,9,47,43,36,0.0,Historique Loto de mai 1976 à octobre 2008
2005-03-05,10,8,40,44,48,9,2050413.0,Historique Loto de mai 1976 à octobre 2008
2005-03-09,17,39,32,12,42,6,635051.0,Historique Loto de mai 1976 à octobre 2008
2005-03-09,34,31,45,42,33,28,442899.0,Historique Loto de mai 1976 à octobre 2008
2005-03-12,27,42,16,48,39,7,1013373.0,Historique Loto de mai 1976 à octobre 2008
2005-03-12,26,25,11,16,6,36,118952.0,Historique Loto de mai 1976 à octobre 2008
2005-03-16,8,12,17,26,5,40,168274.0,Historique Loto de mai 1976 à octobre 2008
2005-03-16,40,14,47,35,32,5,0.0,Historique Loto de mai 1976 à octobre 2008
2005-03-19,37,28,11,8,5,48,912272.0,Historique Loto de mai 1976 à octobre 2008
2005-03-19,6,30,38,20,21,18,1967713.0,Historique Loto de mai 1976 à octobre 2008
2005-03-23,34,40,49,38,45,47,0.0,Historique Loto de mai 1976 à octobre 2008
2005-03-23,35,27,42,9,8,45,903471.0,Historique Loto de mai 1976 à octobre 2008
2005-03-26,45,41,40,32,9,4,439866.0,Historique Loto de mai 1976 à octobre 2008
2005-03-26,31,47,49,2,15,45,3500000.0,Historique Loto de mai 1976 à octobre 2008
2005-03-30,24,35,22,31,10,28,0.0,Historique Loto de mai 1976 à octobre 2008
2005-03-30,19,5,41,23,43,20,889004.0,Historique Loto de mai 1976 à octobre 2008
2005-04-02,3,27,1,21,13,4,993358.0,Historique Loto de mai 1976 à octobre 2008
2005-04-02,31,2,21,18,42,15,0.0,Historique Loto de mai 1976 à octobre 2008
2005-04-06,47,45,40,36,25,1,0.0,Historique Loto de mai 1976 à octobre 2008
2005-04-06,5,20,4,35,46,12,913254.0,Historique Loto de mai 1976 à octobre 2008
2005-04-09,9,14,27,2,36,20,0.0,Historique Loto de mai 1976 à octobre 2008
2005-04-09,26,36,45,37,18,47,664571.0,Historique Loto de mai 1976 à octobre 2008
2005-04-13,13,6,19,20,3,45,312899.0,Historique Loto de mai 1976 à octobre 2008
2005-04-13,34,42,41,38,40,14,1800000.0,Historique Loto de mai 1976 à octobre 2008
2005-04-16,47,3,16,15,36,6,935242.0,Historique Loto de mai 1976 à octobre 2008
2005-04-16,27,37,17,46,45,30,2017619.0,Historique Loto de mai 1976 à octobre 2008
2005-04-20,44,37,4,19,1,47,0.0,Historique Loto de mai 1976 à octobre 2008
2005-04-20,25,45,15,37,18,24,1821722.0,Historique Loto de mai 1976 à octobre 2008
2005-04-23,23,4,5,21,11,27,174745.0,Historique Loto de mai 1976 à octobre 2008
2005-04-23,24,15,11,27,14,13,2000000.0,Historique Loto de mai 1976 à octobre 2008
2005-04-27,23,26,5,32,14,45,825595.0,Historique Loto de mai 1976 à octobre 2008
2005-04-27,3,38,36,5,23,25,892945.0,Historique Loto de mai 1976 à octobre 2008
2005-04-30,36,32,9,22,39,33,1921071.0,Historique Loto de mai 1976 à octobre 2008
2005-04-30,2,41,6,36,12,27,0.0,Historique Loto de mai 1976 à octobre 2008
2005-05-04,45,9,46,27,36,10,0.0,Historique Loto de mai 1976 à octobre 2008
2005-05-04,10,18,29,37,24,31,554762.0,Historique Loto de mai 1976 à octobre 2008
2005-05-07,14,16,33,24,40,11,454421.0,Historique Loto de mai 1976 à octobre 2008
2005-05-07,32,7,3,16,29,39,975800.0,Historique Loto de mai 1976 à octobre 2008
2005-05-11,17,27,35,36,7,39,823621.0,Historique Loto de mai 1976 à octobre 2008
2005-05-11,16,38,41,11,7,39,1775104.0,Historique Loto de mai 1976 à octobre 2008
2005-05-14,8,1,37,36,2,33,894809.0,Historique Loto de mai 1976 à octobre 2008
2005-05-14,11,13,41,7,25,44,968539.0,Historique Loto de mai 1976 à octobre 2008
2005-05-18,27,4,8,18,29,3,407310.0,Historique Loto de mai 1976 à octobre 2008
2005-05-18,44,47,3,41,13,7,874084.0,Historique Loto de mai 1976 à octobre 2008
2005-05-21,11,37,16,34,13,9,179117.0,Historique Loto de mai 1976 à octobre 2008
2005-05-21,5,41,12,29,2,23,0.0,Historique Loto de mai 1976 à octobre 2008
2005-05-25,8,6,14,12,22,37,800000.0,Historique Loto de mai 1976 à octobre 2008
2005-05-25,15,5,22,3,8,17,115966.0,Historique Loto de mai 1976 à octobre 2008
2005-05-28,19,17,10,16,46,15,870517.0,Historique Loto de mai 1976 à octobre 2008
2005-05-28,11,39,1,14,36,48,629076.0,Historique Loto de mai 1976 à octobre 2008
2005-06-01,15,34,30,39,8,11,0.0,Historique Loto de mai 1976 à octobre 2008
2005-06-01,16,23,48,38,41,8,0.0,Historique Loto de mai 1976 à octobre 2008
2005-06-04,10,19,23,14,48,30,294146.0,Historique Loto de mai 1976 à octobre 2008
2005-06-04,3,32,4,17,37,6,0.0,Historique Loto de mai 1976 à octobre 2008
2005-06-08,41,26,6,5,13,48,199506.0,Historique Loto de mai 1976 à octobre 2008
2005-06-08,10,22,35,41,39,24,11000000.0,Historique Loto de mai 1976 à octobre 2008
2005-06-11,30,33,35,34,43,8,891665.0,Historique Loto de mai 1976 à octobre 2008
2005-06-11,48,27,10,17,41,7,644556.0,Historique Loto de mai 1976 à octobre 2008
2005-06-15,2,22,37,36,9,29,0.0,Historique Loto de mai 1976 à octobre 2008
2005-06-15,42,45,17,33,23,3,888936.0,Historique Loto de mai 1976 à octobre 2008
2005-06-18,41,11,38,19,1,37,936604.0,Historique Loto de mai 1976 à octobre 2008
2005-06-18,30,49,34,10,42,18,865569.0,Historique Loto de mai 1976 à octobre 2008
2005-06-22,28,46,48,14,9,41,4000000.0,Historique Loto de mai 1976 à octobre 2008
2005-06-22,43,11,40,17,29,30,459087.0,Historique Loto de mai 1976 à octobre 2008
2005-06-25,15,21,29,16,3,44,0.0,Historique Loto de mai 1976 à octobre 2008
2005-06-25,20,8,29,12,7,15,457788.0,Historique Loto de mai 1976 à octobre 2008
2005-06-29,24,37,43,9,14,45,515827.0,Historique Loto de mai 1976 à octobre 2008
2005-06-29,24,39,31,14,16,29,0.0,Historique Loto de mai 1976 à octobre 2008
2005-07-02,12,20,17,33,23,16,439661.0,Historique Loto de mai 1976 à octobre 2008
2005-07-02,41,34,46,17,22,12,943932.0,Historique Loto de mai 1976 à octobre 2008
2005-07-06,13,46,17,29,49,18,277830.0,Historique Loto de mai 1976 à octobre 2008
2005-07-06,47,44,40,1,25,26,0.0,Historique Loto de mai 1976 à octobre 2008
2005-07-09,37,30,5,2,24,18,876455.0,Historique Loto de mai 1976 à octobre 2008
2005-07-09,34,9,5,4,18,32,1889894.0,Historique Loto de mai 1976 à octobre 2008
2005-07-13,22,29,30,49,20,41,7000000.0,Historique Loto de mai 1976 à octobre 2008
2005-07-13,40,44,49,7,32,39,437330.0,Historique Loto de mai 1976 à octobre 2008
2005-07-16,7,12,31,26,1,15,854189.0,Historique Loto de mai 1976 à octobre 2008
2005-07-16,39,27,43,29,35,12,463042.0,Historique Loto de mai 1976 à octobre 2008
2005-07-20,38,2,13,39,40,22,810696.0,Historique Loto de mai 1976 à octobre 2008
2005-07-20,14,10,48,38,7,46,1747022.0,Historique Loto de mai 1976 à octobre 2008
2005-07-23,13,27,5,32,29,8,852214.0,Historique Loto de mai 1976 à octobre 2008
2005-07-23,8,45,44,21,25,16,0.0,Historique Loto de mai 1976 à octobre 2008
2005-07-27,4,28,26,23,16,14,914452.0,Historique Loto de mai 1976 à octobre 2008
2005-07-27,29,45,5,28,6,40,0.0,Historique Loto de mai 1976 à octobre 2008
2005-07-30,9,18,11,19,47,32,144837.0,Historique Loto de mai 1976 à octobre 2008
2005-07-30,33,24,32,31,7,25,926932.0,Historique Loto de mai 1976 à octobre 2008
2005-08-03,6,42,2,20,29,5,137914.0,Historique Loto de mai 1976 à octobre 2008
2005-08-03,9,20,49,4,32,28,1500000.0,Historique Loto de mai 1976 à octobre 2008
2005-08-06,4,13,12,49,42,5,438068.0,Historique Loto de mai 1976 à octobre 2008
2005-08-06,19,1,47,32,24,2,0.0,Historique Loto de mai 1976 à octobre 2008
2005-08-10,29,17,3,20,16,6,920828.0,Historique Loto de mai 1976 à octobre 2008
2005-08-10,18,44,5,25,28,26,1333334.0,Historique Loto de mai 1976 à octobre 2008
2005-08-13,16,19,12,8,21,3,308442.0,Historique Loto de mai 1976 à octobre 2008
2005-08-13,28,4,1,13,30,45,429792.0,Historique Loto de mai 1976 à octobre 2008
2005-08-17,24,42,28,35,9,34,1678565.0,Historique Loto de mai 1976 à octobre 2008
2005-08-17,28,39,35,12,13,4,0.0,Historique Loto de mai 1976 à octobre 2008
2005-08-20,24,4,22,16,2,25,476832.0,Historique Loto de mai 1976 à octobre 2008
2005-08-20,7,20,35,47,5,1,2000000.0,Historique Loto de mai 1976 à octobre 2008
2005-08-24,23,29,43,11,49,15,0.0,Historique Loto de mai 1976 à octobre 2008
2005-08-24,31,10,41,35,38,45,1732671.0,Historique Loto de mai 1976 à octobre 2008
2005-08-27,30,33,15,29,44,18,866550.0,Historique Loto de mai 1976 à octobre 2008
2005-08-27,14,7,28,8,19,16,1868375.0,Historique Loto de mai 1976 à octobre 2008
2005-08-31,47,15,40,43,33,23,1084049.0,Historique Loto de mai 1976 à octobre 2008
2005-08-31,11,29,18,48,10,25,2000000.0,Historique Loto de mai 1976 à octobre 2008
2005-09-03,1,22,24,25,12,47,225466.0,Historique Loto de mai 1976 à octobre 2008
2005-09-03,19,9,29,36,43,45,0.0,Historique Loto de mai 1976 à octobre 2008
2005-09-07,12,20,37,29,33,4,0.0,Historique Loto de mai 1976 à octobre 2008
2005-09-07,8,12,46,18,44,7,423776.0,Historique Loto de mai 1976 à octobre 2008
2005-09-10,11,3,26,35,42,5,450905.0,Historique Loto de mai 1976 à octobre 2008
2005-09-10,4,2,8,11,5,28,0.0,Historique Loto de mai 1976 à octobre 2008
2005-09-14,17,49,5,1,31,4,830690.0,Historique Loto de mai 1976 à octobre 2008
2005-09-14,39,46,16,5,1,40,1790463.0,Historique Loto de mai 1976 à octobre 2008
2005-09-17,29,20,6,21,11,40,0.0,Historique Loto de mai 1976 à octobre 2008
2005-09-17,16,20,10,45,26,22,6000000.0,Historique Loto de mai 1976 à octobre 2008
2005-09-21,1,23,13,16,5,26,214278.0,Historique Loto de mai 1976 à octobre 2008
2005-09-21,9,26,14,31,46,10,915926.0,Historique Loto de mai 1976 à octobre 2008
2005-09-24,21,41,4,10,42,49,0.0,Historique Loto de mai 1976 à octobre 2008
2005-09-24,15,17,24,4,25,39,0.0,Historique Loto de mai 1976 à octobre 2008
2005-09-28,3,27,5,8,10,19,212894.0,Historique Loto de mai 1976 à octobre 2008
2005-09-28,33,42,36,18,16,22,455926.0,Historique Loto de mai 1976 à octobre 2008
2005-10-01,20,24,47,22,25,23,1994216.0,Historique Loto de mai 1976 à octobre 2008
2005-10-01,2,37,39,23,40,35,311989.0,Historique Loto de mai 1976 à octobre 2008
2005-10-05,20,3,29,18,5,2,2000000.0,Historique Loto de mai 1976 à octobre 2008
2005-10-05,39,1,25,19,6,8,551866.0,Historique Loto de mai 1976 à octobre 2008
2005-10-08,37,21,29,40,11,22,0.0,Historique Loto de mai 1976 à octobre 2008
2005-10-08,48,30,34,13,45,18,342321.0,Historique Loto de mai 1976 à octobre 2008
2005-10-12,1,6,27,26,34,20,865526.0,Historique Loto de mai 1976 à octobre 2008
2005-10-12,20,18,8,27,16,3,0.0,Historique Loto de mai 1976 à octobre 2008
2005-10-15,25,20,23,21,39,43,1048276.0,Historique Loto de mai 1976 à octobre 2008
2005-10-15,16,45,2,31,38,48,0.0,Historique Loto de mai 1976 à octobre 2008
2005-10-19,34,22,25,45,18,26,847259.0,Historique Loto de mai 1976 à octobre 2008
2005-10-19,37,38,24,20,32,7,1826461.0,Historique Loto de mai 1976 à octobre 2008
2005-10-22,44,15,27,7,28,30,0.0,Historique Loto de mai 1976 à octobre 2008
2005-10-22,4,34,20,38,11,41,0.0,Historique Loto de mai 1976 à octobre 2008
2005-10-26,37,38,29,33,9,40,880312.0,Historique Loto de mai 1976 à octobre 2008
2005-10-26,32,49,21,14,1,24,814028.0,Historique Loto de mai 1976 à octobre 2008
2005-10-29,33,9,43,8,4,28,449823.0,Historique Loto de mai 1976 à octobre 2008
2005-10-29,31,13,23,24,8,37,484003.0,Historique Loto de mai 1976 à octobre 2008
2005-11-02,43,20,40,16,26,45,779921.0,Historique Loto de mai 1976 à octobre 2008
2005-11-02,43,38,17,19,14,31,562758.0,Historique Loto de mai 1976 à octobre 2008
2005-11-05,4,42,25,17,26,28,400408.0,Historique Loto de mai 1976 à octobre 2008
2005-11-05,20,43,21,7,13,40,1833334.0,Historique Loto de mai 1976 à octobre 2008
2005-11-09,2,5,42,49,3,41,213946.0,Historique Loto de mai 1976 à octobre 2008
2005-11-09,45,49,43,4,39,47,1822293.0,Historique Loto de mai 1976 à octobre 2008
2005-11-12,1,13,45,29,20,18,457221.0,Historique Loto de mai 1976 à octobre 2008
2005-11-12,47,3,14,21,6,17,0.0,Historique Loto de mai 1976 à octobre 2008
2005-11-16,13,31,23,42,26,37,279393.0,Historique Loto de mai 1976 à octobre 2008
2005-11-16,4,1,16,36,19,44,598625.0,Historique Loto de mai 1976 à octobre 2008
2005-11-19,25,11,12,44,13,33,0.0,Historique Loto de mai 1976 à octobre 2008
2005-11-19,34,9,4,6,24,19,486447.0,Historique Loto de mai 1976 à octobre 2008
2005-11-23,19,34,16,37,41,38,1333334.0,Historique Loto de mai 1976 à octobre 2008
2005-11-23,47,20,8,28,21,4,530254.0,Historique Loto de mai 1976 à octobre 2008
2005-11-26,8,3,49,48,29,38,0.0,Historique Loto de mai 1976 à octobre 2008
2005-11-26,48,5,39,21,35,19,0.0,Historique Loto de mai 1976 à octobre 2008
2005-11-30,38,32,34,23,25,37,822558.0,Historique Loto de mai 1976 à octobre 2008
2005-11-30,41,11,49,48,10,16,445677.0,Historique Loto de mai 1976 à octobre 2008
2005-12-03,19,40,8,26,25,36,454604.0,Historique Loto de mai 1976 à octobre 2008
2005-12-03,32,46,30,43,44,16,651990.0,Historique Loto de mai 1976 à octobre 2008
2005-12-07,27,9,20,7,5,3,279955.0,Historique Loto de mai 1976 à octobre 2008
2005-12-07,11,37,28,16,46,29,898374.0,Historique Loto de mai 1976 à octobre 2008
2005-12-10,7,34,26,17,2,48,385333.0,Historique Loto de mai 1976 à octobre 2008
2005-12-10,3,7,2,28,37,6,6000000.0,Historique Loto de mai 1976 à octobre 2008
2005-12-14,7,36,12,10,8,2,211849.0,Historique Loto de mai 1976 à octobre 2008
2005-12-14,10,14,23,22,42,17,0.0,Historique Loto de mai 1976 à octobre 2008
2005-12-17,13,29,23,2,8,3,1976710.0,Historique Loto de mai 1976 à octobre 2008
2005-12-17,8,31,25,34,39,23,309240.0,Historique Loto de mai 1976 à octobre 2008
2005-12-21,40,7,6,32,10,11,0.0,Historique Loto de mai 1976 à octobre 2008
2005-12-21,22,29,34,28,48,35,1809984.0,Historique Loto de mai 1976 à octobre 2008
2005-12-24,33,5,48,27,12,25,740575.0,Historique Loto de mai 1976 à octobre 2008
2005-12-24,14,40,25,13,49,4,7000000.0,Historique Loto de mai 1976 à octobre 2008
2005-12-28,17,40,5,31,43,32,0.0,Historique Loto de mai 1976 à octobre 2008
2005-12-28,13,22,3,21,11,29,1855986.0,Historique Loto de mai 1976 à octobre 2008
2005-12-31,31,49,48,26,36,14,1668792.0,Historique Loto de mai 1976 à octobre 2008
2005-12-31,42,37,33,24,36,1,1400135.0,Historique Loto de mai 1976 à octobre 2008
2006-01-04,15,42,27,44,35,34,0.0,Historique Loto de mai 1976 à octobre 2008
2006-01-04,49,5,36,16,14,38,1893824.0,Historique Loto de mai 1976 à octobre 2008
2006-01-07,22,47,44,33,46,43,507521.0,Historique Loto de mai 1976 à octobre 2008
2006-01-07,33,27,8,30,7,48,1090450.0,Historique Loto de mai 1976 à octobre 2008
2006-01-11,7,2,26,24,32,23,1824937.0,Historique Loto de mai 1976 à octobre 2008
2006-01-11,27,31,28,38,16,48,0.0,Historique Loto de mai 1976 à octobre 2008
2006-01-14,40,24,39,12,36,41,715653.0,Historique Loto de mai 1976 à octobre 2008
2006-01-14,42,47,36,45,34,33,498597.0,Historique Loto de mai 1976 à octobre 2008
2006-01-18,28,38,19,36,1,34,0.0,Historique Loto de mai 1976 à octobre 2008
2006-01-18,45,37,32,9,40,35,4000000.0,Historique Loto de mai 1976 à octobre 2008
2006-01-21,42,15,20,48,46,19,0.0,Historique Loto de mai 1976 à octobre 2008
2006-01-21,38,47,44,48,3,29,2121956.0,Historique Loto de mai 1976 à octobre 2008
2006-01-25,33,42,49,45,3,24,850426.0,Historique Loto de mai 1976 à octobre 2008
2006-01-25,36,24,16,10,23,11,0.0,Historique Loto de mai 1976 à octobre 2008
2006-01-28,9,3,11,35,13,39,936765.0,Historique Loto de mai 1976 à octobre 2008
2006-01-28,4,33,40,5,10,18,0.0,Historique Loto de mai 1976 à octobre 2008
2006-02-01,30,45,28,49,6,22,0.0,Historique Loto de mai 1976 à octobre 2008
2006-02-01,11,29,44,14,21,31,4000000.0,Historique Loto de mai 1976 à octobre 2008
2006-02-04,47,44,30,23,2,31,2082224.0,Historique Loto de mai 1976 à octobre 2008
2006-02-04,39,22,43,2,26,38,0.0,Historique Loto de mai 1976 à octobre 2008
2006-02-08,41,49,16,43,35,36,882679.0,Historique Loto de mai 1976 à octobre 2008
2006-02-08,2,36,16,17,24,7,1903418.0,Historique Loto de mai 1976 à octobre 2008
2006-02-11,47,48,11,37,33,23,969964.0,Historique Loto de mai 1976 à octobre 2008
2006-02-11,35,27,43,3,30,46,1050622.0,Historique Loto de mai 1976 à octobre 2008
2006-02-15,42,35,20,28,4,24,645242.0,Historique Loto de mai 1976 à octobre 2008
2006-02-15,1,44,18,30,39,4,2333407.0,Historique Loto de mai 1976 à octobre 2008
2006-02-18,47,36,4,39,24,1,961437.0,Historique Loto de mai 1976 à octobre 2008
2006-02-18,39,5,15,3,34,37,2074532.0,Historique Loto de mai 1976 à octobre 2008
2006-02-22,14,30,5,45,22,3,432002.0,Historique Loto de mai 1976 à octobre 2008
2006-02-22,34,36,46,39,10,11,0.0,Historique Loto de mai 1976 à octobre 2008
2006-02-25,43,6,1,14,15,5,1113615.0,Historique Loto de mai 1976 à octobre 2008
2006-02-25,22,41,25,33,38,34,444445.0,Historique Loto de mai 1976 à octobre 2008
2006-03-01,32,34,49,46,19,39,427907.0,Historique Loto de mai 1976 à octobre 2008
2006-03-01,45,32,34,26,31,4,1830339.0,Historique Loto de mai 1976 à octobre 2008
2006-03-04,15,13,28,5,14,6,0.0,Historique Loto de mai 1976 à octobre 2008
2006-03-04,4,18,1,14,23,7,512161.0,Historique Loto de mai 1976 à octobre 2008
2006-03-08,15,49,1,8,23,30,247382.0,Historique Loto de mai 1976 à octobre 2008
2006-03-08,3,31,15,9,34,30,2000000.0,Historique Loto de mai 1976 à octobre 2008
2006-03-11,4,21,44,6,43,19,940051.0,Historique Loto de mai 1976 à octobre 2008
2006-03-11,13,6,43,18,27,11,1017952.0,Historique Loto de mai 1976 à octobre 2008
2006-03-15,21,40,48,15,18,25,1804379.0,Historique Loto de mai 1976 à octobre 2008
2006-03-15,41,25,34,30,45,19,837095.0,Historique Loto de mai 1976 à octobre 2008
2006-03-18,25,19,32,30,21,39,0.0,Historique Loto de mai 1976 à octobre 2008
2006-03-18,8,19,27,47,31,5,2000000.0,Historique Loto de mai 1976 à octobre 2008
2006-03-22,28,49,14,36,12,21,413805.0,Historique Loto de mai 1976 à octobre 2008
2006-03-22,18,4,47,35,9,31,1769767.0,Historique Loto de mai 1976 à octobre 2008
2006-03-25,29,45,10,15,16,18,885082.0,Historique Loto de mai 1976 à octobre 2008
2006-03-25,26,17,32,33,44,27,0.0,Historique Loto de mai 1976 à octobre 2008
2006-03-29,5,20,33,9,13,6,243451.0,Historique Loto de mai 1976 à octobre 2008
2006-03-29,43,45,12,29,46,8,1557694.0,Historique Loto de mai 1976 à octobre 2008
2006-04-01,49,12,6,46,5,32,365013.0,Historique Loto de mai 1976 à octobre 2008
2006-04-01,28,21,24,40,30,7,1000000.0,Historique Loto de mai 1976 à octobre 2008
2006-04-05,8,15,48,40,30,2,1726097.0,Historique Loto de mai 1976 à octobre 2008
2006-04-05,10,46,30,29,44,12,269891.0,Historique Loto de mai 1976 à octobre 2008
2006-04-08,42,41,39,13,21,46,0.0,Historique Loto de mai 1976 à octobre 2008
2006-04-08,3,41,29,13,44,36,0.0,Historique Loto de mai 1976 à octobre 2008
2006-04-12,45,11,18,47,26,46,0.0,Historique Loto de mai 1976 à octobre 2008
2006-04-12,20,31,6,4,39,29,0.0,Historique Loto de mai 1976 à octobre 2008
2006-04-15,24,9,34,26,40,16,0.0,Historique Loto de mai 1976 à octobre 2008
2006-04-15,48,27,13,18,31,46,1333334.0,Historique Loto de mai 1976 à octobre 2008
2006-04-19,48,20,36,11,37,9,771942.0,Historique Loto de mai 1976 à octobre 2008
2006-04-19,11,20,28,9,35,42,0.0,Historique Loto de mai 1976 à octobre 2008
2006-04-22,32,30,39,10,11,8,865423.0,Historique Loto de mai 1976 à octobre 2008
2006-04-22,23,5,17,30,28,46,936445.0,Historique Loto de mai 1976 à octobre 2008
2006-04-26,16,2,48,27,36,45,880836.0,Historique Loto de mai 1976 à octobre 2008
2006-04-26,30,29,23,45,11,49,4000000.0,Historique Loto de mai 1976 à octobre 2008
2006-04-29,42,35,43,21,18,33,1892695.0,Historique Loto de mai 1976 à octobre 2008
2006-04-29,36,22,41,9,35,2,877744.0,Historique Loto de mai 1976 à octobre 2008
2006-05-03,3,4,13,15,11,8,271163.0,Historique Loto de mai 1976 à octobre 2008
2006-05-03,30,8,37,9,24,29,0.0,Historique Loto de mai 1976 à octobre 2008
2006-05-06,34,18,48,38,46,26,1056881.0,Historique Loto de mai 1976 à octobre 2008
2006-05-06,17,1,46,5,25,28,666667.0,Historique Loto de mai 1976 à octobre 2008
2006-05-10,38,22,4,47,30,42,789177.0,Historique Loto de mai 1976 à octobre 2008
2006-05-10,4,37,38,48,41,29,0.0,Historique Loto de mai 1976 à octobre 2008
2006-05-13,41,14,10,47,16,18,0.0,Historique Loto de mai 1976 à octobre 2008
2006-05-13,17,47,34,35,16,26,1932913.0,Historique Loto de mai 1976 à octobre 2008
2006-05-17,44,13,30,24,11,35,224176.0,Historique Loto de mai 1976 à octobre 2008
2006-05-17,31,21,37,29,15,49,6000000.0,Historique Loto de mai 1976 à octobre 2008
2006-05-20,30,40,32,46,44,47,488134.0,Historique Loto de mai 1976 à octobre 2008
2006-05-20,32,8,7,26,19,29,234037.0,Historique Loto de mai 1976 à octobre 2008
2006-05-24,26,1,15,47,23,33,590602.0,Historique Loto de mai 1976 à octobre 2008
2006-05-24,7,4,12,25,20,31,412183.0,Historique Loto de mai 1976 à octobre 2008
2006-05-27,5,31,28,16,35,20,863052.0,Historique Loto de mai 1976 à octobre 2008
2006-05-27,1,25,14,38,24,6,1860773.0,Historique Loto de mai 1976 à octobre 2008
2006-05-31,16,25,1,3,7,8,161790.0,Historique Loto de mai 1976 à octobre 2008
2006-05-31,23,31,11,44,5,14,863671.0,Historique Loto de mai 1976 à octobre 2008
2006-06-03,39,10,36,41,16,47,0.0,Historique Loto de mai 1976 à octobre 2008
2006-06-03,48,1,47,36,2,32,0.0,Historique Loto de mai 1976 à octobre 2008
2006-06-07,34,9,14,30,25,21,199062.0,Historique Loto de mai 1976 à octobre 2008
2006-06-07,8,10,4,26,9,24,426244.0,Historique Loto de mai 1976 à octobre 2008
2006-06-10,10,29,25,35,1,45,434399.0,Historique Loto de mai 1976 à octobre 2008
2006-06-10,28,24,35,19,44,11,1858221.0,Historique Loto de mai 1976 à octobre 2008
2006-06-14,42,20,30,28,41,49,771698.0,Historique Loto de mai 1976 à octobre 2008
2006-06-14,45,17,9,36,10,24,0.0,Historique Loto de mai 1976 à octobre 2008
2006-06-17,38,41,13,9,10,14,1070704.0,Historique Loto de mai 1976 à octobre 2008
2006-06-17,46,18,12,40,21,32,0.0,Historique Loto de mai 1976 à octobre 2008
2006-06-21,16,11,23,3,8,24,207840.0,Historique Loto de mai 1976 à octobre 2008
2006-06-21,17,10,44,5,42,36,386134.0,Historique Loto de mai 1976 à octobre 2008
2006-06-24,13,8,32,3,36,38,0.0,Historique Loto de mai 1976 à octobre 2008
2006-06-24,34,10,3,15,5,30,0.0,Historique Loto de mai 1976 à octobre 2008
2006-06-28,43,22,5,2,19,7,0.0,Historique Loto de mai 1976 à octobre 2008
2006-06-28,8,43,20,19,1,38,1622721.0,Historique Loto de mai 1976 à octobre 2008
2006-07-01,3,17,47,4,44,7,504571.0,Historique Loto de mai 1976 à octobre 2008
2006-07-01,38,44,2,29,7,23,4000000.0,Historique Loto de mai 1976 à octobre 2008
2006-07-05,25,19,33,2,17,39,768524.0,Historique Loto de mai 1976 à octobre 2008
2006-07-05,37,39,28,5,46,32,830614.0,Historique Loto de mai 1976 à octobre 2008
2006-07-08,18,39,4,15,1,33,289704.0,Historique Loto de mai 1976 à octobre 2008
2006-07-08,35,44,38,43,6,41,1852286.0,Historique Loto de mai 1976 à octobre 2008
2006-07-12,1,31,22,7,21,3,525803.0,Historique Loto de mai 1976 à octobre 2008
2006-07-12,15,10,26,41,34,13,3500000.0,Historique Loto de mai 1976 à octobre 2008
2006-07-15,16,49,22,27,19,17,876147.0,Historique Loto de mai 1976 à octobre 2008
2006-07-15,35,37,16,33,14,22,810214.0,Historique Loto de mai 1976 à octobre 2008
2006-07-19,32,23,12,16,36,33,0.0,Historique Loto de mai 1976 à octobre 2008
2006-07-19,31,14,35,24,44,21,0.0,Historique Loto de mai 1976 à octobre 2008
2006-07-22,40,21,28,41,27,33,404744.0,Historique Loto de mai 1976 à octobre 2008
2006-07-22,44,43,13,18,45,35,0.0,Historique Loto de mai 1976 à octobre 2008
2006-07-26,3,20,45,8,27,32,0.0,Historique Loto de mai 1976 à octobre 2008
2006-07-26,15,33,34,30,42,48,2000000.0,Historique Loto de mai 1976 à octobre 2008
2006-07-29,15,34,35,4,44,21,809400.0,Historique Loto de mai 1976 à octobre 2008
2006-07-29,39,1,26,27,21,38,0.0,Historique Loto de mai 1976 à octobre 2008
2006-08-02,49,9,41,24,36,19,748366.0,Historique Loto de mai 1976 à octobre 2008
2006-08-02,43,46,30,36,13,39,0.0,Historique Loto de mai 1976 à octobre 2008
2006-08-05,2,30,37,22,14,42,348818.0,Historique Loto de mai 1976 à octobre 2008
2006-08-05,36,46,32,41,43,4,1500000.0,Historique Loto de mai 1976 à octobre 2008
2006-08-09,31,12,7,24,43,44,812493.0,Historique Loto de mai 1976 à octobre 2008
2006-08-09,19,49,27,3,39,20,751933.0,Historique Loto de mai 1976 à octobre 2008
2006-08-12,4,20,27,16,9,6,591162.0,Historique Loto de mai 1976 à octobre 2008
2006-08-12,43,4,14,26,16,20,0.0,Historique Loto de mai 1976 à octobre 2008
2006-08-16,30,3,15,33,13,11,710986.0,Historique Loto de mai 1976 à octobre 2008
2006-08-16,46,26,8,23,38,34,1530386.0,Historique Loto de mai 1976 à octobre 2008
2006-08-19,15,22,32,49,41,21,403339.0,Historique Loto de mai 1976 à octobre 2008
2006-08-19,13,22,42,11,40,4,577804.0,Historique Loto de mai 1976 à octobre 2008
2006-08-23,21,46,10,38,36,2,829316.0,Historique Loto de mai 1976 à octobre 2008
2006-08-23,28,25,33,11,12,45,4000000.0,Historique Loto de mai 1976 à octobre 2008
2006-08-26,11,30,45,36,25,10,817443.0,Historique Loto de mai 1976 à octobre 2008
2006-08-26,34,41,9,44,48,30,1761681.0,Historique Loto de mai 1976 à octobre 2008
2006-08-30,27,43,35,13,11,48,441910.0,Historique Loto de mai 1976 à octobre 2008
2006-08-30,3,24,6,36,2,22,2000000.0,Historique Loto de mai 1976 à octobre 2008
2006-09-02,2,27,49,25,3,24,621604.0,Historique Loto de mai 1976 à octobre 2008
2006-09-02,11,4,21,49,34,24,860310.0,Historique Loto de mai 1976 à octobre 2008
2006-09-06,23,10,22,28,5,19,0.0,Historique Loto de mai 1976 à octobre 2008
2006-09-06,45,47,15,12,22,20,1683216.0,Historique Loto de mai 1976 à octobre 2008
2006-09-09,26,15,39,12,48,31,598400.0,Historique Loto de mai 1976 à octobre 2008
2006-09-09,49,20,13,46,4,29,2333334.0,Historique Loto de mai 1976 à octobre 2008
2006-09-13,5,44,8,31,22,7,796959.0,Historique Loto de mai 1976 à octobre 2008
2006-09-13,11,49,15,4,41,17,1717177.0,Historique Loto de mai 1976 à octobre 2008
2006-09-16,18,12,31,26,37,44,1061106.0,Historique Loto de mai 1976 à octobre 2008
2006-09-16,40,32,17,15,34,20,0.0,Historique Loto de mai 1976 à octobre 2008
2006-09-20,30,29,11,21,44,47,196325.0,Historique Loto de mai 1976 à octobre 2008
2006-09-20,30,4,8,15,49,34,560227.0,Historique Loto de mai 1976 à octobre 2008
2006-09-23,22,48,44,25,47,23,865026.0,Historique Loto de mai 1976 à octobre 2008
2006-09-23,31,23,29,40,15,5,0.0,Historique Loto de mai 1976 à octobre 2008
2006-09-27,26,33,9,8,23,3,866508.0,Historique Loto de mai 1976 à octobre 2008
2006-09-27,46,4,36,25,31,22,2002629.0,Historique Loto de mai 1976 à octobre 2008
2006-09-30,2,35,8,49,44,13,869573.0,Historique Loto de mai 1976 à octobre 2008
2006-09-30,17,30,24,5,35,14,1874942.0,Historique Loto de mai 1976 à octobre 2008
2006-10-04,33,34,48,8,14,11,0.0,Historique Loto de mai 1976 à octobre 2008
2006-10-04,11,47,3,28,14,21,773378.0,Historique Loto de mai 1976 à octobre 2008
2006-10-07,2,48,26,7,4,38,269351.0,Historique Loto de mai 1976 à octobre 2008
2006-10-07,2,5,38,32,21,48,868254.0,Historique Loto de mai 1976 à octobre 2008
2006-10-11,7,45,37,20,16,44,0.0,Historique Loto de mai 1976 à octobre 2008
2006-10-11,31,6,7,45,15,23,0.0,Historique Loto de mai 1976 à octobre 2008
2006-10-14,26,3,35,14,46,22,0.0,Historique Loto de mai 1976 à octobre 2008
2006-10-14,33,8,18,3,30,17,637103.0,Historique Loto de mai 1976 à octobre 2008
2006-10-18,37,10,21,17,22,1,0.0,Historique Loto de mai 1976 à octobre 2008
2006-10-18,44,8,32,41,43,35,0.0,Historique Loto de mai 1976 à octobre 2008
2006-10-21,9,16,26,3,40,12,858927.0,Historique Loto de mai 1976 à octobre 2008
2006-10-21,2,18,40,14,27,49,0.0,Historique Loto de mai 1976 à octobre 2008
2006-10-25,12,38,18,27,43,5,0.0,Historique Loto de mai 1976 à octobre 2008
2006-10-25,45,39,18,38,16,35,0.0,Historique Loto de mai 1976 à octobre 2008
2006-10-28,33,25,30,40,10,15,920119.0,Historique Loto de mai 1976 à octobre 2008
2006-10-28,13,25,10,18,20,44,850475.0,Historique Loto de mai 1976 à octobre 2008
2006-11-01,6,36,16,21,33,43,240929.0,Historique Loto de mai 1976 à octobre 2008
2006-11-01,42,47,3,30,15,5,0.0,Historique Loto de mai 1976 à octobre 2008
2006-11-04,7,14,25,43,39,34,375462.0,Historique Loto de mai 1976 à octobre 2008
2006-11-04,27,4,48,46,23,7,4000000.0,Historique Loto de mai 1976 à octobre 2008
2006-11-08,1,48,28,12,11,10,0.0,Historique Loto de mai 1976 à octobre 2008
2006-11-08,38,43,2,36,25,7,0.0,Historique Loto de mai 1976 à octobre 2008
2006-11-11,24,9,11,26,2,16,205956.0,Historique Loto de mai 1976 à octobre 2008
2006-11-11,17,47,10,25,13,34,0.0,Historique Loto de mai 1976 à octobre 2008
2006-11-15,37,25,16,17,45,32,443828.0,Historique Loto de mai 1976 à octobre 2008
2006-11-15,19,44,22,48,8,30,1333334.0,Historique Loto de mai 1976 à octobre 2008
2006-11-18,43,22,17,32,1,34,438095.0,Historique Loto de mai 1976 à octobre 2008
2006-11-18,26,27,2,38,16,13,1874096.0,Historique Loto de mai 1976 à octobre 2008
2006-11-22,25,28,24,27,45,13,0.0,Historique Loto de mai 1976 à octobre 2008
2006-11-22,33,8,45,34,41,14,0.0,Historique Loto de mai 1976 à octobre 2008
2006-11-25,17,14,43,5,31,44,4004902.0,Historique Loto de mai 1976 à octobre 2008
2006-11-25,4,39,21,2,13,14,264889.0,Historique Loto de mai 1976 à octobre 2008
2006-11-29,21,46,23,44,10,36,0.0,Historique Loto de mai 1976 à octobre 2008
2006-11-29,5,7,10,36,49,21,557032.0,Historique Loto de mai 1976 à octobre 2008
2006-12-02,19,16,22,29,30,43,0.0,Historique Loto de mai 1976 à octobre 2008
2006-12-02,4,35,17,14,20,7,1889042.0,Historique Loto de mai 1976 à octobre 2008
2006-12-06,31,44,35,19,9,48,195628.0,Historique Loto de mai 1976 à octobre 2008
2006-12-06,15,41,8,40,36,44,0.0,Historique Loto de mai 1976 à octobre 2008
2006-12-09,40,30,15,47,5,46,1016993.0,Historique Loto de mai 1976 à octobre 2008
2006-12-09,39,20,30,12,33,32,4005237.0,Historique Loto de mai 1976 à octobre 2008
2006-12-13,42,49,32,4,37,29,0.0,Historique Loto de mai 1976 à octobre 2008
2006-12-13,39,29,31,6,10,3,1702811.0,Historique Loto de mai 1976 à octobre 2008
2006-12-16,10,17,32,48,37,38,0.0,Historique Loto de mai 1976 à octobre 2008
2006-12-16,48,20,10,13,43,24,449538.0,Historique Loto de mai 1976 à octobre 2008
2006-12-20,5,24,45,32,20,44,263877.0,Historique Loto de mai 1976 à octobre 2008
2006-12-20,29,49,9,44,25,20,846898.0,Historique Loto de mai 1976 à octobre 2008
2006-12-23,48,2,37,36,33,3,1253437.0,Historique Loto de mai 1976 à octobre 2008
2006-12-23,39,11,3,8,6,13,7000000.0,Historique Loto de mai 1976 à octobre 2008
2006-12-27,14,46,3,35,2,48,0.0,Historique Loto de mai 1976 à octobre 2008
2006-12-27,26,20,17,7,47,10,0.0,Historique Loto de mai 1976 à octobre 2008
2006-12-30,26,6,23,20,33,21,696269.0,Historique Loto de mai 1976 à octobre 2008
2006-12-30,23,1,36,32,28,30,7000000.0,Historique Loto de mai 1976 à octobre 2008
2007-01-03,46,20,29,41,49,11,0.0,Historique Loto de mai 1976 à octobre 2008
2007-01-03,39,33,49,1,45,31,838369.0,Historique Loto de mai 1976 à octobre 2008
2007-01-06,20,4,21,48,40,41,0.0,Historique Loto de mai 1976 à octobre 2008
2007-01-06,7,1,38,34,27,37,678948.0,Historique Loto de mai 1976 à octobre 2008
2007-01-10,38,49,37,36,32,44,825624.0,Historique Loto de mai 1976 à octobre 2008
2007-01-10,42,45,34,7,24,36,1779456.0,Historique Loto de mai 1976 à octobre 2008
2007-01-13,6,20,5,17,39,30,4000000.0,Historique Loto de mai 1976 à octobre 2008
2007-01-13,16,47,35,21,22,8,0.0,Historique Loto de mai 1976 à octobre 2008
2007-01-17,39,43,22,30,6,26,1797634.0,Historique Loto de mai 1976 à octobre 2008
2007-01-17,26,44,25,33,12,1,0.0,Historique Loto de mai 1976 à octobre 2008
2007-01-20,19,46,16,11,10,2,0.0,Historique Loto de mai 1976 à octobre 2008
2007-01-20,19,49,43,47,42,5,0.0,Historique Loto de mai 1976 à octobre 2008
2007-01-24,40,5,37,13,32,4,889087.0,Historique Loto de mai 1976 à octobre 2008
2007-01-24,21,42,49,26,13,28,2000000.0,Historique Loto de mai 1976 à octobre 2008
2007-01-27,47,29,11,44,42,43,454246.0,Historique Loto de mai 1976 à octobre 2008
2007-01-27,38,19,30,24,42,46,488804.0,Historique Loto de mai 1976 à octobre 2008
2007-01-31,27,20,12,5,43,1,0.0,Historique Loto de mai 1976 à octobre 2008
2007-01-31,31,47,10,42,26,21,1717647.0,Historique Loto de mai 1976 à octobre 2008
2007-02-03,31,33,44,34,46,10,0.0,Historique Loto de mai 1976 à octobre 2008
2007-02-03,10,11,44,40,45,20,0.0,Historique Loto de mai 1976 à octobre 2008
2007-02-07,34,40,37,5,30,16,0.0,Historique Loto de mai 1976 à octobre 2008
2007-02-07,27,32,24,13,44,6,812999.0,Historique Loto de mai 1976 à octobre 2008
2007-02-10,11,15,8,41,49,26,938549.0,Historique Loto de mai 1976 à octobre 2008
2007-02-10,46,2,29,10,20,13,678876.0,Historique Loto de mai 1976 à octobre 2008
2007-02-14,19,43,4,30,42,18,650222.0,Historique Loto de mai 1976 à octobre 2008
2007-02-14,38,1,15,26,28,16,7000000.0,Historique Loto de mai 1976 à octobre 2008
2007-02-17,2,22,29,21,3,17,0.0,Historique Loto de mai 1976 à octobre 2008
2007-02-17,10,46,35,9,40,12,2001627.0,Historique Loto de mai 1976 à octobre 2008
2007-02-21,17,4,26,46,23,49,799190.0,Historique Loto de mai 1976 à octobre 2008
2007-02-21,16,41,24,5,26,4,0.0,Historique Loto de mai 1976 à octobre 2008
2007-02-24,23,27,14,36,35,47,0.0,Historique Loto de mai 1976 à octobre 2008
2007-02-24,23,34,13,38,30,17,0.0,Historique Loto de mai 1976 à octobre 2008
2007-02-28,11,6,24,36,25,12,0.0,Historique Loto de mai 1976 à octobre 2008
2007-02-28,18,12,49,20,25,30,1333334.0,Historique Loto de mai 1976 à octobre 2008
2007-03-03,36,10,4,9,19,8,1948445.0,Historique Loto de mai 1976 à octobre 2008
2007-03-03,27,37,42,26,38,35,228802.0,Historique Loto de mai 1976 à octobre 2008
2007-03-07,14,8,35,33,38,45,1759590.0,Historique Loto de mai 1976 à octobre 2008
2007-03-07,36,35,14,49,38,18,0.0,Historique Loto de mai 1976 à octobre 2008
2007-03-10,10,42,24,28,15,12,287632.0,Historique Loto de mai 1976 à octobre 2008
2007-03-10,10,46,12,21,8,15,6000000.0,Historique Loto de mai 1976 à octobre 2008
2007-03-14,2,17,8,27,26,4,0.0,Historique Loto de mai 1976 à octobre 2008
2007-03-14,31,29,33,35,12,45,0.0,Historique Loto de mai 1976 à octobre 2008
2007-03-17,32,44,48,9,27,10,454695.0,Historique Loto de mai 1976 à octobre 2008
2007-03-17,6,48,41,10,34,31,0.0,Historique Loto de mai 1976 à octobre 2008
2007-03-21,23,46,15,34,20,19,0.0,Historique Loto de mai 1976 à octobre 2008
2007-03-21,9,39,38,48,12,1,4000000.0,Historique Loto de mai 1976 à octobre 2008
2007-03-24,15,3,10,30,17,5,299568.0,Historique Loto de mai 1976 à octobre 2008
2007-03-24,34,17,45,36,42,22,1915105.0,Historique Loto de mai 1976 à octobre 2008
2007-03-28,36,25,18,19,21,2,0.0,Historique Loto de mai 1976 à octobre 2008
2007-03-28,34,39,46,19,44,9,775844.0,Historique Loto de mai 1976 à octobre 2008
2007-03-31,17,46,36,3,21,22,298644.0,Historique Loto de mai 1976 à octobre 2008
2007-03-31,16,4,30,11,24,22,639935.0,Historique Loto de mai 1976 à octobre 2008
2007-04-04,26,7,41,44,5,30,523005.0,Historique Loto de mai 1976 à octobre 2008
2007-04-04,20,33,5,35,26,17,,Historique Loto de mai 1976 à octobre 2008
2007-04-07,46,39,17,13,9,45,0.0,Historique Loto de mai 1976 à octobre 2008
2007-04-07,42,20,28,10,24,36,1928971.0,Historique Loto de mai 1976 à octobre 2008
2007-04-11,37,28,20,7,47,19,759560.0,Historique Loto de mai 1976 à octobre 2008
2007-04-11,44,8,33,36,34,7,1635922.0,Historique Loto de mai 1976 à octobre 2008
2007-04-14,49,23,44,36,7,45,888915.0,Historique Loto de mai 1976 à octobre 2008
2007-04-14,36,2,26,7,17,4,321672.0,Historique Loto de mai 1976 à octobre 2008
2007-04-18,26,12,5,21,8,24,0.0,Historique Loto de mai 1976 à octobre 2008
2007-04-18,39,38,44,9,11,1,0.0,Historique Loto de mai 1976 à octobre 2008
2007-04-21,41,49,10,44,15,18,849533.0,Historique Loto de mai 1976 à octobre 2008
2007-04-21,10,25,48,3,33,32,919090.0,Historique Loto de mai 1976 à octobre 2008
2007-04-25,8,16,27,29,18,41,0.0,Historique Loto de mai 1976 à octobre 2008
2007-04-25,14,19,2,3,40,37,538961.0,Historique Loto de mai 1976 à octobre 2008
2007-04-28,42,25,37,28,46,12,504972.0,Historique Loto de mai 1976 à octobre 2008
2007-04-28,13,47,4,26,23,30,4000000.0,Historique Loto de mai 1976 à octobre 2008
2007-05-02,6,15,48,19,32,10,0.0,Historique Loto de mai 1976 à octobre 2008
2007-05-02,1,15,3,31,19,23,721938.0,Historique Loto de mai 1976 à octobre 2008
2007-05-05,21,4,20,1,48,39,1833153.0,Historique Loto de mai 1976 à octobre 2008
2007-05-05,27,2,40,3,36,4,0.0,Historique Loto de mai 1976 à octobre 2008
2007-05-09,3,16,21,22,35,7,0.0,Historique Loto de mai 1976 à octobre 2008
2007-05-09,8,27,36,12,49,9,0.0,Historique Loto de mai 1976 à octobre 2008
2007-05-12,35,12,39,31,26,34,522293.0,Historique Loto de mai 1976 à octobre 2008
2007-05-12,26,3,39,38,2,13,4000000.0,Historique Loto de mai 1976 à octobre 2008
2007-05-16,8,32,47,36,30,4,0.0,Historique Loto de mai 1976 à octobre 2008
2007-05-16,22,49,19,4,41,16,840498.0,Historique Loto de mai 1976 à octobre 2008
2007-05-19,9,2,48,43,41,5,0.0,Historique Loto de mai 1976 à octobre 2008
2007-05-19,10,46,34,21,35,27,1789547.0,Historique Loto de mai 1976 à octobre 2008
2007-05-23,47,3,15,40,7,18,838846.0,Historique Loto de mai 1976 à octobre 2008
2007-05-23,36,27,1,5,8,29,2000000.0,Historique Loto de mai 1976 à octobre 2008
2007-05-26,30,43,6,34,46,37,0.0,Historique Loto de mai 1976 à octobre 2008
2007-05-26,2,29,16,22,21,20,0.0,Historique Loto de mai 1976 à octobre 2008
2007-05-30,9,32,10,22,15,27,381441.0,Historique Loto de mai 1976 à octobre 2008
2007-05-30,25,39,49,23,11,13,0.0,Historique Loto de mai 1976 à octobre 2008
2007-06-02,17,15,27,48,28,2,1227058.0,Historique Loto de mai 1976 à octobre 2008
2007-06-02,14,27,49,24,47,33,7001637.0,Historique Loto de mai 1976 à octobre 2008
2007-06-06,35,41,16,22,47,28,0.0,Historique Loto de mai 1976 à octobre 2008
2007-06-06,31,9,33,29,46,47,0.0,Historique Loto de mai 1976 à octobre 2008
2007-06-09,28,4,26,22,35,5,869476.0,Historique Loto de mai 1976 à octobre 2008
2007-06-09,17,3,10,46,35,28,1874732.0,Historique Loto de mai 1976 à octobre 2008
2007-06-13,8,3,13,40,22,38,983927.0,Historique Loto de mai 1976 à octobre 2008
2007-06-13,15,40,3,41,34,39,4000000.0,Historique Loto de mai 1976 à octobre 2008
2007-06-16,32,40,26,12,3,31,0.0,Historique Loto de mai 1976 à octobre 2008
2007-06-16,20,40,38,31,37,47,1890016.0,Historique Loto de mai 1976 à octobre 2008
2007-06-20,12,33,45,14,15,43,1643839.0,Historique Loto de mai 1976 à octobre 2008
2007-06-20,14,10,2,42,5,41,384486.0,Historique Loto de mai 1976 à octobre 2008
2007-06-23,47,15,37,5,11,7,0.0,Historique Loto de mai 1976 à octobre 2008
2007-06-23,43,13,28,7,45,39,481878.0,Historique Loto de mai 1976 à octobre 2008
2007-06-27,42,6,29,13,12,45,763698.0,Historique Loto de mai 1976 à octobre 2008
2007-06-27,8,37,34,20,39,26,0.0,Historique Loto de mai 1976 à octobre 2008
2007-06-30,35,29,11,9,24,48,435913.0,Historique Loto de mai 1976 à octobre 2008
2007-06-30,6,28,33,29,43,45,0.0,Historique Loto de mai 1976 à octobre 2008
2007-07-04,45,44,36,33,20,27,782929.0,Historique Loto de mai 1976 à octobre 2008
2007-07-04,8,24,38,20,34,46,0.0,Historique Loto de mai 1976 à octobre 2008
2007-07-07,36,14,22,2,35,48,1620441.0,Historique Loto de mai 1976 à octobre 2008
2007-07-07,17,4,24,21,27,30,2333334.0,Historique Loto de mai 1976 à octobre 2008
2007-07-11,35,2,23,21,3,16,0.0,Historique Loto de mai 1976 à octobre 2008
2007-07-11,23,46,15,2,20,37,868000.0,Historique Loto de mai 1976 à octobre 2008
2007-07-14,23,26,16,25,33,48,0.0,Historique Loto de mai 1976 à octobre 2008
2007-07-14,10,39,4,20,24,43,849690.0,Historique Loto de mai 1976 à octobre 2008
2007-07-18,21,6,31,1,13,22,189279.0,Historique Loto de mai 1976 à octobre 2008
2007-07-18,12,14,38,17,28,40,4000000.0,Historique Loto de mai 1976 à octobre 2008
2007-07-21,31,27,13,29,34,35,296332.0,Historique Loto de mai 1976 à octobre 2008
2007-07-21,3,22,15,4,33,36,950807.0,Historique Loto de mai 1976 à octobre 2008
2007-07-25,21,31,6,12,17,5,386367.0,Historique Loto de mai 1976 à octobre 2008
2007-07-25,8,30,33,47,6,32,0.0,Historique Loto de mai 1976 à octobre 2008
2007-07-28,22,40,36,3,20,37,952403.0,Historique Loto de mai 1976 à octobre 2008
2007-07-28,39,20,48,8,33,15,4000000.0,Historique Loto de mai 1976 à octobre 2008
2007-08-01,24,2,41,38,42,27,760433.0,Historique Loto de mai 1976 à octobre 2008
2007-08-01,41,24,29,6,33,25,1637818.0,Historique Loto de mai 1976 à octobre 2008
2007-08-04,32,20,26,40,49,3,838212.0,Historique Loto de mai 1976 à octobre 2008
2007-08-04,8,34,32,36,46,29,0.0,Historique Loto de mai 1976 à octobre 2008
2007-08-08,21,13,46,45,32,11,0.0,Historique Loto de mai 1976 à octobre 2008
2007-08-08,47,13,35,41,19,43,0.0,Historique Loto de mai 1976 à octobre 2008
2007-08-11,18,35,36,38,13,2,4000000.0,Historique Loto de mai 1976 à octobre 2008
2007-08-11,12,25,46,23,38,9,510994.0,Historique Loto de mai 1976 à octobre 2008
2007-08-15,7,32,38,30,36,8,0.0,Historique Loto de mai 1976 à octobre 2008
2007-08-15,9,32,44,8,33,3,0.0,Historique Loto de mai 1976 à octobre 2008
2007-08-18,29,31,30,17,10,43,417559.0,Historique Loto de mai 1976 à octobre 2008
2007-08-18,39,35,13,48,8,1,0.0,Historique Loto de mai 1976 à octobre 2008
2007-08-22,14,13,48,29,30,37,0.0,Historique Loto de mai 1976 à octobre 2008
2007-08-22,7,14,34,40,36,24,0.0,Historique Loto de mai 1976 à octobre 2008
2007-08-25,22,13,12,19,8,5,255821.0,Historique Loto de mai 1976 à octobre 2008
2007-08-25,44,37,45,16,3,18,4000000.0,Historique Loto de mai 1976 à octobre 2008
2007-08-29,39,14,32,19,20,5,379803.0,Historique Loto de mai 1976 à octobre 2008
2007-08-29,17,3,14,36,11,44,408008.0,Historique Loto de mai 1976 à octobre 2008
2007-09-01,45,27,39,31,18,34,293936.0,Historique Loto de mai 1976 à octobre 2008
2007-09-01,46,37,16,48,9,20,629832.0,Historique Loto de mai 1976 à octobre 2008
2007-09-05,38,10,5,12,35,28,1630478.0,Historique Loto de mai 1976 à octobre 2008
2007-09-05,31,12,43,49,18,13,0.0,Historique Loto de mai 1976 à octobre 2008
2007-09-08,26,40,28,12,43,5,432527.0,Historique Loto de mai 1976 à octobre 2008
2007-09-08,4,5,19,1,17,48,1850182.0,Historique Loto de mai 1976 à octobre 2008
2007-09-12,45,49,23,48,6,11,431446.0,Historique Loto de mai 1976 à octobre 2008
2007-09-12,7,41,21,39,2,3,4000000.0,Historique Loto de mai 1976 à octobre 2008
2007-09-15,47,21,30,10,28,12,0.0,Historique Loto de mai 1976 à octobre 2008
2007-09-15,18,15,23,25,41,27,1860465.0,Historique Loto de mai 1976 à octobre 2008
2007-09-19,8,10,28,20,33,38,0.0,Historique Loto de mai 1976 à octobre 2008
2007-09-19,10,8,41,39,46,21,550943.0,Historique Loto de mai 1976 à octobre 2008
2007-09-22,24,36,27,31,8,21,516597.0,Historique Loto de mai 1976 à octobre 2008
2007-09-22,38,1,25,49,2,9,4000000.0,Historique Loto de mai 1976 à octobre 2008
2007-09-26,8,16,31,10,34,48,376353.0,Historique Loto de mai 1976 à octobre 2008
2007-09-26,18,4,5,11,48,27,538751.0,Historique Loto de mai 1976 à octobre 2008
2007-09-29,23,25,30,6,24,21,470833.0,Historique Loto de mai 1976 à octobre 2008
2007-09-29,1,34,29,49,33,42,0.0,Historique Loto de mai 1976 à octobre 2008
2007-10-03,42,18,40,30,21,44,830809.0,Historique Loto de mai 1976 à octobre 2008
2007-10-03,2,6,30,5,15,19,768703.0,Historique Loto de mai 1976 à octobre 2008
2007-10-06,31,36,28,40,14,17,204337.0,Historique Loto de mai 1976 à octobre 2008
2007-10-06,38,8,5,39,1,33,2000000.0,Historique Loto de mai 1976 à octobre 2008
2007-10-10,15,24,34,42,40,26,771491.0,Historique Loto de mai 1976 à octobre 2008
2007-10-10,21,25,2,4,46,8,0.0,Historique Loto de mai 1976 à octobre 2008
2007-10-13,30,47,39,11,40,44,886640.0,Historique Loto de mai 1976 à octobre 2008
2007-10-13,25,23,11,49,3,9,1912024.0,Historique Loto de mai 1976 à octobre 2008
2007-10-17,45,38,14,19,9,17,380837.0,Historique Loto de mai 1976 à octobre 2008
2007-10-17,2,47,28,40,13,49,0.0,Historique Loto de mai 1976 à octobre 2008
2007-10-20,5,39,37,34,9,2,353859.0,Historique Loto de mai 1976 à octobre 2008
2007-10-20,31,6,48,15,4,29,1333334.0,Historique Loto de mai 1976 à octobre 2008
2007-10-24,36,38,29,21,3,25,0.0,Historique Loto de mai 1976 à octobre 2008
2007-10-24,27,33,6,36,17,10,251286.0,Historique Loto de mai 1976 à octobre 2008
2007-10-27,25,28,8,42,37,31,293105.0,Historique Loto de mai 1976 à octobre 2008
2007-10-27,39,21,26,48,28,49,1873943.0,Historique Loto de mai 1976 à octobre 2008
2007-10-31,39,40,19,30,7,43,369100.0,Historique Loto de mai 1976 à octobre 2008
2007-10-31,16,46,24,19,23,41,7000000.0,Historique Loto de mai 1976 à octobre 2008
2007-11-03,4,33,3,45,28,27,0.0,Historique Loto de mai 1976 à octobre 2008
2007-11-03,11,41,6,20,39,4,0.0,Historique Loto de mai 1976 à octobre 2008
2007-11-07,45,40,42,21,8,44,0.0,Historique Loto de mai 1976 à octobre 2008
2007-11-07,9,28,44,40,42,7,1650097.0,Historique Loto de mai 1976 à octobre 2008
2007-11-10,30,31,41,42,19,25,0.0,Historique Loto de mai 1976 à octobre 2008
2007-11-10,46,25,11,33,48,35,4000000.0,Historique Loto de mai 1976 à octobre 2008
2007-11-14,7,44,41,39,32,12,388396.0,Historique Loto de mai 1976 à octobre 2008
2007-11-14,43,18,34,16,17,15,833245.0,Historique Loto de mai 1976 à octobre 2008
2007-11-17,23,11,1,16,40,34,865230.0,Historique Loto de mai 1976 à octobre 2008
2007-11-17,22,33,8,31,34,38,1865506.0,Historique Loto de mai 1976 à octobre 2008
2007-11-21,20,32,6,38,27,42,0.0,Historique Loto de mai 1976 à octobre 2008
2007-11-21,8,33,22,43,17,35,539583.0,Historique Loto de mai 1976 à octobre 2008
2007-11-24,44,29,17,26,27,3,1851609.0,Historique Loto de mai 1976 à octobre 2008
2007-11-24,19,29,16,48,9,13,858834.0,Historique Loto de mai 1976 à octobre 2008
2007-11-28,35,16,34,2,29,37,0.0,Historique Loto de mai 1976 à octobre 2008
2007-11-28,36,17,30,23,42,33,959558.0,Historique Loto de mai 1976 à octobre 2008
2007-12-01,34,30,23,19,48,38,221332.0,Historique Loto de mai 1976 à octobre 2008
2007-12-01,2,20,15,4,39,11,0.0,Historique Loto de mai 1976 à octobre 2008
2007-12-05,39,25,37,33,32,2,0.0,Historique Loto de mai 1976 à octobre 2008
2007-12-05,28,24,20,46,49,39,555602.0,Historique Loto de mai 1976 à octobre 2008
2007-12-08,43,19,3,2,42,13,437757.0,Historique Loto de mai 1976 à octobre 2008
2007-12-08,44,14,25,3,15,8,376886.0,Historique Loto de mai 1976 à octobre 2008
2007-12-12,17,10,38,44,4,30,952037.0,Historique Loto de mai 1976 à octobre 2008
2007-12-12,45,28,22,15,21,23,4000000.0,Historique Loto de mai 1976 à octobre 2008
2007-12-15,21,47,15,4,40,30,884797.0,Historique Loto de mai 1976 à octobre 2008
2007-12-15,46,42,37,31,7,17,0.0,Historique Loto de mai 1976 à octobre 2008
2007-12-19,20,27,14,1,15,17,1666958.0,Historique Loto de mai 1976 à octobre 2008
2007-12-19,45,19,48,3,30,29,0.0,Historique Loto de mai 1976 à octobre 2008
2007-12-22,31,14,25,15,11,35,429448.0,Historique Loto de mai 1976 à octobre 2008
2007-12-22,17,33,43,32,28,45,7000000.0,Historique Loto de mai 1976 à octobre 2008
2007-12-26,41,39,27,14,35,43,757030.0,Historique Loto de mai 1976 à octobre 2008
2007-12-26,9,8,16,11,40,22,818061.0,Historique Loto de mai 1976 à octobre 2008
2007-12-29,32,48,31,26,25,29,692611.0,Historique Loto de mai 1976 à octobre 2008
2007-12-29,27,10,13,8,41,48,0.0,Historique Loto de mai 1976 à octobre 2008
2008-01-02,6,3,19,8,37,18,383214.0,Historique Loto de mai 1976 à octobre 2008
2008-01-02,29,7,37,5,31,38,1638373.0,Historique Loto de mai 1976 à octobre 2008
2008-01-05,3,25,46,11,5,33,920029.0,Historique Loto de mai 1976 à octobre 2008
2008-01-05,20,7,40,16,47,8,1984565.0,Historique Loto de mai 1976 à octobre 2008
2008-01-09,16,3,11,29,5,43,200103.0,Historique Loto de mai 1976 à octobre 2008
2008-01-09,26,9,39,33,44,11,1704733.0,Historique Loto de mai 1976 à octobre 2008
2008-01-12,34,26,39,35,37,22,0.0,Historique Loto de mai 1976 à octobre 2008
2008-01-12,5,21,24,36,19,47,0.0,Historique Loto de mai 1976 à octobre 2008
2008-01-16,2,41,33,14,34,36,0.0,Historique Loto de mai 1976 à octobre 2008
2008-01-16,38,31,1,14,26,43,781057.0,Historique Loto de mai 1976 à octobre 2008
2008-01-19,34,17,24,39,37,27,303590.0,Historique Loto de mai 1976 à octobre 2008
2008-01-19,15,24,44,34,16,7,1940727.0,Historique Loto de mai 1976 à octobre 2008
2008-01-23,28,24,10,7,25,11,0.0,Historique Loto de mai 1976 à octobre 2008
2008-01-23,38,25,45,44,31,35,1333334.0,Historique Loto de mai 1976 à octobre 2008
2008-01-26,42,46,22,20,48,39,897258.0,Historique Loto de mai 1976 à octobre 2008
2008-01-26,33,31,38,45,47,35,971214.0,Historique Loto de mai 1976 à octobre 2008
2008-01-30,3,33,38,9,48,28,782902.0,Historique Loto de mai 1976 à octobre 2008
2008-01-30,19,8,35,4,34,17,846317.0,Historique Loto de mai 1976 à octobre 2008
2008-02-02,31,15,32,5,30,35,552140.0,Historique Loto de mai 1976 à octobre 2008
2008-02-02,39,26,19,5,6,42,0.0,Historique Loto de mai 1976 à octobre 2008
2008-02-06,2,47,3,17,44,39,1699509.0,Historique Loto de mai 1976 à octobre 2008
2008-02-06,8,22,46,2,10,7,0.0,Historique Loto de mai 1976 à octobre 2008
2008-02-09,38,45,13,27,12,21,456002.0,Historique Loto de mai 1976 à octobre 2008
2008-02-09,37,40,14,8,18,35,1951009.0,Historique Loto de mai 1976 à octobre 2008
2008-02-13,13,15,6,29,33,47,323877.0,Historique Loto de mai 1976 à octobre 2008
2008-02-13,7,32,31,42,23,34,7000000.0,Historique Loto de mai 1976 à octobre 2008
2008-02-16,5,41,47,33,46,32,0.0,Historique Loto de mai 1976 à octobre 2008
2008-02-16,49,35,27,8,39,32,0.0,Historique Loto de mai 1976 à octobre 2008
2008-02-20,40,39,31,20,29,13,0.0,Historique Loto de mai 1976 à octobre 2008
2008-02-20,13,30,14,10,19,41,0.0,Historique Loto de mai 1976 à octobre 2008
2008-02-23,26,3,8,46,19,39,223995.0,Historique Loto de mai 1976 à octobre 2008
2008-02-23,22,41,17,30,3,40,0.0,Historique Loto de mai 1976 à octobre 2008
2008-02-27,23,37,39,41,21,14,771041.0,Historique Loto de mai 1976 à octobre 2008
2008-02-27,3,40,12,37,46,5,1660865.0,Historique Loto de mai 1976 à octobre 2008
2008-03-01,23,16,44,38,4,30,868482.0,Historique Loto de mai 1976 à octobre 2008
2008-03-01,2,32,40,33,34,43,0.0,Historique Loto de mai 1976 à octobre 2008
2008-03-05,41,30,28,46,42,35,1666855.0,Historique Loto de mai 1976 à octobre 2008
2008-03-05,1,37,9,12,11,34,389845.0,Historique Loto de mai 1976 à octobre 2008
2008-03-08,24,36,11,3,42,8,2000000.0,Historique Loto de mai 1976 à octobre 2008
2008-03-08,18,11,12,43,10,13,559471.0,Historique Loto de mai 1976 à octobre 2008
2008-03-12,32,44,8,24,14,20,397339.0,Historique Loto de mai 1976 à octobre 2008
2008-03-12,19,1,31,22,39,45,1699046.0,Historique Loto de mai 1976 à octobre 2008
2008-03-15,17,38,23,45,9,41,450848.0,Historique Loto de mai 1976 à octobre 2008
2008-03-15,44,5,6,22,30,17,968086.0,Historique Loto de mai 1976 à octobre 2008
2008-03-19,36,6,33,26,42,27,0.0,Historique Loto de mai 1976 à octobre 2008
2008-03-19,20,34,37,25,1,18,418732.0,Historique Loto de mai 1976 à octobre 2008
2008-03-22,43,8,31,9,10,29,0.0,Historique Loto de mai 1976 à octobre 2008
2008-03-22,11,35,38,28,44,19,2000000.0,Historique Loto de mai 1976 à octobre 2008
2008-03-26,49,6,21,10,17,3,741281.0,Historique Loto de mai 1976 à octobre 2008
2008-03-26,4,46,34,5,18,6,0.0,Historique Loto de mai 1976 à octobre 2008
2008-03-29,36,19,4,21,18,39,1871268.0,Historique Loto de mai 1976 à octobre 2008
2008-03-29,7,3,10,11,38,35,0.0,Historique Loto de mai 1976 à octobre 2008
2008-04-02,7,28,41,9,2,45,0.0,Historique Loto de mai 1976 à octobre 2008
2008-04-02,14,43,27,46,42,10,0.0,Historique Loto de mai 1976 à octobre 2008
2008-04-05,10,2,32,44,20,16,0.0,Historique Loto de mai 1976 à octobre 2008
2008-04-05,21,27,6,47,30,37,0.0,Historique Loto de mai 1976 à octobre 2008
2008-04-09,8,41,19,37,3,7,569879.0,Historique Loto de mai 1976 à octobre 2008
2008-04-09,32,14,9,5,48,13,4500000.0,Historique Loto de mai 1976 à octobre 2008
2008-04-12,44,49,27,48,24,34,225428.0,Historique Loto de mai 1976 à octobre 2008
2008-04-12,45,17,18,8,24,25,0.0,Historique Loto de mai 1976 à octobre 2008
2008-04-16,37,13,31,48,25,39,387498.0,Historique Loto de mai 1976 à octobre 2008
2008-04-16,41,2,44,5,47,42,1656775.0,Historique Loto de mai 1976 à octobre 2008
2008-04-19,10,49,26,11,34,43,0.0,Historique Loto de mai 1976 à octobre 2008
2008-04-19,10,2,8,21,15,29,1852301.0,Historique Loto de mai 1976 à octobre 2008
2008-04-23,14,36,3,17,25,31,1333334.0,Historique Loto de mai 1976 à octobre 2008
2008-04-23,23,33,3,45,39,37,196811.0,Historique Loto de mai 1976 à octobre 2008
2008-04-26,34,49,37,14,3,21,0.0,Historique Loto de mai 1976 à octobre 2008
2008-04-26,15,28,27,11,37,2,284182.0,Historique Loto de mai 1976 à octobre 2008
2008-04-30,42,16,29,13,35,37,263143.0,Historique Loto de mai 1976 à octobre 2008
2008-04-30,49,31,27,40,38,22,1683114.0,Historique Loto de mai 1976 à octobre 2008
2008-05-03,41,13,16,48,14,47,0.0,Historique Loto de mai 1976 à octobre 2008
2008-05-03,41,18,16,4,34,26,1759384.0,Historique Loto de mai 1976 à octobre 2008
2008-05-07,45,43,37,25,47,9,0.0,Historique Loto de mai 1976 à octobre 2008
2008-05-07,21,35,14,24,12,41,4000000.0,Historique Loto de mai 1976 à octobre 2008
2008-05-10,17,42,14,23,15,16,0.0,Historique Loto de mai 1976 à octobre 2008
2008-05-10,47,20,40,21,7,28,0.0,Historique Loto de mai 1976 à octobre 2008
2008-05-14,39,14,18,16,10,30,0.0,Historique Loto de mai 1976 à octobre 2008
2008-05-14,12,13,5,17,31,43,0.0,Historique Loto de mai 1976 à octobre 2008
2008-05-17,20,35,28,13,1,38,1824685.0,Historique Loto de mai 1976 à octobre 2008
2008-05-17,10,37,25,4,36,12,0.0,Historique Loto de mai 1976 à octobre 2008
2008-05-21,5,34,17,35,13,1,750841.0,Historique Loto de mai 1976 à octobre 2008
2008-05-21,14,17,33,1,7,4,1616978.0,Historique Loto de mai 1976 à octobre 2008
2008-05-24,32,8,39,7,1,35,585765.0,Historique Loto de mai 1976 à octobre 2008
2008-05-24,33,48,32,5,16,6,0.0,Historique Loto de mai 1976 à octobre 2008
2008-05-28,14,18,29,30,32,40,252839.0,Historique Loto de mai 1976 à octobre 2008
2008-05-28,24,12,17,46,14,21,1617491.0,Historique Loto de mai 1976 à octobre 2008
2008-05-31,23,2,46,42,32,29,0.0,Historique Loto de mai 1976 à octobre 2008
2008-05-31,43,19,48,1,3,36,916748.0,Historique Loto de mai 1976 à octobre 2008
2008-06-04,39,27,30,19,13,45,243320.0,Historique Loto de mai 1976 à octobre 2008
2008-06-04,46,15,11,40,8,35,1333334.0,Historique Loto de mai 1976 à octobre 2008
2008-06-07,20,15,40,13,2,46,432999.0,Historique Loto de mai 1976 à octobre 2008
2008-06-07,30,3,1,33,9,25,0.0,Historique Loto de mai 1976 à octobre 2008
2008-06-11,6,7,35,46,45,1,741916.0,Historique Loto de mai 1976 à octobre 2008
2008-06-11,22,47,45,26,35,31,1597586.0,Historique Loto de mai 1976 à octobre 2008
2008-06-14,24,39,1,16,35,30,860130.0,Historique Loto de mai 1976 à octobre 2008
2008-06-14,1,27,11,24,20,45,1854425.0,Historique Loto de mai 1976 à octobre 2008
2008-06-18,49,29,21,11,48,1,731994.0,Historique Loto de mai 1976 à octobre 2008
2008-06-18,46,1,39,11,32,33,790717.0,Historique Loto de mai 1976 à octobre 2008
2008-06-21,29,14,41,17,28,25,83420.0,Historique Loto de mai 1976 à octobre 2008
2008-06-21,30,19,2,10,22,44,1000000.0,Historique Loto de mai 1976 à octobre 2008
2008-06-25,12,36,2,1,30,25,712992.0,Historique Loto de mai 1976 à octobre 2008
2008-06-25,5,27,44,3,35,16,1534744.0,Historique Loto de mai 1976 à octobre 2008
2008-06-28,44,7,16,29,26,25,436050.0,Historique Loto de mai 1976 à octobre 2008
2008-06-28,30,18,17,7,22,4,405640.0,Historique Loto de mai 1976 à octobre 2008
2008-07-02,43,33,38,14,27,34,898486.0,Historique Loto de mai 1976 à octobre 2008
2008-07-02,34,26,3,17,4,43,4000000.0,Historique Loto de mai 1976 à octobre 2008
2008-07-05,18,26,17,23,12,45,140047.0,Historique Loto de mai 1976 à octobre 2008
2008-07-05,35,36,44,39,13,43,1785982.0,Historique Loto de mai 1976 à octobre 2008
2008-07-09,46,25,36,4,16,40,743524.0,Historique Loto de mai 1976 à octobre 2008
2008-07-09,45,34,39,21,13,28,803309.0,Historique Loto de mai 1976 à octobre 2008
2008-07-12,26,27,4,18,20,25,1014290.0,Historique Loto de mai 1976 à octobre 2008
2008-07-12,6,9,7,43,8,30,800000.0,Historique Loto de mai 1976 à octobre 2008
2008-07-16,47,17,10,1,16,40,722459.0,Historique Loto de mai 1976 à octobre 2008
2008-07-16,23,29,34,47,21,24,1555313.0,Historique Loto de mai 1976 à octobre 2008
2008-07-19,3,47,10,25,40,30,1767984.0,Historique Loto de mai 1976 à octobre 2008
2008-07-19,41,1,11,46,19,12,0.0,Historique Loto de mai 1976 à octobre 2008
2008-07-23,16,48,6,22,5,45,242982.0,Historique Loto de mai 1976 à octobre 2008
2008-07-23,29,4,35,23,17,8,0.0,Historique Loto de mai 1976 à octobre 2008
2008-07-26,41,13,27,18,42,3,883214.0,Historique Loto de mai 1976 à octobre 2008
2008-07-26,45,20,48,44,31,2,0.0,Historique Loto de mai 1976 à octobre 2008
2008-07-30,32,33,7,35,36,5,180548.0,Historique Loto de mai 1976 à octobre 2008
2008-07-30,44,7,48,32,40,25,771936.0,Historique Loto de mai 1976 à octobre 2008
2008-08-02,34,32,15,16,17,24,0.0,Historique Loto de mai 1976 à octobre 2008
2008-08-02,11,9,27,18,46,1,0.0,Historique Loto de mai 1976 à octobre 2008
2008-08-06,13,26,35,30,47,36,178854.0,Historique Loto de mai 1976 à octobre 2008
2008-08-06,16,40,46,39,43,1,0.0,Historique Loto de mai 1976 à octobre 2008
2008-08-09,24,48,47,6,2,14,492482.0,Historique Loto de mai 1976 à octobre 2008
2008-08-09,19,29,25,24,6,7,0.0,Historique Loto de mai 1976 à octobre 2008
2008-08-13,41,43,25,23,4,32,1570944.0,Historique Loto de mai 1976 à octobre 2008
2008-08-13,23,49,29,11,38,36,0.0,Historique Loto de mai 1976 à octobre 2008
2008-08-16,5,25,34,12,20,45,875344.0,Historique Loto de mai 1976 à octobre 2008
2008-08-16,42,21,41,29,24,30,809479.0,Historique Loto de mai 1976 à octobre 2008
2008-08-20,5,44,10,41,11,31,0.0,Historique Loto de mai 1976 à octobre 2008
2008-08-20,15,17,26,32,12,35,0.0,Historique Loto de mai 1976 à octobre 2008
2008-08-23,37,39,3,7,26,20,207047.0,Historique Loto de mai 1976 à octobre 2008
2008-08-23,12,40,43,8,31,41,1763702.0,Historique Loto de mai 1976 à octobre 2008
2008-08-27,39,25,8,7,43,13,246148.0,Historique Loto de mai 1976 à octobre 2008
2008-08-27,49,34,21,19,32,44,0.0,Historique Loto de mai 1976 à octobre 2008
2008-08-30,47,21,5,20,37,42,411002.0,Historique Loto de mai 1976 à octobre 2008
2008-08-30,6,32,23,19,47,40,588892.0,Historique Loto de mai 1976 à octobre 2008
2008-09-03,28,15,26,42,14,45,0.0,Historique Loto de mai 1976 à octobre 2008
2008-09-03,29,12,27,4,2,25,1583301.0,Historique Loto de mai 1976 à octobre 2008
2008-09-06,20,34,49,21,46,30,4500000.0,Historique Loto de mai 1976 à octobre 2008
2008-09-06,22,40,12,46,29,35,1197362.0,Historique Loto de mai 1976 à octobre 2008
2008-09-10,38,36,19,5,39,48,764012.0,Historique Loto de mai 1976 à octobre 2008
2008-09-10,7,24,6,12,2,15,207167.0,Historique Loto de mai 1976 à octobre 2008
2008-09-13,28,40,8,9,17,7,858421.0,Historique Loto de mai 1976 à octobre 2008
2008-09-13,11,36,34,14,35,17,928797.0,Historique Loto de mai 1976 à octobre 2008
2008-09-17,26,43,49,40,48,47,372009.0,Historique Loto de mai 1976 à octobre 2008
2008-09-17,31,49,9,30,29,27,1590246.0,Historique Loto de mai 1976 à octobre 2008
2008-09-20,31,26,47,10,12,39,0.0,Historique Loto de mai 1976 à octobre 2008
2008-09-20,24,40,13,9,47,14,0.0,Historique Loto de mai 1976 à octobre 2008
2008-09-24,9,19,32,21,20,40,0.0,Historique Loto de mai 1976 à octobre 2008
2008-09-24,2,33,34,28,8,47,0.0,Historique Loto de mai 1976 à octobre 2008
2008-09-27,28,7,24,35,32,33,419649.0,Historique Loto de mai 1976 à octobre 2008
2008-09-27,24,47,39,42,45,46,900725.0,Historique Loto de mai 1976 à octobre 2008
2008-10-01,29,28,3,1,6,11,0.0,Historique Loto de mai 1976 à octobre 2008
2008-10-01,41,16,14,18,10,24,793603.0,Historique Loto de mai 1976 à octobre 2008
2008-10-04,33,32,42,16,15,37,904940.0,Historique Loto de mai 1976 à octobre 2008
2008-10-04,36,9,16,27,25,48,282006.0,Historique Loto de mai 1976 à octobre 2008
2008-10-06,19,33,41,24,27,9,0.0,Historique Loto de octobre 2008 à mars 2017
2008-10-08,24,48,32,41,22,1,0.0,Historique Loto de octobre 2008 à mars 2017
2008-10-11,46,22,10,39,20,4,7000000.0,Historique Loto de octobre 2008 à mars 2017
2008-10-13,11,10,41,37,48,4,0.0,Historique Loto de octobre 2008 à mars 2017
2008-10-15,49,28,18,20,40,1,3000000.0,Historique Loto de octobre 2008 à mars 2017
2008-10-18,44,35,4,32,39,10,0.0,Historique Loto de octobre 2008 à mars 2017
2008-10-20,43,7,48,31,15,3,0.0,Historique Loto de octobre 2008 à mars 2017
2008-10-22,11,28,12,48,14,2,0.0,Historique Loto de octobre 2008 à mars 2017
2008-10-25,13,11,22,46,19,3,0.0,Historique Loto de octobre 2008 à mars 2017
2008-10-27,46,37,44,4,6,2,0.0,Historique Loto de octobre 2008 à mars 2017
2008-10-29,43,28,22,41,49,4,0.0,Historique Loto de octobre 2008 à mars 2017
2008-11-01,22,4,27,36,45,3,0.0,Historique Loto de octobre 2008 à mars 2017
2008-11-03,26,2,23,20,24,8,0.0,Historique Loto de octobre 2008 à mars 2017
2008-11-05,47,4,38,15,8,7,0.0,Historique Loto de octobre 2008 à mars 2017
2008-11-08,25,35,33,5,22,9,14000000.0,Historique Loto de octobre 2008 à mars 2017
2008-11-10,12,9,21,45,38,6,0.0,Historique Loto de octobre 2008 à mars 2017
2008-11-12,45,35,34,40,23,5,3000000.0,Historique Loto de octobre 2008 à mars 2017
2008-11-15,41,10,48,43,22,3,0.0,Historique Loto de octobre 2008 à mars 2017
2008-11-17,1,6,19,23,41,6,0.0,Historique Loto de octobre 2008 à mars 2017
2008-11-19,34,26,37,41,2,4,0.0,Historique Loto de octobre 2008 à mars 2017
2008-11-22,45,12,30,36,20,6,0.0,Historique Loto de octobre 2008 à mars 2017
2008-11-24,43,36,31,30,17,8,6000000.0,Historique Loto de octobre 2008 à mars 2017
2008-11-26,49,11,13,25,28,5,0.0,Historique Loto de octobre 2008 à mars 2017
2008-11-29,18,36,20,32,22,7,3000000.0,Historique Loto de octobre 2008 à mars 2017
2008-12-01,32,15,19,37,38,1,0.0,Historique Loto de octobre 2008 à mars 2017
2008-12-03,26,29,34,42,31,10,0.0,Historique Loto de octobre 2008 à mars 2017
2008-12-06,48,2,5,13,24,4,4000000.0,Historique Loto de octobre 2008 à mars 2017
2008-12-08,29,15,1,31,11,8,0.0,Historique Loto de octobre 2008 à mars 2017
2008-12-10,41,38,10,35,11,3,3000000.0,Historique Loto de octobre 2008 à mars 2017
2008-12-13,24,38,8,42,31,7,0.0,Historique Loto de octobre 2008 à mars 2017
2008-12-15,48,5,15,2,27,8,0.0,Historique Loto de octobre 2008 à mars 2017
2008-12-17,49,44,31,13,33,9,0.0,Historique Loto de octobre 2008 à mars 2017
2008-12-20,41,46,2,22,26,5,5000000.0,Historique Loto de octobre 2008 à mars 2017
2008-12-22,5,27,2,35,48,3,0.0,Historique Loto de octobre 2008 à mars 2017
2008-12-24,33,27,2,41,4,5,0.0,Historique Loto de octobre 2008 à mars 2017
2008-12-27,36,47,17,49,37,10,0.0,Historique Loto de octobre 2008 à mars 2017
2008-12-29,26,38,14,21,27,4,0.0,Historique Loto de octobre 2008 à mars 2017
2008-12-31,11,5,20,30,24,8,6000000.0,Historique Loto de octobre 2008 à mars 2017
2009-01-03,47,22,24,12,38,1,0.0,Historique Loto de octobre 2008 à mars 2017
2009-01-05,8,29,36,25,11,2,0.0,Historique Loto de octobre 2008 à mars 2017
2009-01-07,37,39,9,33,11,8,0.0,Historique Loto de octobre 2008 à mars 2017
2009-01-10,49,40,21,10,44,2,0.0,Historique Loto de octobre 2008 à mars 2017
2009-01-12,47,11,29,4,9,8,0.0,Historique Loto de octobre 2008 à mars 2017
2009-01-14,5,42,1,19,13,3,0.0,Historique Loto de octobre 2008 à mars 2017
2009-01-17,2,46,27,37,5,4,0.0,Historique Loto de octobre 2008 à mars 2017
2009-01-19,39,38,7,32,26,9,0.0,Historique Loto de octobre 2008 à mars 2017
2009-01-21,32,47,10,35,3,3,10000000.0,Historique Loto de octobre 2008 à mars 2017
2009-01-24,5,40,15,20,28,10,2000000.0,Historique Loto de octobre 2008 à mars 2017
2009-01-26,39,8,13,49,10,10,0.0,Historique Loto de octobre 2008 à mars 2017
2009-01-28,40,7,41,38,46,5,0.0,Historique Loto de octobre 2008 à mars 2017
2009-01-31,6,31,40,18,36,7,0.0,Historique Loto de octobre 2008 à mars 2017
2009-02-02,4,38,12,31,41,8,0.0,Historique Loto de octobre 2008 à mars 2017
2009-02-04,20,43,47,27,10,3,0.0,Historique Loto de octobre 2008 à mars 2017
2009-02-07,4,16,34,22,49,10,0.0,Historique Loto de octobre 2008 à mars 2017
2009-02-09,17,13,31,3,46,5,8000000.0,Historique Loto de octobre 2008 à mars 2017
2009-02-11,35,46,10,1,14,8,0.0,Historique Loto de octobre 2008 à mars 2017
2009-02-14,12,24,18,44,16,4,17000000.0,Historique Loto de octobre 2008 à mars 2017
2009-02-16,46,23,29,21,16,4,0.0,Historique Loto de octobre 2008 à mars 2017
2009-02-18,28,40,10,23,43,9,0.0,Historique Loto de octobre 2008 à mars 2017
2009-02-21,47,21,48,39,40,5,4000000.0,Historique Loto de octobre 2008 à mars 2017
2009-02-23,3,14,34,31,22,7,0.0,Historique Loto de octobre 2008 à mars 2017
2009-02-25,15,4,21,30,36,4,3000000.0,Historique Loto de octobre 2008 à mars 2017
2009-02-28,45,14,41,25,16,10,0.0,Historique Loto de octobre 2008 à mars 2017
2009-03-02,41,29,14,48,8,10,0.0,Historique Loto de octobre 2008 à mars 2017
2009-03-04,7,9,29,25,10,6,0.0,Historique Loto de octobre 2008 à mars 2017
2009-03-07,36,15,24,2,22,8,0.0,Historique Loto de octobre 2008 à mars 2017
2009-03-09,27,32,5,40,3,9,0.0,Historique Loto de octobre 2008 à mars 2017
2009-03-11,4,7,11,22,8,5,7000000.0,Historique Loto de octobre 2008 à mars 2017
2009-03-14,27,18,20,11,38,6,0.0,Historique Loto de octobre 2008 à mars 2017
2009-03-16,27,45,35,36,44,2,0.0,Historique Loto de octobre 2008 à mars 2017
2009-03-18,42,3,39,20,34,2,0.0,Historique Loto de octobre 2008 à mars 2017
2009-03-21,45,32,15,2,39,10,0.0,Historique Loto de octobre 2008 à mars 2017
2009-03-23,1,25,10,2,33,4,0.0,Historique Loto de octobre 2008 à mars 2017
2009-03-25,10,34,15,33,5,7,0.0,Historique Loto de octobre 2008 à mars 2017
2009-03-28,19,26,23,22,27,2,8000000.0,Historique Loto de octobre 2008 à mars 2017
2009-03-30,32,47,45,29,24,10,0.0,Historique Loto de octobre 2008 à mars 2017
2009-04-01,37,27,30,22,45,3,0.0,Historique Loto de octobre 2008 à mars 2017
2009-04-04,37,41,27,8,45,6,0.0,Historique Loto de octobre 2008 à mars 2017
2009-04-06,43,33,48,31,28,7,0.0,Historique Loto de octobre 2008 à mars 2017
2009-04-08,46,33,10,34,7,6,0.0,Historique Loto de octobre 2008 à mars 2017
2009-04-11,21,5,2,23,19,7,0.0,Historique Loto de octobre 2008 à mars 2017
2009-04-13,20,24,30,11,9,1,0.0,Historique Loto de octobre 2008 à mars 2017
2009-04-15,23,43,37,12,39,8,0.0,Historique Loto de octobre 2008 à mars 2017
2009-04-18,31,20,45,12,32,8,0.0,Historique Loto de octobre 2008 à mars 2017
2009-04-20,11,34,38,43,12,3,0.0,Historique Loto de octobre 2008 à mars 2017
2009-04-22,2,31,49,33,43,9,0.0,Historique Loto de octobre 2008 à mars 2017
2009-04-25,34,23,49,9,20,8,0.0,Historique Loto de octobre 2008 à mars 2017
2009-04-27,9,37,21,34,4,2,0.0,Historique Loto de octobre 2008 à mars 2017
2009-04-29,4,30,29,26,15,3,0.0,Historique Loto de octobre 2008 à mars 2017
2009-05-02,7,15,11,5,23,1,19000000.0,Historique Loto de octobre 2008 à mars 2017
2009-05-04,33,1,23,12,46,1,0.0,Historique Loto de octobre 2008 à mars 2017
2009-05-06,48,36,13,20,44,1,0.0,Historique Loto de octobre 2008 à mars 2017
2009-05-09,45,28,22,30,20,3,0.0,Historique Loto de octobre 2008 à mars 2017
2009-05-11,15,27,48,9,34,6,0.0,Historique Loto de octobre 2008 à mars 2017
2009-05-13,38,36,49,39,12,10,6000000.0,Historique Loto de octobre 2008 à mars 2017
2009-05-16,1,2,26,44,7,9,0.0,Historique Loto de octobre 2008 à mars 2017
2009-05-18,49,26,35,34,28,4,3000000.0,Historique Loto de octobre 2008 à mars 2017
2009-05-20,35,28,15,3,23,10,2000000.0,Historique Loto de octobre 2008 à mars 2017
2009-05-23,38,13,33,3,25,3,2000000.0,Historique Loto de octobre 2008 à mars 2017
2009-05-25,46,40,6,3,25,4,0.0,Historique Loto de octobre 2008 à mars 2017
2009-05-27,7,48,5,3,23,7,0.0,Historique Loto de octobre 2008 à mars 2017
2009-05-30,30,25,34,14,10,9,0.0,Historique Loto de octobre 2008 à mars 2017
2009-06-01,18,26,47,24,35,1,0.0,Historique Loto de octobre 2008 à mars 2017
2009-06-03,46,21,32,26,14,6,6000000.0,Historique Loto de octobre 2008 à mars 2017
2009-06-06,32,46,13,33,15,10,0.0,Historique Loto de octobre 2008 à mars 2017
2009-06-08,31,29,41,25,22,5,0.0,Historique Loto de octobre 2008 à mars 2017
2009-06-10,45,42,27,49,48,7,0.0,Historique Loto de octobre 2008 à mars 2017
2009-06-13,39,16,46,28,24,4,0.0,Historique Loto de octobre 2008 à mars 2017
2009-06-15,49,11,41,21,40,4,0.0,Historique Loto de octobre 2008 à mars 2017
2009-06-17,3,27,41,8,37,2,10000000.0,Historique Loto de octobre 2008 à mars 2017
2009-06-20,26,27,49,21,33,7,0.0,Historique Loto de octobre 2008 à mars 2017
2009-06-22,36,17,42,28,41,4,0.0,Historique Loto de octobre 2008 à mars 2017
2009-06-24,17,21,22,16,4,1,4000000.0,Historique Loto de octobre 2008 à mars 2017
2009-06-27,13,4,3,41,6,8,0.0,Historique Loto de octobre 2008 à mars 2017
2009-06-29,35,43,9,28,10,8,0.0,Historique Loto de octobre 2008 à mars 2017
2009-07-01,34,5,28,13,29,4,0.0,Historique Loto de octobre 2008 à mars 2017
2009-07-04,39,4,8,43,27,3,0.0,Historique Loto de octobre 2008 à mars 2017
2009-07-06,12,31,32,44,45,2,0.0,Historique Loto de octobre 2008 à mars 2017
2009-07-08,16,4,10,6,5,3,0.0,Historique Loto de octobre 2008 à mars 2017
2009-07-11,14,17,35,5,42,1,0.0,Historique Loto de octobre 2008 à mars 2017
2009-07-13,26,2,20,34,18,1,0.0,Historique Loto de octobre 2008 à mars 2017
2009-07-15,4,1,23,14,25,10,0.0,Historique Loto de octobre 2008 à mars 2017
2009-07-18,44,14,26,34,9,9,0.0,Historique Loto de octobre 2008 à mars 2017
2009-07-20,27,23,44,34,5,1,0.0,Historique Loto de octobre 2008 à mars 2017
2009-07-22,24,35,45,28,17,6,13000000.0,Historique Loto de octobre 2008 à mars 2017
2009-07-25,27,40,3,14,33,9,0.0,Historique Loto de octobre 2008 à mars 2017
2009-07-27,18,47,7,13,48,4,0.0,Historique Loto de octobre 2008 à mars 2017
2009-07-29,16,25,14,35,3,3,4000000.0,Historique Loto de octobre 2008 à mars 2017
2009-08-01,44,10,18,45,22,6,0.0,Historique Loto de octobre 2008 à mars 2017
2009-08-03,9,38,18,26,49,8,3000000.0,Historique Loto de octobre 2008 à mars 2017
2009-08-05,40,10,29,20,43,7,0.0,Historique Loto de octobre 2008 à mars 2017
2009-08-08,41,20,16,38,2,9,0.0,Historique Loto de octobre 2008 à mars 2017
2009-08-10,5,22,31,2,24,6,0.0,Historique Loto de octobre 2008 à mars 2017
2009-08-12,6,33,17,34,39,5,0.0,Historique Loto de octobre 2008 à mars 2017
2009-08-15,1,41,32,24,27,9,0.0,Historique Loto de octobre 2008 à mars 2017
2009-08-17,2,9,17,14,25,9,7000000.0,Historique Loto de octobre 2008 à mars 2017
2009-08-19,35,42,7,33,28,10,0.0,Historique Loto de octobre 2008 à mars 2017
2009-08-22,31,21,8,27,29,10,0.0,Historique Loto de octobre 2008 à mars 2017
2009-08-24,22,18,33,28,11,2,0.0,Historique Loto de octobre 2008 à mars 2017
2009-08-26,44,31,7,38,14,1,0.0,Historique Loto de octobre 2008 à mars 2017
2009-08-29,34,7,27,23,19,7,2000000.0,Historique Loto de octobre 2008 à mars 2017
2009-08-31,16,13,1,5,20,2,0.0,Historique Loto de octobre 2008 à mars 2017
2009-09-02,17,5,12,6,15,1,0.0,Historique Loto de octobre 2008 à mars 2017
2009-09-05,1,37,17,44,20,8,0.0,Historique Loto de octobre 2008 à mars 2017
2009-09-07,8,21,4,31,39,2,0.0,Historique Loto de octobre 2008 à mars 2017
2009-09-09,1,12,23,22,7,4,6500000.0,Historique Loto de octobre 2008 à mars 2017
2009-09-12,41,11,4,29,7,4,0.0,Historique Loto de octobre 2008 à mars 2017
2009-09-14,9,18,43,32,22,1,3000000.0,Historique Loto de octobre 2008 à mars 2017
2009-09-16,40,7,21,25,30,1,0.0,Historique Loto de octobre 2008 à mars 2017
2009-09-19,12,27,38,33,19,7,3000000.0,Historique Loto de octobre 2008 à mars 2017
2009-09-21,3,4,38,46,7,2,0.0,Historique Loto de octobre 2008 à mars 2017
2009-09-23,24,42,4,47,5,6,0.0,Historique Loto de octobre 2008 à mars 2017
2009-09-26,2,37,43,21,25,9,0.0,Historique Loto de octobre 2008 à mars 2017
2009-09-28,30,20,16,3,44,4,0.0,Historique Loto de octobre 2008 à mars 2017
2009-09-30,33,35,40,5,2,4,0.0,Historique Loto de octobre 2008 à mars 2017
2009-10-03,47,15,49,7,9,7,7000000.0,Historique Loto de octobre 2008 à mars 2017
2009-10-05,21,12,20,11,32,4,0.0,Historique Loto de octobre 2008 à mars 2017
2009-10-07,4,1,21,12,46,8,0.0,Historique Loto de octobre 2008 à mars 2017
2009-10-10,3,38,1,23,16,3,0.0,Historique Loto de octobre 2008 à mars 2017
2009-10-12,38,7,48,43,28,5,0.0,Historique Loto de octobre 2008 à mars 2017
2009-10-14,6,35,36,42,24,2,0.0,Historique Loto de octobre 2008 à mars 2017
2009-10-17,12,49,8,20,16,5,7000000.0,Historique Loto de octobre 2008 à mars 2017
2009-10-19,4,31,11,3,6,1,2000000.0,Historique Loto de octobre 2008 à mars 2017
2009-10-21,10,49,26,15,1,7,0.0,Historique Loto de octobre 2008 à mars 2017
2009-10-24,39,28,15,38,27,10,0.0,Historique Loto de octobre 2008 à mars 2017
2009-10-26,49,47,42,1,3,7,0.0,Historique Loto de octobre 2008 à mars 2017
2009-10-28,8,11,7,37,30,3,0.0,Historique Loto de octobre 2008 à mars 2017
2009-10-31,23,39,36,27,30,2,0.0,Historique Loto de octobre 2008 à mars 2017
2009-11-02,17,34,23,40,9,9,0.0,Historique Loto de octobre 2008 à mars 2017
2009-11-04,33,18,19,22,23,1,0.0,Historique Loto de octobre 2008 à mars 2017
2009-11-07,1,41,13,3,18,1,9000000.0,Historique Loto de octobre 2008 à mars 2017
2009-11-09,3,2,29,48,1,9,0.0,Historique Loto de octobre 2008 à mars 2017
2009-11-11,41,47,22,17,7,6,0.0,Historique Loto de octobre 2008 à mars 2017
2009-11-14,39,16,47,28,24,9,2000000.0,Historique Loto de octobre 2008 à mars 2017
2009-11-16,20,32,36,19,27,7,0.0,Historique Loto de octobre 2008 à mars 2017
2009-11-18,24,20,22,19,1,6,3000000.0,Historique Loto de octobre 2008 à mars 2017
2009-11-21,20,33,46,40,12,6,0.0,Historique Loto de octobre 2008 à mars 2017
2009-11-23,13,12,3,37,30,8,0.0,Historique Loto de octobre 2008 à mars 2017
2009-11-25,14,33,39,15,11,6,0.0,Historique Loto de octobre 2008 à mars 2017
2009-11-28,35,37,41,15,39,4,0.0,Historique Loto de octobre 2008 à mars 2017
2009-11-30,12,43,7,23,27,6,0.0,Historique Loto de octobre 2008 à mars 2017
2009-12-02,10,47,20,28,21,6,0.0,Historique Loto de octobre 2008 à mars 2017
2009-12-05,28,22,7,16,39,7,2666667.0,Historique Loto de octobre 2008 à mars 2017
2009-12-07,20,42,43,33,19,5,0.0,Historique Loto de octobre 2008 à mars 2017
2009-12-09,1,31,11,22,23,1,0.0,Historique Loto de octobre 2008 à mars 2017
2009-12-12,4,30,13,18,39,1,0.0,Historique Loto de octobre 2008 à mars 2017
2009-12-14,46,8,26,13,38,2,0.0,Historique Loto de octobre 2008 à mars 2017
2009-12-16,39,15,23,49,30,5,0.0,Historique Loto de octobre 2008 à mars 2017
2009-12-19,40,15,16,6,9,6,7000000.0,Historique Loto de octobre 2008 à mars 2017
2009-12-21,38,42,28,3,27,9,0.0,Historique Loto de octobre 2008 à mars 2017
2009-12-23,24,44,18,17,15,6,6000000.0,Historique Loto de octobre 2008 à mars 2017
2009-12-26,7,6,41,25,16,5,0.0,Historique Loto de octobre 2008 à mars 2017
2009-12-28,23,12,15,27,46,6,0.0,Historique Loto de octobre 2008 à mars 2017
2009-12-30,21,39,5,2,15,10,0.0,Historique Loto de octobre 2008 à mars 2017
2010-01-02,43,5,23,49,17,4,0.0,Historique Loto de octobre 2008 à mars 2017
2010-01-04,33,21,41,18,32,9,0.0,Historique Loto de octobre 2008 à mars 2017
2010-01-06,19,49,31,44,38,3,10000000.0,Historique Loto de octobre 2008 à mars 2017
2010-01-09,35,4,14,23,46,7,0.0,Historique Loto de octobre 2008 à mars 2017
2010-01-11,24,20,31,36,6,4,0.0,Historique Loto de octobre 2008 à mars 2017
2010-01-13,31,4,14,37,7,8,4000000.0,Historique Loto de octobre 2008 à mars 2017
2010-01-16,21,38,32,3,33,10,0.0,Historique Loto de octobre 2008 à mars 2017
2010-01-18,8,7,22,28,38,10,0.0,Historique Loto de octobre 2008 à mars 2017
2010-01-20,13,37,48,45,28,9,4000000.0,Historique Loto de octobre 2008 à mars 2017
2010-01-23,24,39,2,13,48,1,0.0,Historique Loto de octobre 2008 à mars 2017
2010-01-25,6,8,31,45,36,9,0.0,Historique Loto de octobre 2008 à mars 2017
2010-01-27,10,15,43,45,5,9,0.0,Historique Loto de octobre 2008 à mars 2017
2010-01-30,44,26,18,21,47,3,0.0,Historique Loto de octobre 2008 à mars 2017
2010-02-01,29,1,39,40,18,2,0.0,Historique Loto de octobre 2008 à mars 2017
2010-02-03,44,48,7,30,13,7,0.0,Historique Loto de octobre 2008 à mars 2017
2010-02-06,16,37,18,5,34,5,0.0,Historique Loto de octobre 2008 à mars 2017
2010-02-08,36,13,24,7,42,4,9000000.0,Historique Loto de octobre 2008 à mars 2017
2010-02-10,6,45,19,12,11,10,0.0,Historique Loto de octobre 2008 à mars 2017
2010-02-13,1,7,38,3,14,5,6000000.0,Historique Loto de octobre 2008 à mars 2017
2010-02-15,48,39,24,8,15,8,1000000.0,Historique Loto de octobre 2008 à mars 2017
2010-02-17,23,40,26,22,29,5,0.0,Historique Loto de octobre 2008 à mars 2017
2010-02-20,34,49,36,39,23,8,0.0,Historique Loto de octobre 2008 à mars 2017
2010-02-22,41,48,18,11,24,2,0.0,Historique Loto de octobre 2008 à mars 2017
2010-02-24,45,2,1,27,31,8,0.0,Historique Loto de octobre 2008 à mars 2017
2010-02-27,13,40,2,10,35,1,6000000.0,Historique Loto de octobre 2008 à mars 2017
2010-03-01,19,11,8,48,49,7,0.0,Historique Loto de octobre 2008 à mars 2017
2010-03-03,17,37,23,25,2,7,0.0,Historique Loto de octobre 2008 à mars 2017
2010-03-06,5,18,26,9,36,9,0.0,Historique Loto de octobre 2008 à mars 2017
2010-03-08,23,11,43,49,10,10,0.0,Historique Loto de octobre 2008 à mars 2017
2010-03-10,36,13,44,1,48,2,0.0,Historique Loto de octobre 2008 à mars 2017
2010-03-13,32,37,16,6,8,7,0.0,Historique Loto de octobre 2008 à mars 2017
2010-03-15,18,15,1,4,38,6,0.0,Historique Loto de octobre 2008 à mars 2017
2010-03-17,46,1,24,18,9,7,12000000.0,Historique Loto de octobre 2008 à mars 2017
2010-03-20,15,36,28,49,2,3,0.0,Historique Loto de octobre 2008 à mars 2017
2010-03-22,44,34,25,47,29,9,0.0,Historique Loto de octobre 2008 à mars 2017
2010-03-24,28,9,35,8,42,6,0.0,Historique Loto de octobre 2008 à mars 2017
2010-03-27,43,42,9,21,46,6,0.0,Historique Loto de octobre 2008 à mars 2017
2010-03-29,2,44,41,34,46,2,0.0,Historique Loto de octobre 2008 à mars 2017
2010-03-31,46,28,21,39,49,1,7000000.0,Historique Loto de octobre 2008 à mars 2017
2010-04-03,35,39,20,48,42,2,0.0,Historique Loto de octobre 2008 à mars 2017
2010-04-05,17,18,36,21,47,6,0.0,Historique Loto de octobre 2008 à mars 2017
2010-04-07,28,11,2,33,43,1,0.0,Historique Loto de octobre 2008 à mars 2017
2010-04-10,33,13,49,36,22,4,2500000.0,Historique Loto de octobre 2008 à mars 2017
2010-04-12,4,36,11,31,46,10,0.0,Historique Loto de octobre 2008 à mars 2017
2010-04-14,9,12,29,2,21,7,3000000.0,Historique Loto de octobre 2008 à mars 2017
2010-04-17,24,42,16,9,32,3,2000000.0,Historique Loto de octobre 2008 à mars 2017
2010-04-19,44,22,17,38,2,8,0.0,Historique Loto de octobre 2008 à mars 2017
2010-04-21,24,26,35,9,1,4,3000000.0,Historique Loto de octobre 2008 à mars 2017
2010-04-24,17,34,27,3,41,4,5000000.0,Historique Loto de octobre 2008 à mars 2017
2010-04-26,29,24,4,46,7,10,0.0,Historique Loto de octobre 2008 à mars 2017
2010-04-28,34,49,9,25,38,1,0.0,Historique Loto de octobre 2008 à mars 2017
2010-05-01,39,28,3,42,6,5,0.0,Historique Loto de octobre 2008 à mars 2017
2010-05-03,8,11,12,26,48,6,0.0,Historique Loto de octobre 2008 à mars 2017
2010-05-05,10,30,18,27,4,1,6000000.0,Historique Loto de octobre 2008 à mars 2017
2010-05-08,16,29,31,39,1,2,0.0,Historique Loto de octobre 2008 à mars 2017
2010-05-10,41,4,35,33,10,5,0.0,Historique Loto de octobre 2008 à mars 2017
2010-05-12,28,22,27,14,23,4,0.0,Historique Loto de octobre 2008 à mars 2017
2010-05-15,32,31,44,27,9,8,0.0,Historique Loto de octobre 2008 à mars 2017
2010-05-17,9,27,26,29,36,5,0.0,Historique Loto de octobre 2008 à mars 2017
2010-05-19,24,12,17,38,30,7,7000000.0,Historique Loto de octobre 2008 à mars 2017
2010-05-22,2,48,40,46,17,10,0.0,Historique Loto de octobre 2008 à mars 2017
2010-05-24,8,35,29,12,3,1,0.0,Historique Loto de octobre 2008 à mars 2017
2010-05-26,47,3,35,22,6,1,0.0,Historique Loto de octobre 2008 à mars 2017
2010-05-29,33,21,49,26,46,1,0.0,Historique Loto de octobre 2008 à mars 2017
2010-05-31,46,49,32,5,33,1,0.0,Historique Loto de octobre 2008 à mars 2017
2010-06-02,43,11,14,23,17,10,0.0,Historique Loto de octobre 2008 à mars 2017
2010-06-05,37,43,31,45,22,5,0.0,Historique Loto de octobre 2008 à mars 2017
2010-06-07,29,48,42,28,26,1,0.0,Historique Loto de octobre 2008 à mars 2017
2010-06-09,14,48,44,24,20,10,0.0,Historique Loto de octobre 2008 à mars 2017
2010-06-12,30,43,48,24,15,7,7000000.0,Historique Loto de octobre 2008 à mars 2017
2010-06-14,15,48,23,49,45,2,0.0,Historique Loto de octobre 2008 à mars 2017
2010-06-16,40,48,15,9,3,10,0.0,Historique Loto de octobre 2008 à mars 2017
2010-06-19,21,23,19,36,49,4,0.0,Historique Loto de octobre 2008 à mars 2017
2010-06-21,45,35,24,37,48,2,0.0,Historique Loto de octobre 2008 à mars 2017
2010-06-23,16,27,41,1,35,1,6000000.0,Historique Loto de octobre 2008 à mars 2017
2010-06-26,47,16,11,37,7,10,0.0,Historique Loto de octobre 2008 à mars 2017
2010-06-28,41,49,42,19,12,8,0.0,Historique Loto de octobre 2008 à mars 2017
2010-06-30,14,44,28,18,17,2,0.0,Historique Loto de octobre 2008 à mars 2017
2010-07-03,10,46,2,33,28,8,0.0,Historique Loto de octobre 2008 à mars 2017
2010-07-05,39,33,43,22,31,10,0.0,Historique Loto de octobre 2008 à mars 2017
2010-07-07,20,47,49,26,31,10,0.0,Historique Loto de octobre 2008 à mars 2017
2010-07-10,27,32,12,42,30,7,0.0,Historique Loto de octobre 2008 à mars 2017
2010-07-12,47,11,15,24,38,6,0.0,Historique Loto de octobre 2008 à mars 2017
2010-07-14,48,30,5,26,11,1,0.0,Historique Loto de octobre 2008 à mars 2017
2010-07-17,32,28,47,20,22,6,0.0,Historique Loto de octobre 2008 à mars 2017
2010-07-19,27,24,16,10,47,5,0.0,Historique Loto de octobre 2008 à mars 2017
2010-07-21,43,45,21,3,9,1,0.0,Historique Loto de octobre 2008 à mars 2017
2010-07-24,18,43,16,7,33,5,14000000.0,Historique Loto de octobre 2008 à mars 2017
2010-07-26,4,42,37,23,43,7,0.0,Historique Loto de octobre 2008 à mars 2017
2010-07-28,25,37,7,10,47,10,3000000.0,Historique Loto de octobre 2008 à mars 2017
2010-07-31,2,25,44,28,8,4,0.0,Historique Loto de octobre 2008 à mars 2017
2010-08-02,16,32,44,38,37,3,0.0,Historique Loto de octobre 2008 à mars 2017
2010-08-04,32,8,46,22,9,8,0.0,Historique Loto de octobre 2008 à mars 2017
2010-08-07,43,6,46,27,5,7,5000000.0,Historique Loto de octobre 2008 à mars 2017
2010-08-09,7,15,18,8,25,6,2000000.0,Historique Loto de octobre 2008 à mars 2017
2010-08-11,7,22,8,26,5,2,0.0,Historique Loto de octobre 2008 à mars 2017
2010-08-14,21,27,9,49,11,5,2000000.0,Historique Loto de octobre 2008 à mars 2017
2010-08-16,13,22,40,28,31,9,0.0,Historique Loto de octobre 2008 à mars 2017
2010-08-18,49,43,46,27,23,6,0.0,Historique Loto de octobre 2008 à mars 2017
2010-08-21,8,44,14,48,29,7,0.0,Historique Loto de octobre 2008 à mars 2017
2010-08-23,49,41,9,28,16,5,0.0,Historique Loto de octobre 2008 à mars 2017
2010-08-25,39,49,23,19,36,3,0.0,Historique Loto de octobre 2008 à mars 2017
2010-08-28,13,16,18,20,19,2,0.0,Historique Loto de octobre 2008 à mars 2017
2010-08-30,22,49,28,3,16,4,0.0,Historique Loto de octobre 2008 à mars 2017
2010-09-01,20,39,33,21,16,2,0.0,Historique Loto de octobre 2008 à mars 2017
2010-09-04,11,42,9,49,15,3,10000000.0,Historique Loto de octobre 2008 à mars 2017
2010-09-06,29,22,17,19,43,8,0.0,Historique Loto de octobre 2008 à mars 2017
2010-09-08,24,47,21,44,13,3,3000000.0,Historique Loto de octobre 2008 à mars 2017
2010-09-11,36,41,45,13,7,5,0.0,Historique Loto de octobre 2008 à mars 2017
2010-09-13,33,39,25,43,8,8,0.0,Historique Loto de octobre 2008 à mars 2017
2010-09-15,40,1,30,8,38,6,4000000.0,Historique Loto de octobre 2008 à mars 2017
2010-09-18,7,43,33,11,1,1,0.0,Historique Loto de octobre 2008 à mars 2017
2010-09-20,1,37,25,45,17,9,0.0,Historique Loto de octobre 2008 à mars 2017
2010-09-22,37,38,2,14,17,1,0.0,Historique Loto de octobre 2008 à mars 2017
2010-09-25,42,5,12,29,21,2,5000000.0,Historique Loto de octobre 2008 à mars 2017
2010-09-27,15,1,23,22,46,9,0.0,Historique Loto de octobre 2008 à mars 2017
2010-09-29,41,32,33,25,26,3,0.0,Historique Loto de octobre 2008 à mars 2017
2010-10-02,35,13,16,41,7,1,0.0,Historique Loto de octobre 2008 à mars 2017
2010-10-04,7,46,31,29,9,8,0.0,Historique Loto de octobre 2008 à mars 2017
2010-10-06,33,6,43,25,37,1,0.0,Historique Loto de octobre 2008 à mars 2017
2010-10-09,17,43,23,2,26,3,0.0,Historique Loto de octobre 2008 à mars 2017
2010-10-11,9,20,35,4,1,8,8000000.0,Historique Loto de octobre 2008 à mars 2017
2010-10-13,33,22,9,44,25,3,2000000.0,Historique Loto de octobre 2008 à mars 2017
2010-10-16,37,22,46,13,1,9,0.0,Historique Loto de octobre 2008 à mars 2017
2010-10-18,1,31,38,26,29,5,0.0,Historique Loto de octobre 2008 à mars 2017
2010-10-20,13,24,33,18,11,7,0.0,Historique Loto de octobre 2008 à mars 2017
2010-10-23,47,49,9,16,14,7,0.0,Historique Loto de octobre 2008 à mars 2017
2010-10-25,4,36,40,10,41,10,0.0,Historique Loto de octobre 2008 à mars 2017
2010-10-27,32,13,15,46,3,5,0.0,Historique Loto de octobre 2008 à mars 2017
2010-10-30,38,35,4,22,14,5,8000000.0,Historique Loto de octobre 2008 à mars 2017
2010-11-01,17,24,28,1,15,10,0.0,Historique Loto de octobre 2008 à mars 2017
2010-11-03,46,33,15,6,49,1,0.0,Historique Loto de octobre 2008 à mars 2017
2010-11-06,24,19,35,7,42,3,0.0,Historique Loto de octobre 2008 à mars 2017
2010-11-08,35,6,9,14,47,9,8000000.0,Historique Loto de octobre 2008 à mars 2017
2010-11-10,47,48,20,39,16,4,0.0,Historique Loto de octobre 2008 à mars 2017
2010-11-13,5,17,25,38,29,2,0.0,Historique Loto de octobre 2008 à mars 2017
2010-11-15,33,47,14,20,17,1,0.0,Historique Loto de octobre 2008 à mars 2017
2010-11-17,30,38,4,9,46,10,0.0,Historique Loto de octobre 2008 à mars 2017
2010-11-20,27,12,11,29,1,2,0.0,Historique Loto de octobre 2008 à mars 2017
2010-11-22,4,21,17,23,26,2,0.0,Historique Loto de octobre 2008 à mars 2017
2010-11-24,32,20,22,47,14,5,8000000.0,Historique Loto de octobre 2008 à mars 2017
2010-11-27,9,43,15,44,10,5,2000000.0,Historique Loto de octobre 2008 à mars 2017
2010-11-29,15,23,16,41,30,8,0.0,Historique Loto de octobre 2008 à mars 2017
2010-12-01,34,14,32,31,46,3,0.0,Historique Loto de octobre 2008 à mars 2017
2010-12-04,33,12,24,7,15,6,0.0,Historique Loto de octobre 2008 à mars 2017
2010-12-06,13,30,33,25,36,9,5000000.0,Historique Loto de octobre 2008 à mars 2017
2010-12-08,19,15,44,4,24,1,0.0,Historique Loto de octobre 2008 à mars 2017
2010-12-11,38,3,9,11,28,1,3000000.0,Historique Loto de octobre 2008 à mars 2017
2010-12-13,6,14,49,40,9,3,0.0,Historique Loto de octobre 2008 à mars 2017
2010-12-15,37,6,16,28,4,8,0.0,Historique Loto de octobre 2008 à mars 2017
2010-12-18,35,41,40,11,22,7,0.0,Historique Loto de octobre 2008 à mars 2017
2010-12-20,32,23,9,6,13,4,0.0,Historique Loto de octobre 2008 à mars 2017
2010-12-22,8,18,36,1,29,9,6000000.0,Historique Loto de octobre 2008 à mars 2017
2010-12-25,16,30,29,7,10,5,2000000.0,Historique Loto de octobre 2008 à mars 2017
2010-12-27,30,44,42,39,13,9,0.0,Historique Loto de octobre 2008 à mars 2017
2010-12-29,47,15,46,29,11,3,3000000.0,Historique Loto de octobre 2008 à mars 2017
2011-01-01,43,49,46,34,11,3,0.0,Historique Loto de octobre 2008 à mars 2017
2011-01-03,34,37,10,18,30,2,0.0,Historique Loto de octobre 2008 à mars 2017
2011-01-05,27,47,4,5,32,5,0.0,Historique Loto de octobre 2008 à mars 2017
2011-01-08,47,34,12,30,31,10,0.0,Historique Loto de octobre 2008 à mars 2017
2011-01-10,35,33,40,37,11,4,0.0,Historique Loto de octobre 2008 à mars 2017
2011-01-12,41,40,30,28,17,7,0.0,Historique Loto de octobre 2008 à mars 2017
2011-01-15,26,43,6,36,29,8,0.0,Historique Loto de octobre 2008 à mars 2017
2011-01-17,48,49,36,24,21,5,0.0,Historique Loto de octobre 2008 à mars 2017
2011-01-19,36,4,12,13,1,4,0.0,Historique Loto de octobre 2008 à mars 2017
2011-01-22,13,27,6,31,8,7,0.0,Historique Loto de octobre 2008 à mars 2017
2011-01-24,3,39,6,48,9,4,0.0,Historique Loto de octobre 2008 à mars 2017
2011-01-26,23,45,6,48,17,1,0.0,Historique Loto de octobre 2008 à mars 2017
2011-01-29,14,33,44,31,12,8,14000000.0,Historique Loto de octobre 2008 à mars 2017
2011-01-31,20,10,13,43,3,5,2000000.0,Historique Loto de octobre 2008 à mars 2017
2011-02-02,27,6,44,23,22,3,0.0,Historique Loto de octobre 2008 à mars 2017
2011-02-05,31,22,37,6,1,7,3000000.0,Historique Loto de octobre 2008 à mars 2017
2011-02-07,6,8,49,35,25,1,0.0,Historique Loto de octobre 2008 à mars 2017
2011-02-09,15,31,41,27,43,7,0.0,Historique Loto de octobre 2008 à mars 2017
2011-02-12,13,38,2,45,4,2,4000000.0,Historique Loto de octobre 2008 à mars 2017
2011-02-14,31,35,40,9,48,1,5000000.0,Historique Loto de octobre 2008 à mars 2017
2011-02-16,44,35,32,8,33,9,0.0,Historique Loto de octobre 2008 à mars 2017
2011-02-19,25,2,49,32,1,6,0.0,Historique Loto de octobre 2008 à mars 2017
2011-02-21,36,20,21,9,46,6,0.0,Historique Loto de octobre 2008 à mars 2017
2011-02-23,5,2,33,21,28,10,5000000.0,Historique Loto de octobre 2008 à mars 2017
2011-02-26,35,24,10,26,48,1,0.0,Historique Loto de octobre 2008 à mars 2017
2011-02-28,20,49,40,17,31,6,0.0,Historique Loto de octobre 2008 à mars 2017
2011-03-02,20,22,40,2,3,7,0.0,Historique Loto de octobre 2008 à mars 2017
2011-03-05,11,45,44,27,31,2,5000000.0,Historique Loto de octobre 2008 à mars 2017
2011-03-07,7,38,23,9,17,5,2000000.0,Historique Loto de octobre 2008 à mars 2017
2011-03-09,9,43,3,29,15,8,0.0,Historique Loto de octobre 2008 à mars 2017
2011-03-12,15,34,22,33,16,9,3000000.0,Historique Loto de octobre 2008 à mars 2017
2011-03-14,32,38,36,34,27,7,2000000.0,Historique Loto de octobre 2008 à mars 2017
2011-03-16,23,20,32,7,14,4,0.0,Historique Loto de octobre 2008 à mars 2017
2011-03-19,26,10,11,23,1,8,3000000.0,Historique Loto de octobre 2008 à mars 2017
2011-03-21,28,23,3,40,31,1,0.0,Historique Loto de octobre 2008 à mars 2017
2011-03-23,13,4,24,21,10,5,3000000.0,Historique Loto de octobre 2008 à mars 2017
2011-03-26,17,26,34,4,30,9,0.0,Historique Loto de octobre 2008 à mars 2017
2011-03-28,15,10,16,46,43,1,0.0,Historique Loto de octobre 2008 à mars 2017
2011-03-30,15,23,27,43,29,10,0.0,Historique Loto de octobre 2008 à mars 2017
2011-04-02,5,24,7,46,35,3,0.0,Historique Loto de octobre 2008 à mars 2017
2011-04-04,12,23,37,13,10,7,12000000.0,Historique Loto de octobre 2008 à mars 2017
2011-04-06,12,19,1,32,44,3,0.0,Historique Loto de octobre 2008 à mars 2017
2011-04-09,6,20,31,22,41,8,0.0,Historique Loto de octobre 2008 à mars 2017
2011-04-11,13,47,22,3,32,6,0.0,Historique Loto de octobre 2008 à mars 2017
2011-04-13,38,6,33,43,23,1,5000000.0,Historique Loto de octobre 2008 à mars 2017
2011-04-16,17,35,24,47,6,8,2000000.0,Historique Loto de octobre 2008 à mars 2017
2011-04-18,6,10,22,7,21,5,1000000.0,Historique Loto de octobre 2008 à mars 2017
2011-04-20,15,41,18,17,33,9,0.0,Historique Loto de octobre 2008 à mars 2017
2011-04-23,40,21,28,32,8,9,3000000.0,Historique Loto de octobre 2008 à mars 2017
2011-04-25,18,2,21,34,10,2,0.0,Historique Loto de octobre 2008 à mars 2017
2011-04-27,5,26,14,28,23,6,3000000.0,Historique Loto de octobre 2008 à mars 2017
2011-04-30,8,49,42,9,2,3,0.0,Historique Loto de octobre 2008 à mars 2017
2011-05-02,25,23,4,1,40,2,0.0,Historique Loto de octobre 2008 à mars 2017
2011-05-04,44,29,11,7,13,2,0.0,Historique Loto de octobre 2008 à mars 2017
2011-05-07,42,28,37,38,3,8,0.0,Historique Loto de octobre 2008 à mars 2017
2011-05-09,13,48,3,26,22,7,6000000.0,Historique Loto de octobre 2008 à mars 2017
2011-05-11,45,14,26,28,38,5,2000000.0,Historique Loto de octobre 2008 à mars 2017
2011-05-14,38,31,35,42,3,8,0.0,Historique Loto de octobre 2008 à mars 2017
2011-05-16,41,43,9,11,46,8,0.0,Historique Loto de octobre 2008 à mars 2017
2011-05-18,27,23,16,17,47,1,0.0,Historique Loto de octobre 2008 à mars 2017
2011-05-21,27,15,35,5,14,10,0.0,Historique Loto de octobre 2008 à mars 2017
2011-05-23,15,29,38,19,33,3,0.0,Historique Loto de octobre 2008 à mars 2017
2011-05-25,14,45,34,27,38,3,0.0,Historique Loto de octobre 2008 à mars 2017
2011-05-28,2,5,3,1,43,9,0.0,Historique Loto de octobre 2008 à mars 2017
2011-05-30,14,22,47,20,21,9,0.0,Historique Loto de octobre 2008 à mars 2017
2011-06-01,30,45,32,25,26,5,0.0,Historique Loto de octobre 2008 à mars 2017
2011-06-04,35,4,27,15,3,2,0.0,Historique Loto de octobre 2008 à mars 2017
2011-06-06,10,30,45,22,13,1,24000000.0,Historique Loto de octobre 2008 à mars 2017
2011-06-08,20,16,40,11,24,5,1000000.0,Historique Loto de octobre 2008 à mars 2017
2011-06-11,39,32,44,37,5,5,0.0,Historique Loto de octobre 2008 à mars 2017
2011-06-13,22,3,18,17,28,6,0.0,Historique Loto de octobre 2008 à mars 2017
2011-06-15,47,41,9,37,36,8,0.0,Historique Loto de octobre 2008 à mars 2017
2011-06-18,9,12,43,46,33,10,0.0,Historique Loto de octobre 2008 à mars 2017
2011-06-20,27,2,23,8,36,9,0.0,Historique Loto de octobre 2008 à mars 2017
2011-06-22,33,21,26,28,22,5,0.0,Historique Loto de octobre 2008 à mars 2017
2011-06-25,39,43,10,17,6,3,0.0,Historique Loto de octobre 2008 à mars 2017
2011-06-27,43,5,14,20,12,3,0.0,Historique Loto de octobre 2008 à mars 2017
2011-06-29,38,11,37,1,18,4,0.0,Historique Loto de octobre 2008 à mars 2017
2011-07-02,49,11,26,1,7,5,0.0,Historique Loto de octobre 2008 à mars 2017
2011-07-04,14,46,31,25,37,4,0.0,Historique Loto de octobre 2008 à mars 2017
2011-07-06,9,33,10,24,3,6,15000000.0,Historique Loto de octobre 2008 à mars 2017
2011-07-09,15,4,31,45,44,6,0.0,Historique Loto de octobre 2008 à mars 2017
2011-07-11,7,43,23,48,47,9,0.0,Historique Loto de octobre 2008 à mars 2017
2011-07-13,4,46,41,12,16,6,0.0,Historique Loto de octobre 2008 à mars 2017
2011-07-16,27,35,42,18,37,3,0.0,Historique Loto de octobre 2008 à mars 2017
2011-07-18,19,5,38,47,26,7,0.0,Historique Loto de octobre 2008 à mars 2017
2011-07-20,26,45,18,23,6,6,7000000.0,Historique Loto de octobre 2008 à mars 2017
2011-07-23,43,32,18,13,46,5,2000000.0,Historique Loto de octobre 2008 à mars 2017
2011-07-25,38,22,3,11,41,7,0.0,Historique Loto de octobre 2008 à mars 2017
2011-07-27,6,11,7,5,4,10,3000000.0,Historique Loto de octobre 2008 à mars 2017
2011-07-30,8,41,20,46,12,1,0.0,Historique Loto de octobre 2008 à mars 2017
2011-08-01,32,37,43,10,25,3,0.0,Historique Loto de octobre 2008 à mars 2017
2011-08-03,20,4,19,17,5,10,0.0,Historique Loto de octobre 2008 à mars 2017
2011-08-06,17,13,15,4,39,4,0.0,Historique Loto de octobre 2008 à mars 2017
2011-08-08,18,12,1,26,30,9,0.0,Historique Loto de octobre 2008 à mars 2017
2011-08-10,28,4,27,29,38,2,0.0,Historique Loto de octobre 2008 à mars 2017
2011-08-13,3,13,4,41,5,9,8000000.0,Historique Loto de octobre 2008 à mars 2017
2011-08-15,23,3,8,4,1,8,1000000.0,Historique Loto de octobre 2008 à mars 2017
2011-08-17,8,49,29,45,3,9,0.0,Historique Loto de octobre 2008 à mars 2017
2011-08-20,21,40,49,31,22,4,0.0,Historique Loto de octobre 2008 à mars 2017
2011-08-22,40,36,38,44,17,1,0.0,Historique Loto de octobre 2008 à mars 2017
2011-08-24,3,36,47,4,17,4,0.0,Historique Loto de octobre 2008 à mars 2017
2011-08-27,27,21,19,13,45,2,0.0,Historique Loto de octobre 2008 à mars 2017
2011-08-29,46,30,12,3,10,2,0.0,Historique Loto de octobre 2008 à mars 2017
2011-08-31,7,42,39,9,5,3,0.0,Historique Loto de octobre 2008 à mars 2017
2011-09-03,42,41,7,13,47,5,0.0,Historique Loto de octobre 2008 à mars 2017
2011-09-05,7,17,22,10,23,5,10000000.0,Historique Loto de octobre 2008 à mars 2017
2011-09-07,13,40,41,3,12,7,0.0,Historique Loto de octobre 2008 à mars 2017
2011-09-10,15,1,28,24,10,5,3000000.0,Historique Loto de octobre 2008 à mars 2017
2011-09-12,13,45,18,32,30,2,0.0,Historique Loto de octobre 2008 à mars 2017
2011-09-14,14,42,5,16,11,3,1500000.0,Historique Loto de octobre 2008 à mars 2017
2011-09-17,15,40,1,23,2,4,0.0,Historique Loto de octobre 2008 à mars 2017
2011-09-19,13,1,27,48,35,7,0.0,Historique Loto de octobre 2008 à mars 2017
2011-09-21,40,20,46,19,16,4,4000000.0,Historique Loto de octobre 2008 à mars 2017
2011-09-24,36,4,41,33,40,6,0.0,Historique Loto de octobre 2008 à mars 2017
2011-09-26,11,44,33,4,49,9,0.0,Historique Loto de octobre 2008 à mars 2017
2011-09-28,16,42,36,3,8,3,0.0,Historique Loto de octobre 2008 à mars 2017
2011-10-01,25,38,14,32,15,3,5000000.0,Historique Loto de octobre 2008 à mars 2017
2011-10-03,40,28,27,12,4,1,2000000.0,Historique Loto de octobre 2008 à mars 2017
2011-10-05,20,2,7,42,27,5,0.0,Historique Loto de octobre 2008 à mars 2017
2011-10-08,31,44,21,30,22,7,0.0,Historique Loto de octobre 2008 à mars 2017
2011-10-10,15,47,16,45,3,7,0.0,Historique Loto de octobre 2008 à mars 2017
2011-10-12,12,9,20,30,25,5,0.0,Historique Loto de octobre 2008 à mars 2017
2011-10-15,13,37,27,5,39,3,0.0,Historique Loto de octobre 2008 à mars 2017
2011-10-17,14,13,18,4,48,10,0.0,Historique Loto de octobre 2008 à mars 2017
2011-10-19,38,35,23,3,44,8,0.0,Historique Loto de octobre 2008 à mars 2017
2011-10-22,45,44,32,29,6,7,0.0,Historique Loto de octobre 2008 à mars 2017
2011-10-24,15,18,17,5,31,7,0.0,Historique Loto de octobre 2008 à mars 2017
2011-10-26,35,6,2,3,20,1,0.0,Historique Loto de octobre 2008 à mars 2017
2011-10-29,12,17,46,42,38,8,0.0,Historique Loto de octobre 2008 à mars 2017
2011-10-31,24,13,47,37,21,7,13000000.0,Historique Loto de octobre 2008 à mars 2017
2011-11-02,2,38,44,35,42,9,0.0,Historique Loto de octobre 2008 à mars 2017
2011-11-05,38,2,13,32,20,10,0.0,Historique Loto de octobre 2008 à mars 2017
2011-11-07,18,47,11,2,30,5,0.0,Historique Loto de octobre 2008 à mars 2017
2011-11-09,17,8,23,12,37,2,0.0,Historique Loto de octobre 2008 à mars 2017
2011-11-12,44,48,13,33,12,7,0.0,Historique Loto de octobre 2008 à mars 2017
2011-11-14,25,43,18,22,3,7,7000000.0,Historique Loto de octobre 2008 à mars 2017
2011-11-16,37,41,27,17,12,10,0.0,Historique Loto de octobre 2008 à mars 2017
2011-11-19,45,37,22,33,34,5,0.0,Historique Loto de octobre 2008 à mars 2017
2011-11-21,46,33,31,49,18,1,0.0,Historique Loto de octobre 2008 à mars 2017
2011-11-23,39,16,6,10,21,5,0.0,Historique Loto de octobre 2008 à mars 2017
2011-11-26,47,31,16,3,39,1,0.0,Historique Loto de octobre 2008 à mars 2017
2011-11-28,11,24,1,15,2,9,7000000.0,Historique Loto de octobre 2008 à mars 2017
2011-11-30,29,2,42,49,4,2,0.0,Historique Loto de octobre 2008 à mars 2017
2011-12-03,31,6,49,34,26,1,3000000.0,Historique Loto de octobre 2008 à mars 2017
2011-12-05,43,47,38,36,30,5,0.0,Historique Loto de octobre 2008 à mars 2017
2011-12-07,32,35,31,48,8,1,0.0,Historique Loto de octobre 2008 à mars 2017
2011-12-10,14,43,26,30,28,8,0.0,Historique Loto de octobre 2008 à mars 2017
2011-12-12,48,29,1,25,16,1,0.0,Historique Loto de octobre 2008 à mars 2017
2011-12-14,42,14,21,33,48,1,3000000.0,Historique Loto de octobre 2008 à mars 2017
2011-12-17,41,9,37,38,34,5,0.0,Historique Loto de octobre 2008 à mars 2017
2011-12-19,42,23,13,35,26,5,3000000.0,Historique Loto de octobre 2008 à mars 2017
2011-12-21,27,42,33,45,37,2,0.0,Historique Loto de octobre 2008 à mars 2017
2011-12-24,7,10,28,11,12,8,3500000.0,Historique Loto de octobre 2008 à mars 2017
2011-12-26,36,43,42,23,28,4,0.0,Historique Loto de octobre 2008 à mars 2017
2011-12-28,39,41,16,31,36,5,0.0,Historique Loto de octobre 2008 à mars 2017
2011-12-31,32,35,17,28,2,2,0.0,Historique Loto de octobre 2008 à mars 2017
2012-01-02,3,36,30,16,24,9,0.0,Historique Loto de octobre 2008 à mars 2017
2012-01-04,10,23,2,43,34,5,0.0,Historique Loto de octobre 2008 à mars 2017
2012-01-07,1,6,12,10,8,8,5000000.0,Historique Loto de octobre 2008 à mars 2017
2012-01-09,34,15,26,25,32,4,0.0,Historique Loto de octobre 2008 à mars 2017
2012-01-11,9,7,44,36,23,7,0.0,Historique Loto de octobre 2008 à mars 2017
2012-01-14,1,38,19,49,29,8,0.0,Historique Loto de octobre 2008 à mars 2017
2012-01-16,39,36,29,47,38,8,0.0,Historique Loto de octobre 2008 à mars 2017
2012-01-18,21,9,33,13,42,4,0.0,Historique Loto de octobre 2008 à mars 2017
2012-01-21,36,23,1,31,17,4,0.0,Historique Loto de octobre 2008 à mars 2017
2012-01-23,39,44,48,20,25,6,0.0,Historique Loto de octobre 2008 à mars 2017
2012-01-25,2,23,8,30,48,5,3500000.0,Historique Loto de octobre 2008 à mars 2017
2012-01-28,23,12,47,15,18,6,0.0,Historique Loto de octobre 2008 à mars 2017
2012-01-30,22,40,1,35,32,8,0.0,Historique Loto de octobre 2008 à mars 2017
2012-02-01,16,5,49,43,2,7,0.0,Historique Loto de octobre 2008 à mars 2017
2012-02-04,38,32,10,17,9,3,0.0,Historique Loto de octobre 2008 à mars 2017
2012-02-06,15,49,24,13,29,3,0.0,Historique Loto de octobre 2008 à mars 2017
2012-02-08,27,19,12,37,15,3,0.0,Historique Loto de octobre 2008 à mars 2017
2012-02-11,11,12,46,32,36,6,0.0,Historique Loto de octobre 2008 à mars 2017
2012-02-13,23,9,22,24,36,5,9000000.0,Historique Loto de octobre 2008 à mars 2017
2012-02-15,11,36,10,22,31,1,0.0,Historique Loto de octobre 2008 à mars 2017
2012-02-18,49,48,5,17,47,6,0.0,Historique Loto de octobre 2008 à mars 2017
2012-02-20,34,31,9,3,35,5,0.0,Historique Loto de octobre 2008 à mars 2017
2012-02-22,43,33,39,11,31,10,0.0,Historique Loto de octobre 2008 à mars 2017
2012-02-25,8,7,19,4,27,1,0.0,Historique Loto de octobre 2008 à mars 2017
2012-02-27,45,41,33,8,23,1,0.0,Historique Loto de octobre 2008 à mars 2017
2012-02-29,14,27,11,17,35,4,0.0,Historique Loto de octobre 2008 à mars 2017
2012-03-03,2,24,3,39,27,8,0.0,Historique Loto de octobre 2008 à mars 2017
2012-03-05,31,30,28,34,17,3,0.0,Historique Loto de octobre 2008 à mars 2017
2012-03-07,6,39,31,22,16,7,0.0,Historique Loto de octobre 2008 à mars 2017
2012-03-10,2,40,4,44,37,5,0.0,Historique Loto de octobre 2008 à mars 2017
2012-03-12,48,25,16,46,14,10,0.0,Historique Loto de octobre 2008 à mars 2017
2012-03-14,13,7,31,36,43,9,0.0,Historique Loto de octobre 2008 à mars 2017
2012-03-17,32,14,49,23,13,1,0.0,Historique Loto de octobre 2008 à mars 2017
2012-03-19,10,28,4,11,15,4,0.0,Historique Loto de octobre 2008 à mars 2017
2012-03-21,8,14,43,37,48,5,17000000.0,Historique Loto de octobre 2008 à mars 2017
2012-03-24,48,8,18,13,11,8,0.0,Historique Loto de octobre 2008 à mars 2017
2012-03-26,36,14,49,29,13,6,0.0,Historique Loto de octobre 2008 à mars 2017
2012-03-28,15,20,45,17,4,9,0.0,Historique Loto de octobre 2008 à mars 2017
2012-03-31,16,25,1,26,2,9,5000000.0,Historique Loto de octobre 2008 à mars 2017
2012-04-02,33,23,3,19,39,2,0.0,Historique Loto de octobre 2008 à mars 2017
2012-04-04,36,40,27,38,11,8,3000000.0,Historique Loto de octobre 2008 à mars 2017
2012-04-07,46,19,45,42,47,8,0.0,Historique Loto de octobre 2008 à mars 2017
2012-04-09,26,14,31,33,2,10,0.0,Historique Loto de octobre 2008 à mars 2017
2012-04-11,49,27,15,29,19,1,0.0,Historique Loto de octobre 2008 à mars 2017
2012-04-14,1,22,45,40,3,1,0.0,Historique Loto de octobre 2008 à mars 2017
2012-04-16,2,21,13,1,16,2,0.0,Historique Loto de octobre 2008 à mars 2017
2012-04-18,34,5,3,20,24,3,0.0,Historique Loto de octobre 2008 à mars 2017
2012-04-21,41,3,48,31,18,10,0.0,Historique Loto de octobre 2008 à mars 2017
2012-04-23,33,9,34,45,24,6,0.0,Historique Loto de octobre 2008 à mars 2017
2012-04-25,44,15,20,30,29,7,0.0,Historique Loto de octobre 2008 à mars 2017
2012-04-28,48,22,10,2,37,4,0.0,Historique Loto de octobre 2008 à mars 2017
2012-04-30,39,22,32,18,4,4,0.0,Historique Loto de octobre 2008 à mars 2017
2012-05-02,35,26,29,3,38,1,0.0,Historique Loto de octobre 2008 à mars 2017
2012-05-05,21,10,37,8,11,9,0.0,Historique Loto de octobre 2008 à mars 2017
2012-05-07,21,13,26,46,12,10,0.0,Historique Loto de octobre 2008 à mars 2017
2012-05-09,36,26,18,41,32,4,0.0,Historique Loto de octobre 2008 à mars 2017
2012-05-12,6,34,22,20,19,5,0.0,Historique Loto de octobre 2008 à mars 2017
2012-05-14,26,11,3,22,43,6,0.0,Historique Loto de octobre 2008 à mars 2017
2012-05-16,21,49,22,15,31,1,0.0,Historique Loto de octobre 2008 à mars 2017
2012-05-19,11,23,48,24,42,2,17000000.0,Historique Loto de octobre 2008 à mars 2017
2012-05-21,37,45,23,19,7,10,0.0,Historique Loto de octobre 2008 à mars 2017
2012-05-23,19,1,35,49,3,9,0.0,Historique Loto de octobre 2008 à mars 2017
2012-05-26,27,47,40,41,29,7,0.0,Historique Loto de octobre 2008 à mars 2017
2012-05-28,30,42,38,15,41,3,0.0,Historique Loto de octobre 2008 à mars 2017
2012-05-30,9,30,13,17,5,3,0.0,Historique Loto de octobre 2008 à mars 2017
2012-06-02,26,9,34,39,22,1,7000000.0,Historique Loto de octobre 2008 à mars 2017
2012-06-04,38,42,35,43,40,4,0.0,Historique Loto de octobre 2008 à mars 2017
2012-06-06,21,23,12,24,13,6,0.0,Historique Loto de octobre 2008 à mars 2017
2012-06-09,13,25,14,18,20,6,0.0,Historique Loto de octobre 2008 à mars 2017
2012-06-11,20,6,16,4,29,1,0.0,Historique Loto de octobre 2008 à mars 2017
2012-06-13,33,48,20,8,3,10,0.0,Historique Loto de octobre 2008 à mars 2017
2012-06-16,14,31,1,39,27,6,7000000.0,Historique Loto de octobre 2008 à mars 2017
2012-06-18,37,5,7,16,38,3,0.0,Historique Loto de octobre 2008 à mars 2017
2012-06-20,36,33,15,41,47,5,0.0,Historique Loto de octobre 2008 à mars 2017
2012-06-23,41,12,6,47,27,3,4000000.0,Historique Loto de octobre 2008 à mars 2017
2012-06-25,27,11,40,10,13,7,0.0,Historique Loto de octobre 2008 à mars 2017
2012-06-27,22,41,5,1,11,7,0.0,Historique Loto de octobre 2008 à mars 2017
2012-06-30,13,45,1,42,12,4,4000000.0,Historique Loto de octobre 2008 à mars 2017
2012-07-02,2,15,7,46,6,5,0.0,Historique Loto de octobre 2008 à mars 2017
2012-07-04,13,40,37,17,39,6,0.0,Historique Loto de octobre 2008 à mars 2017
2012-07-07,5,30,17,1,44,1,0.0,Historique Loto de octobre 2008 à mars 2017
2012-07-09,15,38,41,45,26,3,0.0,Historique Loto de octobre 2008 à mars 2017
2012-07-11,23,20,30,21,36,9,0.0,Historique Loto de octobre 2008 à mars 2017
2012-07-14,22,44,40,5,41,6,0.0,Historique Loto de octobre 2008 à mars 2017
2012-07-16,3,32,6,19,37,2,0.0,Historique Loto de octobre 2008 à mars 2017
2012-07-18,26,25,4,28,32,5,0.0,Historique Loto de octobre 2008 à mars 2017
2012-07-21,22,3,1,44,40,3,17000000.0,Historique Loto de octobre 2008 à mars 2017
2012-07-23,40,31,38,23,28,3,0.0,Historique Loto de octobre 2008 à mars 2017
2012-07-25,17,16,14,32,36,6,0.0,Historique Loto de octobre 2008 à mars 2017
2012-07-28,29,4,6,39,7,3,0.0,Historique Loto de octobre 2008 à mars 2017
2012-07-30,35,6,38,4,13,3,0.0,Historique Loto de octobre 2008 à mars 2017
2012-08-01,33,45,17,30,11,6,0.0,Historique Loto de octobre 2008 à mars 2017
2012-08-04,29,49,34,26,25,6,7000000.0,Historique Loto de octobre 2008 à mars 2017
2012-08-06,12,7,10,34,47,7,1000000.0,Historique Loto de octobre 2008 à mars 2017
2012-08-08,32,35,42,11,1,4,0.0,Historique Loto de octobre 2008 à mars 2017
2012-08-11,7,1,10,45,44,9,3000000.0,Historique Loto de octobre 2008 à mars 2017
2012-08-13,49,25,12,16,4,4,0.0,Historique Loto de octobre 2008 à mars 2017
2012-08-15,13,24,2,15,19,5,1000000.0,Historique Loto de octobre 2008 à mars 2017
2012-08-18,25,26,42,12,2,7,0.0,Historique Loto de octobre 2008 à mars 2017
2012-08-20,45,26,33,27,11,2,0.0,Historique Loto de octobre 2008 à mars 2017
2012-08-22,14,13,18,33,22,7,0.0,Historique Loto de octobre 2008 à mars 2017
2012-08-25,9,13,2,29,10,9,0.0,Historique Loto de octobre 2008 à mars 2017
2012-08-27,18,32,40,7,8,5,0.0,Historique Loto de octobre 2008 à mars 2017
2012-08-29,20,29,26,11,8,9,7000000.0,Historique Loto de octobre 2008 à mars 2017
2012-09-01,28,5,22,25,13,10,0.0,Historique Loto de octobre 2008 à mars 2017
2012-09-03,34,27,22,18,37,3,0.0,Historique Loto de octobre 2008 à mars 2017
2012-09-05,37,8,1,26,10,4,0.0,Historique Loto de octobre 2008 à mars 2017
2012-09-08,9,22,43,34,15,4,0.0,Historique Loto de octobre 2008 à mars 2017
2012-09-10,19,28,43,3,25,9,0.0,Historique Loto de octobre 2008 à mars 2017
2012-09-12,32,1,49,12,38,8,0.0,Historique Loto de octobre 2008 à mars 2017
2012-09-15,17,21,43,37,15,2,0.0,Historique Loto de octobre 2008 à mars 2017
2012-09-17,16,25,14,7,17,7,12000000.0,Historique Loto de octobre 2008 à mars 2017
2012-09-19,49,5,34,27,41,7,0.0,Historique Loto de octobre 2008 à mars 2017
2012-09-22,17,23,37,44,25,9,0.0,Historique Loto de octobre 2008 à mars 2017
2012-09-24,41,18,40,1,21,6,0.0,Historique Loto de octobre 2008 à mars 2017
2012-09-26,42,29,38,12,46,9,5000000.0,Historique Loto de octobre 2008 à mars 2017
2012-09-29,21,18,47,10,7,1,0.0,Historique Loto de octobre 2008 à mars 2017
2012-10-01,34,2,40,29,41,6,0.0,Historique Loto de octobre 2008 à mars 2017
2012-10-03,16,44,25,26,24,1,0.0,Historique Loto de octobre 2008 à mars 2017
2012-10-06,27,1,47,30,39,4,5000000.0,Historique Loto de octobre 2008 à mars 2017
2012-10-08,39,32,24,13,27,2,0.0,Historique Loto de octobre 2008 à mars 2017
2012-10-10,16,35,37,3,19,3,0.0,Historique Loto de octobre 2008 à mars 2017
2012-10-13,41,49,1,35,16,4,11000000.0,Historique Loto de octobre 2008 à mars 2017
2012-10-15,7,23,11,39,44,8,0.0,Historique Loto de octobre 2008 à mars 2017
2012-10-17,19,10,32,20,13,2,0.0,Historique Loto de octobre 2008 à mars 2017
2012-10-20,34,14,11,24,41,5,0.0,Historique Loto de octobre 2008 à mars 2017
2012-10-22,28,25,24,14,41,5,0.0,Historique Loto de octobre 2008 à mars 2017
2012-10-24,30,24,5,40,17,7,0.0,Historique Loto de octobre 2008 à mars 2017
2012-10-27,29,2,41,47,10,1,0.0,Historique Loto de octobre 2008 à mars 2017
2012-10-29,19,16,46,13,38,7,0.0,Historique Loto de octobre 2008 à mars 2017
2012-10-31,29,23,41,16,5,1,0.0,Historique Loto de octobre 2008 à mars 2017
2012-11-03,15,11,9,22,36,8,0.0,Historique Loto de octobre 2008 à mars 2017
2012-11-05,27,14,37,9,33,7,5500000.0,Historique Loto de octobre 2008 à mars 2017
2012-11-07,34,16,21,2,40,7,0.0,Historique Loto de octobre 2008 à mars 2017
2012-11-10,19,46,17,3,43,5,3500000.0,Historique Loto de octobre 2008 à mars 2017
2012-11-12,25,45,20,6,48,7,0.0,Historique Loto de octobre 2008 à mars 2017
2012-11-14,29,40,39,46,21,8,0.0,Historique Loto de octobre 2008 à mars 2017
2012-11-17,8,6,27,37,33,7,4000000.0,Historique Loto de octobre 2008 à mars 2017
2012-11-19,6,41,16,1,3,1,0.0,Historique Loto de octobre 2008 à mars 2017
2012-11-21,10,43,6,4,46,10,0.0,Historique Loto de octobre 2008 à mars 2017
2012-11-24,18,21,19,5,28,2,0.0,Historique Loto de octobre 2008 à mars 2017
2012-11-26,35,15,48,44,9,6,0.0,Historique Loto de octobre 2008 à mars 2017
2012-11-28,16,34,28,4,11,1,0.0,Historique Loto de octobre 2008 à mars 2017
2012-12-01,19,25,12,45,44,10,0.0,Historique Loto de octobre 2008 à mars 2017
2012-12-03,39,25,16,6,11,6,0.0,Historique Loto de octobre 2008 à mars 2017
2012-12-05,28,24,36,45,27,8,0.0,Historique Loto de octobre 2008 à mars 2017
2012-12-08,22,47,45,24,28,2,0.0,Historique Loto de octobre 2008 à mars 2017
2012-12-10,36,16,4,20,47,8,0.0,Historique Loto de octobre 2008 à mars 2017
2012-12-12,37,19,32,36,20,4,12000000.0,Historique Loto de octobre 2008 à mars 2017
2012-12-15,26,24,11,33,41,9,2000000.0,Historique Loto de octobre 2008 à mars 2017
2012-12-17,16,27,39,29,32,5,0.0,Historique Loto de octobre 2008 à mars 2017
2012-12-19,5,10,25,19,49,8,1500000.0,Historique Loto de octobre 2008 à mars 2017
2012-12-22,47,1,2,34,24,1,7000000.0,Historique Loto de octobre 2008 à mars 2017
2012-12-24,5,12,32,7,47,6,0.0,Historique Loto de octobre 2008 à mars 2017
2012-12-26,3,17,31,5,2,9,0.0,Historique Loto de octobre 2008 à mars 2017
2012-12-29,45,7,11,37,23,4,4000000.0,Historique Loto de octobre 2008 à mars 2017
2012-12-31,4,47,21,44,36,3,0.0,Historique Loto de octobre 2008 à mars 2017
2013-01-02,33,21,37,22,31,4,0.0,Historique Loto de octobre 2008 à mars 2017
2013-01-05,30,46,47,6,45,6,0.0,Historique Loto de octobre 2008 à mars 2017
2013-01-07,45,31,15,32,48,5,0.0,Historique Loto de octobre 2008 à mars 2017
2013-01-09,30,33,22,29,26,9,11000000.0,Historique Loto de octobre 2008 à mars 2017
2013-01-12,13,48,40,6,37,7,2000000.0,Historique Loto de octobre 2008 à mars 2017
2013-01-14,35,30,10,37,7,6,0.0,Historique Loto de octobre 2008 à mars 2017
2013-01-16,27,6,16,24,46,5,0.0,Historique Loto de octobre 2008 à mars 2017
2013-01-19,22,23,45,42,9,8,0.0,Historique Loto de octobre 2008 à mars 2017
2013-01-21,35,7,32,38,22,6,0.0,Historique Loto de octobre 2008 à mars 2017
2013-01-23,11,49,36,9,19,6,0.0,Historique Loto de octobre 2008 à mars 2017
2013-01-26,18,39,2,23,34,6,3500000.0,Historique Loto de octobre 2008 à mars 2017
2013-01-28,38,29,20,40,28,9,0.0,Historique Loto de octobre 2008 à mars 2017
2013-01-30,41,31,40,11,48,5,3000000.0,Historique Loto de octobre 2008 à mars 2017
2013-02-02,45,33,7,6,34,3,0.0,Historique Loto de octobre 2008 à mars 2017
2013-02-04,34,33,18,6,30,2,0.0,Historique Loto de octobre 2008 à mars 2017
2013-02-06,40,3,7,33,25,1,0.0,Historique Loto de octobre 2008 à mars 2017
2013-02-09,23,5,2,47,4,7,0.0,Historique Loto de octobre 2008 à mars 2017
2013-02-11,25,42,1,36,45,7,0.0,Historique Loto de octobre 2008 à mars 2017
2013-02-13,39,48,19,46,14,2,0.0,Historique Loto de octobre 2008 à mars 2017
2013-02-16,19,34,26,27,4,6,8000000.0,Historique Loto de octobre 2008 à mars 2017
2013-02-18,2,13,19,41,5,5,2000000.0,Historique Loto de octobre 2008 à mars 2017
2013-02-20,6,8,42,27,7,1,0.0,Historique Loto de octobre 2008 à mars 2017
2013-02-23,47,36,42,30,45,5,0.0,Historique Loto de octobre 2008 à mars 2017
2013-02-25,43,18,17,14,46,2,0.0,Historique Loto de octobre 2008 à mars 2017
2013-02-27,25,40,21,34,6,7,0.0,Historique Loto de octobre 2008 à mars 2017
2013-03-02,18,38,5,22,30,2,0.0,Historique Loto de octobre 2008 à mars 2017
2013-03-04,47,1,45,9,30,10,0.0,Historique Loto de octobre 2008 à mars 2017
2013-03-06,28,36,42,26,44,4,0.0,Historique Loto de octobre 2008 à mars 2017
2013-03-09,49,4,40,11,22,5,9000000.0,Historique Loto de octobre 2008 à mars 2017
2013-03-11,8,16,44,7,49,6,1000000.0,Historique Loto de octobre 2008 à mars 2017
2013-03-13,13,12,34,41,40,7,2000000.0,Historique Loto de octobre 2008 à mars 2017
2013-03-16,16,5,46,33,38,5,0.0,Historique Loto de octobre 2008 à mars 2017
2013-03-18,10,20,18,24,32,9,0.0,Historique Loto de octobre 2008 à mars 2017
2013-03-20,37,5,1,49,12,7,2000000.0,Historique Loto de octobre 2008 à mars 2017
2013-03-23,17,11,41,9,24,6,0.0,Historique Loto de octobre 2008 à mars 2017
2013-03-25,29,25,14,41,10,4,0.0,Historique Loto de octobre 2008 à mars 2017
2013-03-27,21,47,24,49,33,3,0.0,Historique Loto de octobre 2008 à mars 2017
2013-03-30,26,10,9,30,34,2,0.0,Historique Loto de octobre 2008 à mars 2017
2013-04-01,47,16,10,43,27,2,0.0,Historique Loto de octobre 2008 à mars 2017
2013-04-03,36,18,37,42,45,8,0.0,Historique Loto de octobre 2008 à mars 2017
2013-04-06,15,29,42,1,33,7,0.0,Historique Loto de octobre 2008 à mars 2017
2013-04-08,19,6,38,8,37,2,0.0,Historique Loto de octobre 2008 à mars 2017
2013-04-10,9,18,3,45,28,5,0.0,Historique Loto de octobre 2008 à mars 2017
2013-04-13,23,43,22,41,33,4,0.0,Historique Loto de octobre 2008 à mars 2017
2013-04-15,45,20,21,26,46,3,0.0,Historique Loto de octobre 2008 à mars 2017
2013-04-17,38,16,32,12,29,8,0.0,Historique Loto de octobre 2008 à mars 2017
2013-04-20,28,24,3,42,9,9,0.0,Historique Loto de octobre 2008 à mars 2017
2013-04-22,22,16,11,37,14,1,0.0,Historique Loto de octobre 2008 à mars 2017
2013-04-24,1,48,13,6,5,9,0.0,Historique Loto de octobre 2008 à mars 2017
2013-04-27,17,26,39,19,9,10,0.0,Historique Loto de octobre 2008 à mars 2017
2013-04-29,12,21,39,11,27,9,0.0,Historique Loto de octobre 2008 à mars 2017
2013-05-01,7,41,31,32,4,9,0.0,Historique Loto de octobre 2008 à mars 2017
2013-05-04,6,13,40,45,15,4,0.0,Historique Loto de octobre 2008 à mars 2017
2013-05-06,48,13,15,24,23,7,0.0,Historique Loto de octobre 2008 à mars 2017
2013-05-08,13,5,43,25,15,10,0.0,Historique Loto de octobre 2008 à mars 2017
2013-05-11,26,49,45,3,16,9,0.0,Historique Loto de octobre 2008 à mars 2017
2013-05-13,23,29,40,49,15,5,0.0,Historique Loto de octobre 2008 à mars 2017
2013-05-15,32,27,8,13,11,4,9500000.0,Historique Loto de octobre 2008 à mars 2017
2013-05-18,4,5,20,7,17,3,2000000.0,Historique Loto de octobre 2008 à mars 2017
2013-05-20,47,27,25,23,9,3,0.0,Historique Loto de octobre 2008 à mars 2017
2013-05-22,3,34,2,17,13,9,0.0,Historique Loto de octobre 2008 à mars 2017
2013-05-25,42,7,36,13,40,2,10000000.0,Historique Loto de octobre 2008 à mars 2017
2013-05-27,37,15,9,28,13,2,0.0,Historique Loto de octobre 2008 à mars 2017
2013-05-29,34,41,48,23,45,7,0.0,Historique Loto de octobre 2008 à mars 2017
2013-06-01,21,30,8,7,6,3,0.0,Historique Loto de octobre 2008 à mars 2017
2013-06-03,14,4,38,34,25,9,0.0,Historique Loto de octobre 2008 à mars 2017
2013-06-05,27,41,23,25,4,1,0.0,Historique Loto de octobre 2008 à mars 2017
2013-06-08,19,33,29,32,17,2,0.0,Historique Loto de octobre 2008 à mars 2017
2013-06-10,13,15,3,35,32,1,0.0,Historique Loto de octobre 2008 à mars 2017
2013-06-12,20,40,46,3,44,4,0.0,Historique Loto de octobre 2008 à mars 2017
2013-06-15,32,38,26,4,23,2,0.0,Historique Loto de octobre 2008 à mars 2017
2013-06-17,38,39,3,17,1,1,0.0,Historique Loto de octobre 2008 à mars 2017
2013-06-19,32,22,17,43,19,1,0.0,Historique Loto de octobre 2008 à mars 2017
2013-06-22,21,26,37,16,35,8,0.0,Historique Loto de octobre 2008 à mars 2017
2013-06-24,29,5,24,19,10,1,0.0,Historique Loto de octobre 2008 à mars 2017
2013-06-26,39,16,19,29,12,8,0.0,Historique Loto de octobre 2008 à mars 2017
2013-06-29,23,37,8,14,9,7,0.0,Historique Loto de octobre 2008 à mars 2017
2013-07-01,5,31,21,37,38,6,0.0,Historique Loto de octobre 2008 à mars 2017
2013-07-03,36,2,7,25,39,4,0.0,Historique Loto de octobre 2008 à mars 2017
2013-07-06,13,35,30,44,12,2,0.0,Historique Loto de octobre 2008 à mars 2017
2013-07-08,44,8,24,25,26,5,0.0,Historique Loto de octobre 2008 à mars 2017
2013-07-10,31,37,24,39,14,7,0.0,Historique Loto de octobre 2008 à mars 2017
2013-07-13,31,21,37,10,28,8,22000000.0,Historique Loto de octobre 2008 à mars 2017
2013-07-15,34,7,43,33,44,9,0.0,Historique Loto de octobre 2008 à mars 2017
2013-07-17,16,8,17,48,31,4,1500000.0,Historique Loto de octobre 2008 à mars 2017
2013-07-20,48,28,9,17,30,7,0.0,Historique Loto de octobre 2008 à mars 2017
2013-07-22,12,32,29,7,38,1,0.0,Historique Loto de octobre 2008 à mars 2017
2013-07-24,27,37,19,36,44,3,4000000.0,Historique Loto de octobre 2008 à mars 2017
2013-07-27,35,44,29,37,10,4,0.0,Historique Loto de octobre 2008 à mars 2017
2013-07-29,4,34,40,35,36,5,0.0,Historique Loto de octobre 2008 à mars 2017
2013-07-31,28,31,23,41,8,7,4000000.0,Historique Loto de octobre 2008 à mars 2017
2013-08-03,44,22,33,27,17,9,1000000.0,Historique Loto de octobre 2008 à mars 2017
2013-08-05,24,39,11,6,43,4,0.0,Historique Loto de octobre 2008 à mars 2017
2013-08-07,45,33,16,40,3,4,0.0,Historique Loto de octobre 2008 à mars 2017
2013-08-10,19,5,41,15,24,5,0.0,Historique Loto de octobre 2008 à mars 2017
2013-08-12,4,11,38,28,21,7,5000000.0,Historique Loto de octobre 2008 à mars 2017
2013-08-14,30,22,5,35,17,2,2000000.0,Historique Loto de octobre 2008 à mars 2017
2013-08-17,43,33,32,26,41,10,0.0,Historique Loto de octobre 2008 à mars 2017
2013-08-19,40,25,2,3,46,9,0.0,Historique Loto de octobre 2008 à mars 2017
2013-08-21,39,12,38,11,26,10,0.0,Historique Loto de octobre 2008 à mars 2017
2013-08-24,39,11,5,29,41,7,0.0,Historique Loto de octobre 2008 à mars 2017
2013-08-26,49,1,9,14,25,10,6000000.0,Historique Loto de octobre 2008 à mars 2017
2013-08-28,40,23,30,2,33,1,0.0,Historique Loto de octobre 2008 à mars 2017
2013-08-31,26,3,2,33,14,7,0.0,Historique Loto de octobre 2008 à mars 2017
2013-09-02,46,16,20,41,8,8,0.0,Historique Loto de octobre 2008 à mars 2017
2013-09-04,49,6,25,17,42,6,0.0,Historique Loto de octobre 2008 à mars 2017
2013-09-07,25,24,44,11,1,3,3000000.0,Historique Loto de octobre 2008 à mars 2017
2013-09-09,22,23,35,3,5,7,0.0,Historique Loto de octobre 2008 à mars 2017
2013-09-11,35,13,7,6,23,2,0.0,Historique Loto de octobre 2008 à mars 2017
2013-09-14,49,18,28,24,43,7,0.0,Historique Loto de octobre 2008 à mars 2017
2013-09-16,6,15,24,38,26,5,0.0,Historique Loto de octobre 2008 à mars 2017
2013-09-18,35,26,45,4,40,3,4000000.0,Historique Loto de octobre 2008 à mars 2017
2013-09-21,41,30,17,26,16,9,2000000.0,Historique Loto de octobre 2008 à mars 2017
2013-09-23,2,11,21,1,36,1,0.0,Historique Loto de octobre 2008 à mars 2017
2013-09-25,6,2,44,43,12,5,0.0,Historique Loto de octobre 2008 à mars 2017
2013-09-28,34,29,45,1,9,5,0.0,Historique Loto de octobre 2008 à mars 2017
2013-09-30,10,26,45,15,28,9,0.0,Historique Loto de octobre 2008 à mars 2017
2013-10-02,11,21,39,17,6,7,6000000.0,Historique Loto de octobre 2008 à mars 2017
2013-10-05,9,7,14,27,38,9,2000000.0,Historique Loto de octobre 2008 à mars 2017
2013-10-07,16,31,6,46,15,5,0.0,Historique Loto de octobre 2008 à mars 2017
2013-10-09,1,26,18,20,12,2,0.0,Historique Loto de octobre 2008 à mars 2017
2013-10-12,24,32,22,4,17,8,0.0,Historique Loto de octobre 2008 à mars 2017
2013-10-14,21,35,19,15,33,4,0.0,Historique Loto de octobre 2008 à mars 2017
2013-10-16,9,12,40,23,14,8,0.0,Historique Loto de octobre 2008 à mars 2017
2013-10-19,33,49,44,8,25,1,0.0,Historique Loto de octobre 2008 à mars 2017
2013-10-21,25,32,35,17,36,7,0.0,Historique Loto de octobre 2008 à mars 2017
2013-10-23,5,11,20,22,10,3,5000000.0,Historique Loto de octobre 2008 à mars 2017
2013-10-26,40,3,35,42,47,7,0.0,Historique Loto de octobre 2008 à mars 2017
2013-10-28,44,32,8,14,23,8,0.0,Historique Loto de octobre 2008 à mars 2017
2013-10-30,46,48,14,21,35,1,0.0,Historique Loto de octobre 2008 à mars 2017
2013-11-02,7,12,4,13,18,9,1666667.0,Historique Loto de octobre 2008 à mars 2017
2013-11-04,13,18,8,24,15,6,0.0,Historique Loto de octobre 2008 à mars 2017
2013-11-06,20,40,30,16,6,3,0.0,Historique Loto de octobre 2008 à mars 2017
2013-11-09,39,33,12,30,9,4,2000000.0,Historique Loto de octobre 2008 à mars 2017
2013-11-11,42,48,32,12,16,9,0.0,Historique Loto de octobre 2008 à mars 2017
2013-11-13,7,38,16,36,47,6,0.0,Historique Loto de octobre 2008 à mars 2017
2013-11-16,38,44,20,29,33,8,0.0,Historique Loto de octobre 2008 à mars 2017
2013-11-18,36,46,29,3,28,10,0.0,Historique Loto de octobre 2008 à mars 2017
2013-11-20,35,28,46,14,18,1,0.0,Historique Loto de octobre 2008 à mars 2017
2013-11-23,4,2,48,12,33,9,0.0,Historique Loto de octobre 2008 à mars 2017
2013-11-25,27,15,16,4,42,4,0.0,Historique Loto de octobre 2008 à mars 2017
2013-11-27,16,12,45,34,11,9,0.0,Historique Loto de octobre 2008 à mars 2017
2013-11-30,19,36,20,40,2,2,0.0,Historique Loto de octobre 2008 à mars 2017
2013-12-02,33,34,19,40,36,5,0.0,Historique Loto de octobre 2008 à mars 2017
2013-12-04,21,34,27,25,29,3,0.0,Historique Loto de octobre 2008 à mars 2017
2013-12-07,17,14,2,8,34,7,0.0,Historique Loto de octobre 2008 à mars 2017
2013-12-09,45,33,20,24,6,6,0.0,Historique Loto de octobre 2008 à mars 2017
2013-12-11,43,4,39,40,27,8,0.0,Historique Loto de octobre 2008 à mars 2017
2013-12-14,46,45,8,30,18,1,0.0,Historique Loto de octobre 2008 à mars 2017
2013-12-16,36,31,1,37,33,6,0.0,Historique Loto de octobre 2008 à mars 2017
2013-12-18,36,46,38,8,30,1,0.0,Historique Loto de octobre 2008 à mars 2017
2013-12-21,24,18,19,33,10,4,0.0,Historique Loto de octobre 2008 à mars 2017
2013-12-23,34,29,41,37,18,5,10000000.0,Historique Loto de octobre 2008 à mars 2017
2013-12-25,36,23,45,28,24,3,0.0,Historique Loto de octobre 2008 à mars 2017
2013-12-28,1,16,20,32,26,7,0.0,Historique Loto de octobre 2008 à mars 2017
2013-12-30,20,22,44,41,11,8,0.0,Historique Loto de octobre 2008 à mars 2017
2014-01-01,39,37,34,26,6,7,0.0,Historique Loto de octobre 2008 à mars 2017
2014-01-04,1,29,45,6,16,5,12000000.0,Historique Loto de octobre 2008 à mars 2017
2014-01-06,30,29,17,13,19,9,0.0,Historique Loto de octobre 2008 à mars 2017
2014-01-08,4,42,29,45,14,8,0.0,Historique Loto de octobre 2008 à mars 2017
2014-01-11,35,25,18,8,39,9,0.0,Historique Loto de octobre 2008 à mars 2017
2014-01-13,33,3,47,29,20,4,0.0,Historique Loto de octobre 2008 à mars 2017
2014-01-15,7,20,35,37,30,6,0.0,Historique Loto de octobre 2008 à mars 2017
2014-01-18,43,1,37,47,2,8,0.0,Historique Loto de octobre 2008 à mars 2017
2014-01-20,10,1,42,40,35,5,0.0,Historique Loto de octobre 2008 à mars 2017
2014-01-22,38,42,1,22,40,7,0.0,Historique Loto de octobre 2008 à mars 2017
2014-01-25,18,37,17,14,30,5,0.0,Historique Loto de octobre 2008 à mars 2017
2014-01-27,46,19,33,1,48,4,0.0,Historique Loto de octobre 2008 à mars 2017
2014-01-29,35,8,6,25,2,8,6000000.0,Historique Loto de octobre 2008 à mars 2017
2014-02-01,21,2,48,41,10,6,0.0,Historique Loto de octobre 2008 à mars 2017
2014-02-03,44,33,5,1,13,2,0.0,Historique Loto de octobre 2008 à mars 2017
2014-02-05,2,48,16,7,41,8,4000000.0,Historique Loto de octobre 2008 à mars 2017
2014-02-08,6,7,39,38,14,7,0.0,Historique Loto de octobre 2008 à mars 2017
2014-02-10,18,11,41,45,17,2,0.0,Historique Loto de octobre 2008 à mars 2017
2014-02-12,7,16,48,15,10,7,0.0,Historique Loto de octobre 2008 à mars 2017
2014-02-15,33,4,12,49,18,9,7500000.0,Historique Loto de octobre 2008 à mars 2017
2014-02-17,20,32,9,23,1,1,0.0,Historique Loto de octobre 2008 à mars 2017
2014-02-19,44,32,25,47,27,7,3000000.0,Historique Loto de octobre 2008 à mars 2017
2014-02-22,30,26,48,32,1,10,0.0,Historique Loto de octobre 2008 à mars 2017
2014-02-24,18,8,5,21,38,7,0.0,Historique Loto de octobre 2008 à mars 2017
2014-02-26,19,41,5,22,33,1,0.0,Historique Loto de octobre 2008 à mars 2017
2014-03-01,17,20,15,5,4,5,0.0,Historique Loto de octobre 2008 à mars 2017
2014-03-03,41,40,28,21,36,10,0.0,Historique Loto de octobre 2008 à mars 2017
2014-03-05,12,1,32,42,31,1,0.0,Historique Loto de octobre 2008 à mars 2017
2014-03-08,35,40,6,46,15,7,0.0,Historique Loto de octobre 2008 à mars 2017
2014-03-10,43,16,4,6,30,9,9000000.0,Historique Loto de octobre 2008 à mars 2017
2014-03-12,42,36,1,20,25,10,0.0,Historique Loto de octobre 2008 à mars 2017
2014-03-15,5,26,30,15,37,4,0.0,Historique Loto de octobre 2008 à mars 2017
2014-03-17,8,33,22,45,19,6,0.0,Historique Loto de octobre 2008 à mars 2017
2014-03-19,27,19,5,26,28,9,0.0,Historique Loto de octobre 2008 à mars 2017
2014-03-22,20,49,14,26,4,2,0.0,Historique Loto de octobre 2008 à mars 2017
2014-03-24,18,41,39,21,37,9,2333334.0,Historique Loto de octobre 2008 à mars 2017
2014-03-26,40,47,38,11,21,6,0.0,Historique Loto de octobre 2008 à mars 2017
2014-03-29,19,12,28,29,45,4,0.0,Historique Loto de octobre 2008 à mars 2017
2014-03-31,28,6,7,32,2,4,0.0,Historique Loto de octobre 2008 à mars 2017
2014-04-02,6,41,28,16,34,4,5000000.0,Historique Loto de octobre 2008 à mars 2017
2014-04-05,40,9,22,13,45,5,1000000.0,Historique Loto de octobre 2008 à mars 2017
2014-04-07,23,42,11,31,13,4,0.0,Historique Loto de octobre 2008 à mars 2017
2014-04-09,28,14,39,12,38,10,0.0,Historique Loto de octobre 2008 à mars 2017
2014-04-12,5,34,42,16,10,10,0.0,Historique Loto de octobre 2008 à mars 2017
2014-04-14,11,7,43,45,14,3,0.0,Historique Loto de octobre 2008 à mars 2017
2014-04-16,26,25,12,49,8,1,6000000.0,Historique Loto de octobre 2008 à mars 2017
2014-04-19,22,40,21,12,45,8,0.0,Historique Loto de octobre 2008 à mars 2017
2014-04-21,27,9,38,18,20,1,0.0,Historique Loto de octobre 2008 à mars 2017
2014-04-23,3,30,10,29,39,10,0.0,Historique Loto de octobre 2008 à mars 2017
2014-04-26,2,38,43,14,3,4,0.0,Historique Loto de octobre 2008 à mars 2017
2014-04-28,45,32,19,49,36,7,0.0,Historique Loto de octobre 2008 à mars 2017
2014-04-30,32,35,19,23,43,10,0.0,Historique Loto de octobre 2008 à mars 2017
2014-05-03,16,5,41,11,36,5,0.0,Historique Loto de octobre 2008 à mars 2017
2014-05-05,28,16,37,19,2,10,0.0,Historique Loto de octobre 2008 à mars 2017
2014-05-07,6,46,47,11,1,5,0.0,Historique Loto de octobre 2008 à mars 2017
2014-05-10,37,6,15,21,17,4,0.0,Historique Loto de octobre 2008 à mars 2017
2014-05-12,43,33,36,12,2,5,0.0,Historique Loto de octobre 2008 à mars 2017
2014-05-14,6,25,21,5,33,1,0.0,Historique Loto de octobre 2008 à mars 2017
2014-05-17,48,41,37,32,43,7,0.0,Historique Loto de octobre 2008 à mars 2017
2014-05-19,49,41,8,9,40,3,23000000.0,Historique Loto de octobre 2008 à mars 2017
2014-05-21,49,9,35,23,1,1,0.0,Historique Loto de octobre 2008 à mars 2017
2014-05-24,40,18,39,24,17,1,0.0,Historique Loto de octobre 2008 à mars 2017
2014-05-26,3,8,40,39,32,1,11000000.0,Historique Loto de octobre 2008 à mars 2017
2014-05-28,9,26,8,48,46,7,0.0,Historique Loto de octobre 2008 à mars 2017
2014-05-31,16,2,28,40,14,1,0.0,Historique Loto de octobre 2008 à mars 2017
2014-06-02,41,35,47,26,22,5,0.0,Historique Loto de octobre 2008 à mars 2017
2014-06-04,43,36,8,22,3,3,0.0,Historique Loto de octobre 2008 à mars 2017
2014-06-07,5,37,45,38,21,2,0.0,Historique Loto de octobre 2008 à mars 2017
2014-06-09,47,34,45,35,10,9,0.0,Historique Loto de octobre 2008 à mars 2017
2014-06-11,22,9,42,15,32,6,8000000.0,Historique Loto de octobre 2008 à mars 2017
2014-06-14,7,24,18,34,5,5,0.0,Historique Loto de octobre 2008 à mars 2017
2014-06-16,5,37,16,42,3,1,0.0,Historique Loto de octobre 2008 à mars 2017
2014-06-18,47,13,30,9,18,3,0.0,Historique Loto de octobre 2008 à mars 2017
2014-06-21,11,3,30,29,32,1,17000000.0,Historique Loto de octobre 2008 à mars 2017
2014-06-23,40,38,32,4,31,4,0.0,Historique Loto de octobre 2008 à mars 2017
2014-06-25,5,4,23,30,41,4,0.0,Historique Loto de octobre 2008 à mars 2017
2014-06-28,40,24,22,13,43,3,0.0,Historique Loto de octobre 2008 à mars 2017
2014-06-30,47,27,5,24,46,2,0.0,Historique Loto de octobre 2008 à mars 2017
2014-07-02,36,27,8,39,47,3,6000000.0,Historique Loto de octobre 2008 à mars 2017
2014-07-05,25,11,7,33,3,6,2000000.0,Historique Loto de octobre 2008 à mars 2017
2014-07-07,31,41,32,14,13,10,0.0,Historique Loto de octobre 2008 à mars 2017
2014-07-09,8,6,36,4,34,5,3000000.0,Historique Loto de octobre 2008 à mars 2017
2014-07-12,29,23,22,13,1,1,0.0,Historique Loto de octobre 2008 à mars 2017
2014-07-14,21,41,32,38,37,9,0.0,Historique Loto de octobre 2008 à mars 2017
2014-07-16,42,3,36,28,49,7,16000000.0,Historique Loto de octobre 2008 à mars 2017
2014-07-19,8,44,29,43,45,6,0.0,Historique Loto de octobre 2008 à mars 2017
2014-07-21,21,3,9,27,10,4,3000000.0,Historique Loto de octobre 2008 à mars 2017
2014-07-23,1,32,8,15,24,6,0.0,Historique Loto de octobre 2008 à mars 2017
2014-07-26,1,5,43,41,22,4,0.0,Historique Loto de octobre 2008 à mars 2017
2014-07-28,45,14,1,42,43,9,0.0,Historique Loto de octobre 2008 à mars 2017
2014-07-30,25,7,13,9,8,9,0.0,Historique Loto de octobre 2008 à mars 2017
2014-08-02,25,32,4,8,41,10,0.0,Historique Loto de octobre 2008 à mars 2017
2014-08-04,16,28,36,24,43,6,0.0,Historique Loto de octobre 2008 à mars 2017
2014-08-06,13,41,34,21,15,8,0.0,Historique Loto de octobre 2008 à mars 2017
2014-08-09,34,4,5,9,21,7,0.0,Historique Loto de octobre 2008 à mars 2017
2014-08-11,36,32,11,46,25,7,10000000.0,Historique Loto de octobre 2008 à mars 2017
2014-08-13,3,18,13,43,28,5,2000000.0,Historique Loto de octobre 2008 à mars 2017
2014-08-16,22,40,23,37,9,4,0.0,Historique Loto de octobre 2008 à mars 2017
2014-08-18,24,45,19,1,46,3,0.0,Historique Loto de octobre 2008 à mars 2017
2014-08-20,22,33,31,41,15,4,0.0,Historique Loto de octobre 2008 à mars 2017
2014-08-23,7,17,29,26,21,7,0.0,Historique Loto de octobre 2008 à mars 2017
2014-08-25,26,9,45,31,43,1,6000000.0,Historique Loto de octobre 2008 à mars 2017
2014-08-27,4,44,32,22,14,2,0.0,Historique Loto de octobre 2008 à mars 2017
2014-08-30,25,40,30,36,6,8,0.0,Historique Loto de octobre 2008 à mars 2017
2014-09-01,42,22,47,16,38,1,4000000.0,Historique Loto de octobre 2008 à mars 2017
2014-09-03,10,38,20,4,13,4,0.0,Historique Loto de octobre 2008 à mars 2017
2014-09-06,42,14,15,13,3,7,10000000.0,Historique Loto de octobre 2008 à mars 2017
2014-09-08,1,40,17,43,42,10,2000000.0,Historique Loto de octobre 2008 à mars 2017
2014-09-10,6,16,31,26,40,7,0.0,Historique Loto de octobre 2008 à mars 2017
2014-09-13,7,28,27,23,33,1,0.0,Historique Loto de octobre 2008 à mars 2017
2014-09-15,16,44,2,10,35,6,0.0,Historique Loto de octobre 2008 à mars 2017
2014-09-17,23,18,10,6,3,4,0.0,Historique Loto de octobre 2008 à mars 2017
2014-09-20,34,31,25,46,22,6,0.0,Historique Loto de octobre 2008 à mars 2017
2014-09-22,44,31,26,1,13,6,0.0,Historique Loto de octobre 2008 à mars 2017
2014-09-24,16,49,10,38,25,9,8000000.0,Historique Loto de octobre 2008 à mars 2017
2014-09-27,26,29,9,35,38,5,0.0,Historique Loto de octobre 2008 à mars 2017
2014-09-29,41,28,17,4,33,5,0.0,Historique Loto de octobre 2008 à mars 2017
2014-10-01,17,42,44,27,16,8,0.0,Historique Loto de octobre 2008 à mars 2017
2014-10-04,14,45,29,12,41,7,0.0,Historique Loto de octobre 2008 à mars 2017
2014-10-06,20,22,46,40,9,7,0.0,Historique Loto de octobre 2008 à mars 2017
2014-10-08,13,4,21,43,23,10,0.0,Historique Loto de octobre 2008 à mars 2017
2014-10-11,24,19,10,28,15,9,8000000.0,Historique Loto de octobre 2008 à mars 2017
2014-10-13,29,15,1,12,30,1,0.0,Historique Loto de octobre 2008 à mars 2017
2014-10-15,28,9,37,41,46,10,0.0,Historique Loto de octobre 2008 à mars 2017
2014-10-18,1,43,24,15,27,7,4000000.0,Historique Loto de octobre 2008 à mars 2017
2014-10-20,30,40,13,21,26,5,0.0,Historique Loto de octobre 2008 à mars 2017
2014-10-22,10,19,47,35,33,2,0.0,Historique Loto de octobre 2008 à mars 2017
2014-10-25,14,39,24,49,47,4,0.0,Historique Loto de octobre 2008 à mars 2017
2014-10-27,13,32,12,28,33,6,0.0,Historique Loto de octobre 2008 à mars 2017
2014-10-29,32,18,17,6,29,9,12000000.0,Historique Loto de octobre 2008 à mars 2017
2014-11-01,48,29,2,36,9,10,0.0,Historique Loto de octobre 2008 à mars 2017
2014-11-03,34,45,18,44,24,8,0.0,Historique Loto de octobre 2008 à mars 2017
2014-11-05,27,24,37,46,1,1,0.0,Historique Loto de octobre 2008 à mars 2017
2014-11-08,40,14,46,27,7,5,5000000.0,Historique Loto de octobre 2008 à mars 2017
2014-11-10,24,23,30,6,18,7,0.0,Historique Loto de octobre 2008 à mars 2017
2014-11-12,27,13,19,40,23,5,0.0,Historique Loto de octobre 2008 à mars 2017
2014-11-15,28,16,39,23,3,10,0.0,Historique Loto de octobre 2008 à mars 2017
2014-11-17,23,47,16,48,35,10,0.0,Historique Loto de octobre 2008 à mars 2017
2014-11-19,41,18,13,14,29,3,0.0,Historique Loto de octobre 2008 à mars 2017
2014-11-22,22,1,44,9,26,10,7000000.0,Historique Loto de octobre 2008 à mars 2017
2014-11-24,18,47,49,32,17,3,0.0,Historique Loto de octobre 2008 à mars 2017
2014-11-26,5,34,47,12,20,3,0.0,Historique Loto de octobre 2008 à mars 2017
2014-11-29,18,44,2,47,49,2,0.0,Historique Loto de octobre 2008 à mars 2017
2014-12-01,43,49,40,48,44,8,0.0,Historique Loto de octobre 2008 à mars 2017
2014-12-03,49,26,28,31,11,7,0.0,Historique Loto de octobre 2008 à mars 2017
2014-12-06,43,37,20,10,18,8,0.0,Historique Loto de octobre 2008 à mars 2017
2014-12-08,10,14,43,32,47,10,0.0,Historique Loto de octobre 2008 à mars 2017
2014-12-10,27,11,16,3,8,6,9000000.0,Historique Loto de octobre 2008 à mars 2017
2014-12-13,43,13,10,20,38,1,0.0,Historique Loto de octobre 2008 à mars 2017
2014-12-15,23,47,41,42,15,4,0.0,Historique Loto de octobre 2008 à mars 2017
2014-12-17,32,46,6,8,13,10,0.0,Historique Loto de octobre 2008 à mars 2017
2014-12-20,19,10,26,21,22,9,0.0,Historique Loto de octobre 2008 à mars 2017
2014-12-22,34,35,23,16,6,8,0.0,Historique Loto de octobre 2008 à mars 2017
2014-12-24,31,36,4,22,18,7,10000000.0,Historique Loto de octobre 2008 à mars 2017
2014-12-27,20,48,34,39,4,10,0.0,Historique Loto de octobre 2008 à mars 2017
2014-12-29,30,26,44,27,49,1,0.0,Historique Loto de octobre 2008 à mars 2017
2014-12-31,46,43,41,37,34,10,0.0,Historique Loto de octobre 2008 à mars 2017
2015-01-03,31,32,12,28,48,3,0.0,Historique Loto de octobre 2008 à mars 2017
2015-01-05,37,8,49,31,45,7,0.0,Historique Loto de octobre 2008 à mars 2017
2015-01-07,20,29,21,33,7,1,0.0,Historique Loto de octobre 2008 à mars 2017
2015-01-10,18,5,33,2,23,4,0.0,Historique Loto de octobre 2008 à mars 2017
2015-01-12,20,15,27,13,34,1,0.0,Historique Loto de octobre 2008 à mars 2017
2015-01-14,23,18,7,2,21,6,0.0,Historique Loto de octobre 2008 à mars 2017
2015-01-17,43,19,30,39,40,4,17000000.0,Historique Loto de octobre 2008 à mars 2017
2015-01-19,25,4,18,7,35,4,0.0,Historique Loto de octobre 2008 à mars 2017
2015-01-21,19,6,34,49,42,10,0.0,Historique Loto de octobre 2008 à mars 2017
2015-01-24,36,44,21,13,5,1,0.0,Historique Loto de octobre 2008 à mars 2017
2015-01-26,18,17,27,35,40,6,5000000.0,Historique Loto de octobre 2008 à mars 2017
2015-01-28,41,12,33,9,16,1,0.0,Historique Loto de octobre 2008 à mars 2017
2015-01-31,14,31,46,25,4,5,0.0,Historique Loto de octobre 2008 à mars 2017
2015-02-02,17,16,14,1,11,10,0.0,Historique Loto de octobre 2008 à mars 2017
2015-02-04,49,9,28,24,35,4,0.0,Historique Loto de octobre 2008 à mars 2017
2015-02-07,21,29,7,37,19,2,0.0,Historique Loto de octobre 2008 à mars 2017
2015-02-09,40,49,34,27,4,2,0.0,Historique Loto de octobre 2008 à mars 2017
2015-02-11,13,40,24,17,45,3,2666667.0,Historique Loto de octobre 2008 à mars 2017
2015-02-14,27,41,38,26,2,7,2000000.0,Historique Loto de octobre 2008 à mars 2017
2015-02-16,36,14,9,1,20,2,2000000.0,Historique Loto de octobre 2008 à mars 2017
2015-02-18,44,21,29,9,25,7,2000000.0,Historique Loto de octobre 2008 à mars 2017
2015-02-21,3,45,47,13,27,4,0.0,Historique Loto de octobre 2008 à mars 2017
2015-02-23,40,3,22,4,28,2,0.0,Historique Loto de octobre 2008 à mars 2017
2015-02-25,44,47,20,30,29,1,0.0,Historique Loto de octobre 2008 à mars 2017
2015-02-28,14,46,5,30,36,6,0.0,Historique Loto de octobre 2008 à mars 2017
2015-03-02,17,11,27,48,23,1,6000000.0,Historique Loto de octobre 2008 à mars 2017
2015-03-04,32,16,8,23,34,4,0.0,Historique Loto de octobre 2008 à mars 2017
2015-03-07,48,9,18,43,3,2,0.0,Historique Loto de octobre 2008 à mars 2017
2015-03-09,35,31,26,34,28,5,0.0,Historique Loto de octobre 2008 à mars 2017
2015-03-11,49,2,35,1,36,4,0.0,Historique Loto de octobre 2008 à mars 2017
2015-03-14,30,39,3,14,8,10,0.0,Historique Loto de octobre 2008 à mars 2017
2015-03-16,35,11,49,7,48,7,0.0,Historique Loto de octobre 2008 à mars 2017
2015-03-18,26,15,10,4,30,5,0.0,Historique Loto de octobre 2008 à mars 2017
2015-03-21,28,47,41,22,21,5,0.0,Historique Loto de octobre 2008 à mars 2017
2015-03-23,48,49,3,1,20,7,6000000.0,Historique Loto de octobre 2008 à mars 2017
2015-03-25,43,10,20,9,17,7,0.0,Historique Loto de octobre 2008 à mars 2017
2015-03-28,20,19,40,39,27,8,0.0,Historique Loto de octobre 2008 à mars 2017
2015-03-30,4,20,13,10,32,1,0.0,Historique Loto de octobre 2008 à mars 2017
2015-04-01,13,21,25,20,41,4,0.0,Historique Loto de octobre 2008 à mars 2017
2015-04-04,33,15,23,28,39,1,0.0,Historique Loto de octobre 2008 à mars 2017
2015-04-06,31,16,33,17,1,3,0.0,Historique Loto de octobre 2008 à mars 2017
2015-04-08,15,36,38,30,2,2,0.0,Historique Loto de octobre 2008 à mars 2017
2015-04-11,45,41,5,17,33,9,0.0,Historique Loto de octobre 2008 à mars 2017
2015-04-13,41,9,43,48,36,2,0.0,Historique Loto de octobre 2008 à mars 2017
2015-04-15,43,6,10,30,39,5,0.0,Historique Loto de octobre 2008 à mars 2017
2015-04-18,44,1,49,38,20,3,0.0,Historique Loto de octobre 2008 à mars 2017
2015-04-20,10,37,28,15,2,2,0.0,Historique Loto de octobre 2008 à mars 2017
2015-04-22,10,43,21,25,45,5,14000000.0,Historique Loto de octobre 2008 à mars 2017
2015-04-25,30,20,29,10,27,6,2000000.0,Historique Loto de octobre 2008 à mars 2017
2015-04-27,15,28,43,41,5,4,0.0,Historique Loto de octobre 2008 à mars 2017
2015-04-29,42,20,2,35,49,3,0.0,Historique Loto de octobre 2008 à mars 2017
2015-05-02,46,33,30,19,3,5,0.0,Historique Loto de octobre 2008 à mars 2017
2015-05-04,14,30,48,8,49,1,0.0,Historique Loto de octobre 2008 à mars 2017
2015-05-06,35,32,29,7,34,10,0.0,Historique Loto de octobre 2008 à mars 2017
2015-05-09,4,46,8,29,40,3,0.0,Historique Loto de octobre 2008 à mars 2017
2015-05-11,49,1,34,28,31,4,0.0,Historique Loto de octobre 2008 à mars 2017
2015-05-13,45,22,37,15,6,5,9000000.0,Historique Loto de octobre 2008 à mars 2017
2015-05-16,39,8,22,46,23,3,0.0,Historique Loto de octobre 2008 à mars 2017
2015-05-18,38,41,39,2,10,5,0.0,Historique Loto de octobre 2008 à mars 2017
2015-05-20,12,10,22,37,41,10,2000000.0,Historique Loto de octobre 2008 à mars 2017
2015-05-23,45,41,12,26,19,7,0.0,Historique Loto de octobre 2008 à mars 2017
2015-05-25,44,35,49,15,29,3,0.0,Historique Loto de octobre 2008 à mars 2017
2015-05-27,22,32,42,8,29,3,0.0,Historique Loto de octobre 2008 à mars 2017
2015-05-30,43,6,30,47,45,5,0.0,Historique Loto de octobre 2008 à mars 2017
2015-06-01,3,38,4,49,12,2,0.0,Historique Loto de octobre 2008 à mars 2017
2015-06-03,12,18,30,25,47,2,0.0,Historique Loto de octobre 2008 à mars 2017
2015-06-06,4,24,29,47,30,3,0.0,Historique Loto de octobre 2008 à mars 2017
2015-06-08,41,3,8,9,44,10,7000000.0,Historique Loto de octobre 2008 à mars 2017
2015-06-10,12,46,40,8,19,8,0.0,Historique Loto de octobre 2008 à mars 2017
2015-06-13,16,11,29,15,46,4,0.0,Historique Loto de octobre 2008 à mars 2017
2015-06-15,35,19,37,22,16,2,0.0,Historique Loto de octobre 2008 à mars 2017
2015-06-17,44,30,26,48,41,1,0.0,Historique Loto de octobre 2008 à mars 2017
2015-06-20,32,8,3,13,37,4,6000000.0,Historique Loto de octobre 2008 à mars 2017
2015-06-22,35,43,37,24,38,2,0.0,Historique Loto de octobre 2008 à mars 2017
2015-06-24,29,49,38,25,41,2,0.0,Historique Loto de octobre 2008 à mars 2017
2015-06-27,47,14,42,40,29,4,4000000.0,Historique Loto de octobre 2008 à mars 2017
2015-06-29,14,16,2,12,42,7,0.0,Historique Loto de octobre 2008 à mars 2017
2015-07-01,49,5,19,18,38,10,0.0,Historique Loto de octobre 2008 à mars 2017
2015-07-04,4,49,38,29,40,3,0.0,Historique Loto de octobre 2008 à mars 2017
2015-07-06,17,12,36,35,43,3,0.0,Historique Loto de octobre 2008 à mars 2017
2015-07-08,5,39,32,42,20,7,0.0,Historique Loto de octobre 2008 à mars 2017
2015-07-11,14,26,4,23,36,1,10000000.0,Historique Loto de octobre 2008 à mars 2017
2015-07-13,22,39,31,37,29,8,0.0,Historique Loto de octobre 2008 à mars 2017
2015-07-15,46,2,30,43,14,8,0.0,Historique Loto de octobre 2008 à mars 2017
2015-07-18,45,41,37,35,18,3,4000000.0,Historique Loto de octobre 2008 à mars 2017
2015-07-20,31,17,2,24,29,1,0.0,Historique Loto de octobre 2008 à mars 2017
2015-07-22,36,30,33,31,24,1,0.0,Historique Loto de octobre 2008 à mars 2017
2015-07-25,43,7,5,10,13,4,4000000.0,Historique Loto de octobre 2008 à mars 2017
2015-07-27,14,28,37,41,6,5,0.0,Historique Loto de octobre 2008 à mars 2017
2015-07-29,22,2,3,42,36,9,0.0,Historique Loto de octobre 2008 à mars 2017
2015-08-01,9,31,24,34,23,9,0.0,Historique Loto de octobre 2008 à mars 2017
2015-08-03,48,10,49,1,39,1,5000000.0,Historique Loto de octobre 2008 à mars 2017
2015-08-05,34,10,22,36,9,4,0.0,Historique Loto de octobre 2008 à mars 2017
2015-08-08,12,8,11,35,33,9,3000000.0,Historique Loto de octobre 2008 à mars 2017
2015-08-10,37,44,14,12,28,5,0.0,Historique Loto de octobre 2008 à mars 2017
2015-08-12,15,43,1,24,8,2,0.0,Historique Loto de octobre 2008 à mars 2017
2015-08-15,49,13,6,25,47,4,0.0,Historique Loto de octobre 2008 à mars 2017
2015-08-17,29,9,26,36,42,1,0.0,Historique Loto de octobre 2008 à mars 2017
2015-08-19,21,6,45,34,38,4,0.0,Historique Loto de octobre 2008 à mars 2017
2015-08-22,19,4,20,29,49,9,7000000.0,Historique Loto de octobre 2008 à mars 2017
2015-08-24,6,5,17,42,30,1,0.0,Historique Loto de octobre 2008 à mars 2017
2015-08-26,44,26,41,15,37,8,0.0,Historique Loto de octobre 2008 à mars 2017
2015-08-29,43,40,2,38,23,8,0.0,Historique Loto de octobre 2008 à mars 2017
2015-08-31,12,41,38,1,31,4,0.0,Historique Loto de octobre 2008 à mars 2017
2015-09-02,29,6,9,17,28,2,0.0,Historique Loto de octobre 2008 à mars 2017
2015-09-05,24,45,14,25,42,9,0.0,Historique Loto de octobre 2008 à mars 2017
2015-09-07,5,19,21,32,29,3,0.0,Historique Loto de octobre 2008 à mars 2017
2015-09-09,3,19,10,44,41,7,0.0,Historique Loto de octobre 2008 à mars 2017
2015-09-12,41,1,30,38,31,10,0.0,Historique Loto de octobre 2008 à mars 2017
2015-09-14,3,43,48,37,49,2,0.0,Historique Loto de octobre 2008 à mars 2017
2015-09-16,7,34,42,11,17,6,0.0,Historique Loto de octobre 2008 à mars 2017
2015-09-19,2,25,43,16,33,9,16000000.0,Historique Loto de octobre 2008 à mars 2017
2015-09-21,42,47,28,27,12,5,0.0,Historique Loto de octobre 2008 à mars 2017
2015-09-23,35,49,18,20,31,3,0.0,Historique Loto de octobre 2008 à mars 2017
2015-09-26,14,13,4,24,21,1,0.0,Historique Loto de octobre 2008 à mars 2017
2015-09-28,23,39,37,36,49,8,0.0,Historique Loto de octobre 2008 à mars 2017
2015-09-30,16,18,15,35,26,7,0.0,Historique Loto de octobre 2008 à mars 2017
2015-10-03,27,18,8,37,20,4,3500000.0,Historique Loto de octobre 2008 à mars 2017
2015-10-05,27,28,13,31,42,6,0.0,Historique Loto de octobre 2008 à mars 2017
2015-10-07,29,27,2,14,28,9,0.0,Historique Loto de octobre 2008 à mars 2017
2015-10-10,41,23,15,30,45,7,4000000.0,Historique Loto de octobre 2008 à mars 2017
2015-10-12,1,16,49,3,4,4,0.0,Historique Loto de octobre 2008 à mars 2017
2015-10-14,38,20,33,6,35,2,0.0,Historique Loto de octobre 2008 à mars 2017
2015-10-17,22,33,14,46,9,8,0.0,Historique Loto de octobre 2008 à mars 2017
2015-10-19,36,33,31,48,47,7,0.0,Historique Loto de octobre 2008 à mars 2017
2015-10-21,25,35,22,26,31,6,0.0,Historique Loto de octobre 2008 à mars 2017
2015-10-24,7,12,39,29,11,2,7000000.0,Historique Loto de octobre 2008 à mars 2017
2015-10-26,17,19,23,4,49,3,0.0,Historique Loto de octobre 2008 à mars 2017
2015-10-28,49,2,17,30,5,2,0.0,Historique Loto de octobre 2008 à mars 2017
2015-10-31,33,36,48,43,34,10,0.0,Historique Loto de octobre 2008 à mars 2017
2015-11-02,21,32,8,48,7,4,0.0,Historique Loto de octobre 2008 à mars 2017
2015-11-04,32,11,8,21,15,6,0.0,Historique Loto de octobre 2008 à mars 2017
2015-11-07,7,32,4,23,28,1,0.0,Historique Loto de octobre 2008 à mars 2017
2015-11-09,25,32,8,37,39,10,0.0,Historique Loto de octobre 2008 à mars 2017
2015-11-11,17,1,6,13,15,2,0.0,Historique Loto de octobre 2008 à mars 2017
2015-11-14,34,29,47,10,37,10,0.0,Historique Loto de octobre 2008 à mars 2017
2015-11-16,28,47,40,12,42,1,0.0,Historique Loto de octobre 2008 à mars 2017
2015-11-18,25,23,5,1,47,1,0.0,Historique Loto de octobre 2008 à mars 2017
2015-11-21,43,24,12,18,16,10,17000000.0,Historique Loto de octobre 2008 à mars 2017
2015-11-23,47,12,14,37,20,6,2000000.0,Historique Loto de octobre 2008 à mars 2017
2015-11-25,24,18,22,41,7,3,0.0,Historique Loto de octobre 2008 à mars 2017
2015-11-28,30,19,37,12,46,9,0.0,Historique Loto de octobre 2008 à mars 2017
2015-11-30,27,19,5,35,40,9,0.0,Historique Loto de octobre 2008 à mars 2017
2015-12-02,39,9,3,45,10,7,0.0,Historique Loto de octobre 2008 à mars 2017
2015-12-05,9,26,47,20,27,7,0.0,Historique Loto de octobre 2008 à mars 2017
2015-12-07,22,28,42,37,14,10,0.0,Historique Loto de octobre 2008 à mars 2017
2015-12-09,6,34,12,49,10,7,0.0,Historique Loto de octobre 2008 à mars 2017
2015-12-12,13,40,2,34,15,8,0.0,Historique Loto de octobre 2008 à mars 2017
2015-12-14,31,49,7,20,11,7,0.0,Historique Loto de octobre 2008 à mars 2017
2015-12-16,46,41,24,35,22,10,0.0,Historique Loto de octobre 2008 à mars 2017
2015-12-19,4,25,42,39,38,7,0.0,Historique Loto de octobre 2008 à mars 2017
2015-12-21,11,19,33,41,7,3,4666667.0,Historique Loto de octobre 2008 à mars 2017
2015-12-23,13,17,28,46,42,2,0.0,Historique Loto de octobre 2008 à mars 2017
2015-12-26,15,21,20,38,43,1,0.0,Historique Loto de octobre 2008 à mars 2017
2015-12-28,10,12,7,20,45,7,12000000.0,Historique Loto de octobre 2008 à mars 2017
2015-12-30,16,2,34,25,1,5,0.0,Historique Loto de octobre 2008 à mars 2017
2016-01-02,19,44,37,46,10,10,0.0,Historique Loto de octobre 2008 à mars 2017
2016-01-04,34,43,23,15,40,3,0.0,Historique Loto de octobre 2008 à mars 2017
2016-01-06,49,22,14,5,2,4,0.0,Historique Loto de octobre 2008 à mars 2017
2016-01-09,22,39,4,49,45,6,0.0,Historique Loto de octobre 2008 à mars 2017
2016-01-11,41,29,19,43,14,9,0.0,Historique Loto de octobre 2008 à mars 2017
2016-01-13,30,11,35,33,3,2,0.0,Historique Loto de octobre 2008 à mars 2017
2016-01-16,17,45,26,27,13,6,0.0,Historique Loto de octobre 2008 à mars 2017
2016-01-18,2,5,3,10,1,4,0.0,Historique Loto de octobre 2008 à mars 2017
2016-01-20,34,21,9,42,31,8,0.0,Historique Loto de octobre 2008 à mars 2017
2016-01-23,42,3,15,41,33,3,0.0,Historique Loto de octobre 2008 à mars 2017
2016-01-25,12,4,38,10,41,3,0.0,Historique Loto de octobre 2008 à mars 2017
2016-01-27,31,44,48,37,32,9,0.0,Historique Loto de octobre 2008 à mars 2017
2016-01-30,1,3,31,11,49,1,0.0,Historique Loto de octobre 2008 à mars 2017
2016-02-01,18,36,13,40,48,4,0.0,Historique Loto de octobre 2008 à mars 2017
2016-02-03,5,44,24,28,25,3,17000000.0,Historique Loto de octobre 2008 à mars 2017
2016-02-06,44,25,2,41,28,9,0.0,Historique Loto de octobre 2008 à mars 2017
2016-02-08,30,1,28,39,11,6,0.0,Historique Loto de octobre 2008 à mars 2017
2016-02-10,44,46,1,27,48,10,0.0,Historique Loto de octobre 2008 à mars 2017
2016-02-13,38,30,27,41,10,4,10000000.0,Historique Loto de octobre 2008 à mars 2017
2016-02-15,37,21,38,4,10,5,0.0,Historique Loto de octobre 2008 à mars 2017
2016-02-17,29,17,40,34,2,10,0.0,Historique Loto de octobre 2008 à mars 2017
2016-02-20,9,33,34,41,20,8,0.0,Historique Loto de octobre 2008 à mars 2017
2016-02-22,23,2,5,48,26,5,0.0,Historique Loto de octobre 2008 à mars 2017
2016-02-24,20,18,44,1,49,7,0.0,Historique Loto de octobre 2008 à mars 2017
2016-02-27,11,47,13,10,28,6,7000000.0,Historique Loto de octobre 2008 à mars 2017
2016-02-29,13,3,1,24,45,1,0.0,Historique Loto de octobre 2008 à mars 2017
2016-03-02,40,48,44,20,34,2,0.0,Historique Loto de octobre 2008 à mars 2017
2016-03-05,34,5,14,49,23,6,0.0,Historique Loto de octobre 2008 à mars 2017
2016-03-07,11,6,49,41,12,1,0.0,Historique Loto de octobre 2008 à mars 2017
2016-03-09,40,22,20,19,41,2,0.0,Historique Loto de octobre 2008 à mars 2017
2016-03-12,27,17,9,25,46,6,0.0,Historique Loto de octobre 2008 à mars 2017
2016-03-14,19,39,27,14,36,8,0.0,Historique Loto de octobre 2008 à mars 2017
2016-03-16,43,18,11,7,9,10,9000000.0,Historique Loto de octobre 2008 à mars 2017
2016-03-19,49,13,4,36,18,5,0.0,Historique Loto de octobre 2008 à mars 2017
2016-03-21,3,34,42,37,10,2,0.0,Historique Loto de octobre 2008 à mars 2017
2016-03-23,14,19,17,8,5,9,0.0,Historique Loto de octobre 2008 à mars 2017
2016-03-26,14,3,20,17,1,1,10000000.0,Historique Loto de octobre 2008 à mars 2017
2016-03-28,26,2,28,4,15,2,0.0,Historique Loto de octobre 2008 à mars 2017
2016-03-30,43,20,46,35,23,6,0.0,Historique Loto de octobre 2008 à mars 2017
2016-04-02,29,34,18,22,19,1,0.0,Historique Loto de octobre 2008 à mars 2017
2016-04-04,36,7,48,11,8,3,0.0,Historique Loto de octobre 2008 à mars 2017
2016-04-06,21,19,28,24,44,5,0.0,Historique Loto de octobre 2008 à mars 2017
2016-04-09,42,49,39,14,16,6,0.0,Historique Loto de octobre 2008 à mars 2017
2016-04-11,34,29,4,26,25,2,0.0,Historique Loto de octobre 2008 à mars 2017
2016-04-13,31,49,34,2,4,4,0.0,Historique Loto de octobre 2008 à mars 2017
2016-04-16,33,25,36,39,40,9,10000000.0,Historique Loto de octobre 2008 à mars 2017
2016-04-18,47,29,24,38,26,7,2000000.0,Historique Loto de octobre 2008 à mars 2017
2016-04-20,12,15,36,41,13,9,0.0,Historique Loto de octobre 2008 à mars 2017
2016-04-23,26,15,22,2,17,7,0.0,Historique Loto de octobre 2008 à mars 2017
2016-04-25,39,19,13,18,22,6,4000000.0,Historique Loto de octobre 2008 à mars 2017
2016-04-27,9,36,25,45,44,10,0.0,Historique Loto de octobre 2008 à mars 2017
2016-04-30,49,29,2,30,36,7,0.0,Historique Loto de octobre 2008 à mars 2017
2016-05-02,47,36,43,48,26,6,0.0,Historique Loto de octobre 2008 à mars 2017
2016-05-04,15,7,42,8,24,9,0.0,Historique Loto de octobre 2008 à mars 2017
2016-05-07,35,33,42,20,14,4,0.0,Historique Loto de octobre 2008 à mars 2017
2016-05-09,24,29,4,11,14,1,0.0,Historique Loto de octobre 2008 à mars 2017
2016-05-11,31,44,29,19,15,10,0.0,Historique Loto de octobre 2008 à mars 2017
2016-05-14,42,28,30,1,27,5,0.0,Historique Loto de octobre 2008 à mars 2017
2016-05-16,36,38,31,6,16,1,3000000.0,Historique Loto de octobre 2008 à mars 2017
2016-05-18,22,1,40,38,49,9,0.0,Historique Loto de octobre 2008 à mars 2017
2016-05-21,41,26,23,12,48,4,0.0,Historique Loto de octobre 2008 à mars 2017
2016-05-23,41,48,22,26,7,2,4000000.0,Historique Loto de octobre 2008 à mars 2017
2016-05-25,20,12,36,21,4,3,0.0,Historique Loto de octobre 2008 à mars 2017
2016-05-28,19,3,1,14,13,6,3000000.0,Historique Loto de octobre 2008 à mars 2017
2016-05-30,6,38,7,13,40,3,0.0,Historique Loto de octobre 2008 à mars 2017
2016-06-01,27,35,26,44,22,10,0.0,Historique Loto de octobre 2008 à mars 2017
2016-06-04,39,2,16,19,25,1,0.0,Historique Loto de octobre 2008 à mars 2017
2016-06-06,23,32,48,47,25,5,0.0,Historique Loto de octobre 2008 à mars 2017
2016-06-08,45,6,8,49,33,9,0.0,Historique Loto de octobre 2008 à mars 2017
2016-06-11,7,17,22,46,44,6,3500000.0,Historique Loto de octobre 2008 à mars 2017
2016-06-13,28,36,5,21,8,8,2000000.0,Historique Loto de octobre 2008 à mars 2017
2016-06-15,34,2,8,5,33,10,0.0,Historique Loto de octobre 2008 à mars 2017
2016-06-18,18,33,10,20,39,3,0.0,Historique Loto de octobre 2008 à mars 2017
2016-06-20,38,4,45,13,43,10,0.0,Historique Loto de octobre 2008 à mars 2017
2016-06-22,4,27,10,36,5,9,0.0,Historique Loto de octobre 2008 à mars 2017
2016-06-25,16,20,19,35,49,3,6000000.0,Historique Loto de octobre 2008 à mars 2017
2016-06-27,22,23,8,41,24,7,2000000.0,Historique Loto de octobre 2008 à mars 2017
2016-06-29,17,22,9,14,48,10,0.0,Historique Loto de octobre 2008 à mars 2017
2016-07-02,8,24,31,17,16,5,3000000.0,Historique Loto de octobre 2008 à mars 2017
2016-07-04,12,10,25,22,47,1,0.0,Historique Loto de octobre 2008 à mars 2017
2016-07-06,26,38,47,13,16,8,3000000.0,Historique Loto de octobre 2008 à mars 2017
2016-07-09,46,15,6,39,3,10,0.0,Historique Loto de octobre 2008 à mars 2017
2016-07-11,36,35,2,25,27,4,0.0,Historique Loto de octobre 2008 à mars 2017
2016-07-13,30,28,47,34,7,10,0.0,Historique Loto de octobre 2008 à mars 2017
2016-07-16,45,21,46,48,11,4,0.0,Historique Loto de octobre 2008 à mars 2017
2016-07-18,29,25,2,39,20,7,14000000.0,Historique Loto de octobre 2008 à mars 2017
2016-07-20,32,1,13,29,46,1,0.0,Historique Loto de octobre 2008 à mars 2017
2016-07-23,2,27,33,21,15,10,3000000.0,Historique Loto de octobre 2008 à mars 2017
2016-07-25,3,29,46,5,1,4,0.0,Historique Loto de octobre 2008 à mars 2017
2016-07-27,34,7,44,19,8,6,0.0,Historique Loto de octobre 2008 à mars 2017
2016-07-30,30,9,22,46,23,9,0.0,Historique Loto de octobre 2008 à mars 2017
2016-08-01,45,29,36,42,24,7,0.0,Historique Loto de octobre 2008 à mars 2017
2016-08-03,18,27,39,44,24,3,6000000.0,Historique Loto de octobre 2008 à mars 2017
2016-08-06,44,12,7,25,31,10,2000000.0,Historique Loto de octobre 2008 à mars 2017
2016-08-08,1,26,2,36,3,7,0.0,Historique Loto de octobre 2008 à mars 2017
2016-08-10,49,30,19,17,7,3,1500000.0,Historique Loto de octobre 2008 à mars 2017
2016-08-13,33,1,9,6,46,6,0.0,Historique Loto de octobre 2008 à mars 2017
2016-08-15,16,31,25,27,26,7,0.0,Historique Loto de octobre 2008 à mars 2017
2016-08-17,12,21,35,24,40,4,0.0,Historique Loto de octobre 2008 à mars 2017
2016-08-20,35,10,28,43,15,9,0.0,Historique Loto de octobre 2008 à mars 2017
2016-08-22,21,44,42,12,34,7,0.0,Historique Loto de octobre 2008 à mars 2017
2016-08-24,3,4,34,41,42,2,0.0,Historique Loto de octobre 2008 à mars 2017
2016-08-27,45,21,2,31,23,8,8000000.0,Historique Loto de octobre 2008 à mars 2017
2016-08-29,44,36,49,25,48,2,0.0,Historique Loto de octobre 2008 à mars 2017
2016-08-31,12,26,19,47,10,1,0.0,Historique Loto de octobre 2008 à mars 2017
2016-09-03,36,24,45,49,47,5,0.0,Historique Loto de octobre 2008 à mars 2017
2016-09-05,43,48,7,42,30,4,0.0,Historique Loto de octobre 2008 à mars 2017
2016-09-07,26,34,38,13,42,9,0.0,Historique Loto de octobre 2008 à mars 2017
2016-09-10,46,38,29,31,19,6,0.0,Historique Loto de octobre 2008 à mars 2017
2016-09-12,6,5,11,13,22,10,0.0,Historique Loto de octobre 2008 à mars 2017
2016-09-14,29,18,37,7,47,7,9000000.0,Historique Loto de octobre 2008 à mars 2017
2016-09-17,12,3,4,34,25,2,0.0,Historique Loto de octobre 2008 à mars 2017
2016-09-19,41,37,20,18,45,10,0.0,Historique Loto de octobre 2008 à mars 2017
2016-09-21,30,15,40,13,20,10,2000000.0,Historique Loto de octobre 2008 à mars 2017
2016-09-24,33,32,31,41,43,10,0.0,Historique Loto de octobre 2008 à mars 2017
2016-09-26,4,23,26,19,27,7,1500000.0,Historique Loto de octobre 2008 à mars 2017
2016-09-28,44,46,29,42,45,3,2000000.0,Historique Loto de octobre 2008 à mars 2017
2016-10-01,13,42,8,16,23,1,0.0,Historique Loto de octobre 2008 à mars 2017
2016-10-03,46,43,7,22,8,10,0.0,Historique Loto de octobre 2008 à mars 2017
2016-10-05,18,28,15,2,43,3,0.0,Historique Loto de octobre 2008 à mars 2017
2016-10-08,5,26,28,46,35,9,0.0,Historique Loto de octobre 2008 à mars 2017
2016-10-10,18,19,3,48,9,2,0.0,Historique Loto de octobre 2008 à mars 2017
2016-10-12,2,19,34,47,23,2,0.0,Historique Loto de octobre 2008 à mars 2017
2016-10-15,47,30,41,32,39,7,0.0,Historique Loto de octobre 2008 à mars 2017
2016-10-17,8,31,48,39,22,4,0.0,Historique Loto de octobre 2008 à mars 2017
2016-10-19,32,28,29,26,38,1,0.0,Historique Loto de octobre 2008 à mars 2017
2016-10-22,29,41,3,43,35,8,0.0,Historique Loto de octobre 2008 à mars 2017
2016-10-24,18,29,36,17,23,7,0.0,Historique Loto de octobre 2008 à mars 2017
2016-10-26,1,46,20,40,35,10,0.0,Historique Loto de octobre 2008 à mars 2017
2016-10-29,21,36,44,26,14,4,0.0,Historique Loto de octobre 2008 à mars 2017
2016-10-31,11,35,16,29,41,4,0.0,Historique Loto de octobre 2008 à mars 2017
2016-11-02,26,1,49,7,14,10,16000000.0,Historique Loto de octobre 2008 à mars 2017
2016-11-05,16,42,21,6,34,5,2000000.0,Historique Loto de octobre 2008 à mars 2017
2016-11-07,1,46,21,6,31,6,0.0,Historique Loto de octobre 2008 à mars 2017
2016-11-09,3,22,47,14,8,5,0.0,Historique Loto de octobre 2008 à mars 2017
2016-11-12,29,11,19,16,2,8,0.0,Historique Loto de octobre 2008 à mars 2017
2016-11-14,41,6,14,16,26,2,0.0,Historique Loto de octobre 2008 à mars 2017
2016-11-16,37,48,1,26,24,7,0.0,Historique Loto de octobre 2008 à mars 2017
2016-11-19,34,48,41,46,36,7,0.0,Historique Loto de octobre 2008 à mars 2017
2016-11-21,7,18,12,45,3,8,0.0,Historique Loto de octobre 2008 à mars 2017
2016-11-23,47,7,25,2,12,7,9000000.0,Historique Loto de octobre 2008 à mars 2017
2016-11-26,9,21,44,6,11,7,2000000.0,Historique Loto de octobre 2008 à mars 2017
2016-11-28,41,45,20,10,38,6,0.0,Historique Loto de octobre 2008 à mars 2017
2016-11-30,9,33,31,3,40,5,3000000.0,Historique Loto de octobre 2008 à mars 2017
2016-12-03,11,13,38,4,44,7,0.0,Historique Loto de octobre 2008 à mars 2017
2016-12-05,29,30,23,6,26,4,0.0,Historique Loto de octobre 2008 à mars 2017
2016-12-07,5,44,7,2,45,3,0.0,Historique Loto de octobre 2008 à mars 2017
2016-12-10,41,43,27,24,28,9,5000000.0,Historique Loto de octobre 2008 à mars 2017
2016-12-12,12,14,11,6,36,6,0.0,Historique Loto de octobre 2008 à mars 2017
2016-12-14,10,9,44,14,46,7,3000000.0,Historique Loto de octobre 2008 à mars 2017
2016-12-17,13,5,16,32,2,5,0.0,Historique Loto de octobre 2008 à mars 2017
2016-12-19,17,40,41,26,3,7,0.0,Historique Loto de octobre 2008 à mars 2017
2016-12-21,25,42,17,39,22,6,0.0,Historique Loto de octobre 2008 à mars 2017
2016-12-24,22,48,7,20,35,1,0.0,Historique Loto de octobre 2008 à mars 2017
2016-12-26,3,16,27,29,37,6,11000000.0,Historique Loto de octobre 2008 à mars 2017
2016-12-28,34,35,16,39,15,4,0.0,Historique Loto de octobre 2008 à mars 2017
2016-12-31,45,49,43,33,4,8,5000000.0,Historique Loto de octobre 2008 à mars 2017
2017-01-02,31,38,11,19,40,5,0.0,Historique Loto de octobre 2008 à mars 2017
2017-01-04,17,36,16,26,38,7,0.0,Historique Loto de octobre 2008 à mars 2017
2017-01-07,33,46,24,21,22,8,0.0,Historique Loto de octobre 2008 à mars 2017
2017-01-09,21,16,6,42,2,7,5000000.0,Historique Loto de octobre 2008 à mars 2017
2017-01-11,30,13,28,22,19,3,0.0,Historique Loto de octobre 2008 à mars 2017
2017-01-14,19,18,44,37,16,1,0.0,Historique Loto de octobre 2008 à mars 2017
2017-01-16,35,32,14,37,26,5,0.0,Historique Loto de octobre 2008 à mars 2017
2017-01-18,48,29,34,5,47,4,0.0,Historique Loto de octobre 2008 à mars 2017
2017-01-21,40,36,32,8,31,6,0.0,Historique Loto de octobre 2008 à mars 2017
2017-01-23,15,5,17,49,31,9,18000000.0,Historique Loto de octobre 2008 à mars 2017
2017-01-25,10,19,20,28,4,2,0.0,Historique Loto de octobre 2008 à mars 2017
2017-01-28,6,5,10,2,26,5,3000000.0,Historique Loto de octobre 2008 à mars 2017
2017-01-30,4,22,40,23,32,4,0.0,Historique Loto de octobre 2008 à mars 2017
2017-02-01,45,24,17,46,9,7,0.0,Historique Loto de octobre 2008 à mars 2017
2017-02-04,32,22,1,35,37,7,0.0,Historique Loto de octobre 2008 à mars 2017
2017-02-06,19,31,33,40,30,2,0.0,Historique Loto de octobre 2008 à mars 2017
2017-02-08,17,33,37,40,19,6,0.0,Historique Loto de octobre 2008 à mars 2017
2017-02-11,37,17,29,15,1,3,0.0,Historique Loto de octobre 2008 à mars 2017
2017-02-13,5,16,39,44,18,3,0.0,Historique Loto de octobre 2008 à mars 2017
2017-02-15,8,16,21,14,24,10,5500000.0,Historique Loto de octobre 2008 à mars 2017
2017-02-18,32,23,49,1,3,4,0.0,Historique Loto de octobre 2008 à mars 2017
2017-02-20,20,29,43,41,15,10,0.0,Historique Loto de octobre 2008 à mars 2017
2017-02-22,17,25,22,35,43,10,0.0,Historique Loto de octobre 2008 à mars 2017
2017-02-25,40,32,43,11,48,2,0.0,Historique Loto de octobre 2008 à mars 2017
2017-02-27,3,37,16,17,47,5,0.0,Historique Loto de octobre 2008 à mars 2017
2017-03-01,33,31,16,46,20,5,0.0,Historique Loto de octobre 2008 à mars 2017
2017-03-04,28,14,37,32,4,4,0.0,Historique Loto de octobre 2008 à mars 2017
2017-03-06,26,10,6,41,3,9,9000000.0,Historique Loto de mars 2017 à février 2019
2017-03-08,40,16,46,42,47,2,10000000.0,Historique Loto de mars 2017 à février 2019
2017-03-11,1,39,31,13,42,7,11000000.0,Historique Loto de mars 2017 à février 2019
2017-03-13,16,21,34,48,24,3,12000000.0,Historique Loto de mars 2017 à février 2019
2017-03-15,25,5,46,36,31,8,13000000.0,Historique Loto de mars 2017 à février 2019
2017-03-18,33,18,1,30,6,2,2000000.0,Historique Loto de mars 2017 à février 2019
2017-03-20,42,39,28,13,40,1,3000000.0,Historique Loto de mars 2017 à février 2019
2017-03-22,43,25,28,2,11,5,4000000.0,Historique Loto de mars 2017 à février 2019
2017-03-25,2,5,8,43,49,1,5000000.0,Historique Loto de mars 2017 à février 2019
2017-03-27,2,49,9,38,18,8,6000000.0,Historique Loto de mars 2017 à février 2019
2017-03-29,35,14,10,26,25,5,7000000.0,Historique Loto de mars 2017 à février 2019
2017-04-01,46,2,44,9,25,9,8000000.0,Historique Loto de mars 2017 à février 2019
2017-04-03,34,16,44,3,9,3,9000000.0,Historique Loto de mars 2017 à février 2019
2017-04-05,10,40,42,20,6,10,2000000.0,Historique Loto de mars 2017 à février 2019
2017-04-08,17,44,18,45,29,5,3000000.0,Historique Loto de mars 2017 à février 2019
2017-04-10,11,3,20,14,1,2,4000000.0,Historique Loto de mars 2017 à février 2019
2017-04-12,48,18,3,28,40,7,5000000.0,Historique Loto de mars 2017 à février 2019
2017-04-15,28,29,41,40,49,5,6000000.0,Historique Loto de mars 2017 à février 2019
2017-04-17,8,36,46,4,33,7,7000000.0,Historique Loto de mars 2017 à février 2019
2017-04-19,47,39,38,41,48,9,8000000.0,Historique Loto de mars 2017 à février 2019
2017-04-22,17,21,31,1,46,5,9000000.0,Historique Loto de mars 2017 à février 2019
2017-04-24,7,42,28,45,41,9,10000000.0,Historique Loto de mars 2017 à février 2019
2017-04-26,27,6,8,14,16,5,3666667.0,Historique Loto de mars 2017 à février 2019
2017-04-29,48,37,46,44,34,9,2000000.0,Historique Loto de mars 2017 à février 2019
2017-05-01,18,46,37,16,35,6,3000000.0,Historique Loto de mars 2017 à février 2019
2017-05-03,20,15,27,46,6,3,4000000.0,Historique Loto de mars 2017 à février 2019
2017-05-06,27,41,34,6,45,5,5000000.0,Historique Loto de mars 2017 à février 2019
2017-05-08,33,7,47,22,43,6,6000000.0,Historique Loto de mars 2017 à février 2019
2017-05-10,30,22,20,43,12,9,7000000.0,Historique Loto de mars 2017 à février 2019
2017-05-13,16,13,9,28,47,10,8000000.0,Historique Loto de mars 2017 à février 2019
2017-05-15,22,13,1,27,5,1,9000000.0,Historique Loto de mars 2017 à février 2019
2017-05-17,25,44,6,30,22,7,2000000.0,Historique Loto de mars 2017 à février 2019
2017-05-20,33,31,28,34,42,3,3000000.0,Historique Loto de mars 2017 à février 2019
2017-05-22,27,21,22,7,31,10,4000000.0,Historique Loto de mars 2017 à février 2019
2017-05-24,17,22,18,8,30,5,5000000.0,Historique Loto de mars 2017 à février 2019
2017-05-27,9,8,28,40,17,8,5000000.0,Historique Loto de mars 2017 à février 2019
2017-05-29,40,43,39,41,1,9,2000000.0,Historique Loto de mars 2017 à février 2019
2017-05-31,1,36,9,41,27,1,3000000.0,Historique Loto de mars 2017 à février 2019
2017-06-03,23,45,36,34,44,3,4000000.0,Historique Loto de mars 2017 à février 2019
2017-06-05,49,12,17,41,21,7,5000000.0,Historique Loto de mars 2017 à février 2019
2017-06-07,22,43,36,40,21,5,6000000.0,Historique Loto de mars 2017 à février 2019
2017-06-10,49,34,37,36,8,10,7000000.0,Historique Loto de mars 2017 à février 2019
2017-06-12,5,29,4,7,27,5,4000000.0,Historique Loto de mars 2017 à février 2019
2017-06-14,44,43,49,41,31,5,2000000.0,Historique Loto de mars 2017 à février 2019
2017-06-17,26,25,40,14,39,3,3000000.0,Historique Loto de mars 2017 à février 2019
2017-06-19,25,43,18,47,40,9,4000000.0,Historique Loto de mars 2017 à février 2019
2017-06-21,12,22,34,18,39,6,5000000.0,Historique Loto de mars 2017 à février 2019
2017-06-24,48,27,23,35,24,5,6000000.0,Historique Loto de mars 2017 à février 2019
2017-06-26,1,49,5,29,38,9,7000000.0,Historique Loto de mars 2017 à février 2019
2017-06-28,48,30,37,29,9,1,8000000.0,Historique Loto de mars 2017 à février 2019
2017-07-01,26,47,16,33,21,8,9000000.0,Historique Loto de mars 2017 à février 2019
2017-07-03,48,8,10,28,2,2,10000000.0,Historique Loto de mars 2017 à février 2019
2017-07-05,18,29,17,34,8,6,11000000.0,Historique Loto de mars 2017 à février 2019
2017-07-08,9,30,46,43,31,10,12000000.0,Historique Loto de mars 2017 à février 2019
2017-07-10,23,43,17,21,18,4,13000000.0,Historique Loto de mars 2017 à février 2019
2017-07-12,3,16,31,43,18,5,14000000.0,Historique Loto de mars 2017 à février 2019
2017-07-15,34,37,24,48,29,2,15000000.0,Historique Loto de mars 2017 à février 2019
2017-07-17,40,41,5,33,16,2,16000000.0,Historique Loto de mars 2017 à février 2019
2017-07-19,16,26,6,8,9,7,17000000.0,Historique Loto de mars 2017 à février 2019
2017-07-22,40,30,16,5,28,9,2000000.0,Historique Loto de mars 2017 à février 2019
2017-07-24,14,11,38,21,35,3,3000000.0,Historique Loto de mars 2017 à février 2019
2017-07-26,13,44,35,3,25,2,2000000.0,Historique Loto de mars 2017 à février 2019
2017-07-29,24,41,45,23,10,1,2000000.0,Historique Loto de mars 2017 à février 2019
2017-07-31,45,37,47,25,31,7,3000000.0,Historique Loto de mars 2017 à février 2019
2017-08-02,34,30,9,12,32,7,4000000.0,Historique Loto de mars 2017 à février 2019
2017-08-05,3,25,30,13,37,2,2000000.0,Historique Loto de mars 2017 à février 2019
2017-08-07,38,24,42,21,14,4,3000000.0,Historique Loto de mars 2017 à février 2019
2017-08-09,32,38,36,31,49,1,4000000.0,Historique Loto de mars 2017 à février 2019
2017-08-12,13,36,41,15,5,10,5000000.0,Historique Loto de mars 2017 à février 2019
2017-08-14,13,15,39,2,9,4,2000000.0,Historique Loto de mars 2017 à février 2019
2017-08-16,31,29,25,19,41,4,3000000.0,Historique Loto de mars 2017 à février 2019
2017-08-19,39,8,40,21,7,7,4000000.0,Historique Loto de mars 2017 à février 2019
2017-08-21,8,36,43,27,14,5,2000000.0,Historique Loto de mars 2017 à février 2019
2017-08-23,32,23,16,1,4,7,2000000.0,Historique Loto de mars 2017 à février 2019
2017-08-26,10,40,35,32,38,3,3000000.0,Historique Loto de mars 2017 à février 2019
2017-08-28,6,8,20,24,42,6,4000000.0,Historique Loto de mars 2017 à février 2019
2017-08-30,29,26,7,12,47,9,5000000.0,Historique Loto de mars 2017 à février 2019
2017-09-02,10,14,1,40,18,7,6000000.0,Historique Loto de mars 2017 à février 2019
2017-09-04,33,6,27,1,35,9,7000000.0,Historique Loto de mars 2017 à février 2019
2017-09-06,49,46,28,19,39,4,8000000.0,Historique Loto de mars 2017 à février 2019
2017-09-09,44,13,19,15,39,1,2000000.0,Historique Loto de mars 2017 à février 2019
2017-09-11,23,42,48,45,12,9,3000000.0,Historique Loto de mars 2017 à février 2019
2017-09-13,18,45,4,25,33,1,2000000.0,Historique Loto de mars 2017 à février 2019
2017-09-16,37,46,4,18,16,5,3000000.0,Historique Loto de mars 2017 à février 2019
2017-09-18,12,25,37,29,34,9,4000000.0,Historique Loto de mars 2017 à février 2019
2017-09-20,37,6,4,17,22,6,5000000.0,Historique Loto de mars 2017 à février 2019
2017-09-23,15,33,22,19,37,4,6000000.0,Historique Loto de mars 2017 à février 2019
2017-09-25,37,16,17,33,34,6,2000000.0,Historique Loto de mars 2017 à février 2019
2017-09-27,13,10,16,42,35,4,3000000.0,Historique Loto de mars 2017 à février 2019
2017-09-30,16,44,3,38,27,7,4000000.0,Historique Loto de mars 2017 à février 2019
2017-10-02,1,11,28,12,20,7,1000000.0,Historique Loto de mars 2017 à février 2019
2017-10-04,45,34,20,30,1,9,2000000.0,Historique Loto de mars 2017 à février 2019
2017-10-07,41,44,8,37,46,3,3000000.0,Historique Loto de mars 2017 à février 2019
2017-10-09,47,30,6,15,3,9,2000000.0,Historique Loto de mars 2017 à février 2019
2017-10-11,44,48,6,29,15,4,1500000.0,Historique Loto de mars 2017 à février 2019
2017-10-14,18,20,38,43,47,3,14000000.0,Historique Loto de mars 2017 à février 2019
2017-10-16,39,48,30,5,32,8,2000000.0,Historique Loto de mars 2017 à février 2019
2017-10-18,5,13,25,12,24,7,3000000.0,Historique Loto de mars 2017 à février 2019
2017-10-21,2,42,6,20,21,8,2000000.0,Historique Loto de mars 2017 à février 2019
2017-10-23,12,21,47,44,25,3,3000000.0,Historique Loto de mars 2017 à février 2019
2017-10-25,9,3,19,41,43,8,4000000.0,Historique Loto de mars 2017 à février 2019
2017-10-28,22,12,47,5,29,8,5000000.0,Historique Loto de mars 2017 à février 2019
2017-10-30,32,42,12,44,34,5,2000000.0,Historique Loto de mars 2017 à février 2019
2017-11-01,18,8,26,9,32,1,3000000.0,Historique Loto de mars 2017 à février 2019
2017-11-04,23,7,38,35,6,7,2000000.0,Historique Loto de mars 2017 à février 2019
2017-11-06,30,45,49,27,48,1,2000000.0,Historique Loto de mars 2017 à février 2019
2017-11-08,37,41,13,26,2,5,3000000.0,Historique Loto de mars 2017 à février 2019
2017-11-11,40,47,48,1,36,3,4000000.0,Historique Loto de mars 2017 à février 2019
2017-11-13,30,29,24,3,43,5,5000000.0,Historique Loto de mars 2017 à février 2019
2017-11-15,12,10,16,35,14,6,6000000.0,Historique Loto de mars 2017 à février 2019
2017-11-18,13,9,17,37,48,1,7000000.0,Historique Loto de mars 2017 à février 2019
2017-11-20,6,30,40,43,35,3,8000000.0,Historique Loto de mars 2017 à février 2019
2017-11-22,30,1,10,2,39,8,9000000.0,Historique Loto de mars 2017 à février 2019
2017-11-25,43,1,48,2,47,10,10000000.0,Historique Loto de mars 2017 à février 2019
2017-11-27,36,5,6,39,46,6,11000000.0,Historique Loto de mars 2017 à février 2019
2017-11-29,8,20,3,12,13,4,12000000.0,Historique Loto de mars 2017 à février 2019
2017-12-02,24,45,39,33,35,1,13000000.0,Historique Loto de mars 2017 à février 2019
2017-12-04,43,32,15,23,41,8,2000000.0,Historique Loto de mars 2017 à février 2019
2017-12-06,27,12,38,7,30,1,2000000.0,Historique Loto de mars 2017 à février 2019
2017-12-09,48,49,10,46,23,8,3000000.0,Historique Loto de mars 2017 à février 2019
2017-12-11,47,34,26,43,29,4,4000000.0,Historique Loto de mars 2017 à février 2019
2017-12-13,17,49,24,43,28,8,5000000.0,Historique Loto de mars 2017 à février 2019
2017-12-16,48,20,15,9,49,6,6000000.0,Historique Loto de mars 2017 à février 2019
2017-12-18,11,39,48,10,29,9,2000000.0,Historique Loto de mars 2017 à février 2019
2017-12-20,6,11,13,24,10,9,3000000.0,Historique Loto de mars 2017 à février 2019
2017-12-23,4,6,44,8,48,10,2000000.0,Historique Loto de mars 2017 à février 2019
2017-12-25,3,31,6,10,29,8,3000000.0,Historique Loto de mars 2017 à février 2019
2017-12-27,22,6,48,7,14,8,2000000.0,Historique Loto de mars 2017 à février 2019
2017-12-30,40,28,35,13,12,8,3000000.0,Historique Loto de mars 2017 à février 2019
2018-01-01,7,43,10,9,14,1,2000000.0,Historique Loto de mars 2017 à février 2019
2018-01-03,34,44,27,23,4,4,3000000.0,Historique Loto de mars 2017 à février 2019
2018-01-06,45,40,17,6,31,9,4000000.0,Historique Loto de mars 2017 à février 2019
2018-01-08,8,44,37,43,45,2,2000000.0,Historique Loto de mars 2017 à février 2019
2018-01-10,7,49,18,9,16,3,3000000.0,Historique Loto de mars 2017 à février 2019
2018-01-13,48,35,20,31,36,10,4000000.0,Historique Loto de mars 2017 à février 2019
2018-01-15,15,28,22,2,5,2,2000000.0,Historique Loto de mars 2017 à février 2019
2018-01-17,16,25,40,49,4,3,3000000.0,Historique Loto de mars 2017 à février 2019
2018-01-20,44,32,27,38,46,7,4000000.0,Historique Loto de mars 2017 à février 2019
2018-01-22,31,11,16,1,14,2,5000000.0,Historique Loto de mars 2017 à février 2019
2018-01-24,9,37,35,23,28,5,2000000.0,Historique Loto de mars 2017 à février 2019
2018-01-27,45,10,9,34,39,10,3000000.0,Historique Loto de mars 2017 à février 2019
2018-01-29,11,32,27,36,21,6,4000000.0,Historique Loto de mars 2017 à février 2019
2018-01-31,29,26,16,4,49,1,5000000.0,Historique Loto de mars 2017 à février 2019
2018-02-03,22,9,23,38,13,4,2000000.0,Historique Loto de mars 2017 à février 2019
2018-02-05,7,29,1,30,45,7,2000000.0,Historique Loto de mars 2017 à février 2019
2018-02-07,44,13,17,48,33,3,3000000.0,Historique Loto de mars 2017 à février 2019
2018-02-10,19,31,2,40,42,5,4000000.0,Historique Loto de mars 2017 à février 2019
2018-02-12,27,35,48,3,32,9,5000000.0,Historique Loto de mars 2017 à février 2019
2018-02-14,13,3,44,19,5,4,10000000.0,Historique Loto de mars 2017 à février 2019
2018-02-17,49,48,14,22,38,9,11000000.0,Historique Loto de mars 2017 à février 2019
2018-02-19,32,9,8,29,28,2,12000000.0,Historique Loto de mars 2017 à février 2019
2018-02-21,12,41,2,28,16,1,2000000.0,Historique Loto de mars 2017 à février 2019
2018-02-24,12,6,9,31,43,3,3000000.0,Historique Loto de mars 2017 à février 2019
2018-02-26,13,34,39,42,37,3,2000000.0,Historique Loto de mars 2017 à février 2019
2018-02-28,42,5,49,31,28,7,3000000.0,Historique Loto de mars 2017 à février 2019
2018-03-03,3,4,8,2,31,9,4000000.0,Historique Loto de mars 2017 à février 2019
2018-03-05,44,38,25,17,41,9,5000000.0,Historique Loto de mars 2017 à février 2019
2018-03-07,13,6,18,36,37,5,6000000.0,Historique Loto de mars 2017 à février 2019
2018-03-10,5,47,23,21,18,6,7000000.0,Historique Loto de mars 2017 à février 2019
2018-03-12,27,7,10,38,13,8,8000000.0,Historique Loto de mars 2017 à février 2019
2018-03-14,36,46,13,4,3,10,9000000.0,Historique Loto de mars 2017 à février 2019
2018-03-17,48,43,36,30,13,9,10000000.0,Historique Loto de mars 2017 à février 2019
2018-03-19,20,15,27,46,24,10,11000000.0,Historique Loto de mars 2017 à février 2019
2018-03-21,31,45,21,30,29,2,12000000.0,Historique Loto de mars 2017 à février 2019
2018-03-24,31,11,44,35,26,9,13000000.0,Historique Loto de mars 2017 à février 2019
2018-03-26,27,17,37,10,4,10,2000000.0,Historique Loto de mars 2017 à février 2019
2018-03-28,43,39,15,5,45,10,3000000.0,Historique Loto de mars 2017 à février 2019
2018-03-31,42,2,41,18,31,8,4000000.0,Historique Loto de mars 2017 à février 2019
2018-04-02,28,34,18,13,14,2,2000000.0,Historique Loto de mars 2017 à février 2019
2018-04-04,19,40,22,45,36,6,3000000.0,Historique Loto de mars 2017 à février 2019
2018-04-07,26,34,10,45,7,7,4000000.0,Historique Loto de mars 2017 à février 2019
2018-04-09,1,32,20,28,42,6,5000000.0,Historique Loto de mars 2017 à février 2019
2018-04-11,40,46,32,17,1,8,6000000.0,Historique Loto de mars 2017 à février 2019
2018-04-14,24,5,49,36,1,7,14000000.0,Historique Loto de mars 2017 à février 2019
2018-04-16,16,25,6,21,26,5,2000000.0,Historique Loto de mars 2017 à février 2019
2018-04-18,18,11,38,17,46,8,3000000.0,Historique Loto de mars 2017 à février 2019
2018-04-21,26,20,2,11,39,5,4000000.0,Historique Loto de mars 2017 à février 2019
2018-04-23,2,33,20,29,32,8,5000000.0,Historique Loto de mars 2017 à février 2019
2018-04-25,21,23,5,10,36,1,6000000.0,Historique Loto de mars 2017 à février 2019
2018-04-28,36,14,40,31,47,2,7000000.0,Historique Loto de mars 2017 à février 2019
2018-04-30,43,48,49,36,7,7,8000000.0,Historique Loto de mars 2017 à février 2019
2018-05-02,8,1,14,10,21,10,4500000.0,Historique Loto de mars 2017 à février 2019
2018-05-05,9,30,47,41,15,5,2000000.0,Historique Loto de mars 2017 à février 2019
2018-05-07,43,13,10,23,46,6,2000000.0,Historique Loto de mars 2017 à février 2019
2018-05-09,10,23,35,34,5,6,2000000.0,Historique Loto de mars 2017 à février 2019
2018-05-12,6,23,9,47,5,10,3000000.0,Historique Loto de mars 2017 à février 2019
2018-05-14,40,33,23,1,5,8,4000000.0,Historique Loto de mars 2017 à février 2019
2018-05-16,44,37,7,23,41,8,5000000.0,Historique Loto de mars 2017 à février 2019
2018-05-19,5,47,30,45,12,9,6000000.0,Historique Loto de mars 2017 à février 2019
2018-05-21,20,4,46,16,5,5,7000000.0,Historique Loto de mars 2017 à février 2019
2018-05-23,14,29,3,36,25,9,8000000.0,Historique Loto de mars 2017 à février 2019
2018-05-26,26,24,2,43,3,8,10000000.0,Historique Loto de mars 2017 à février 2019
2018-05-28,35,10,25,21,23,10,11000000.0,Historique Loto de mars 2017 à février 2019
2018-05-30,4,44,41,36,33,6,12000000.0,Historique Loto de mars 2017 à février 2019
2018-06-02,18,13,31,7,35,4,2000000.0,Historique Loto de mars 2017 à février 2019
2018-06-04,8,38,48,16,35,2,3000000.0,Historique Loto de mars 2017 à février 2019
2018-06-06,43,5,33,6,47,2,4000000.0,Historique Loto de mars 2017 à février 2019
2018-06-09,7,16,5,9,12,10,5000000.0,Historique Loto de mars 2017 à février 2019
2018-06-11,44,41,49,25,14,4,2000000.0,Historique Loto de mars 2017 à février 2019
2018-06-13,20,48,15,29,49,1,3000000.0,Historique Loto de mars 2017 à février 2019
2018-06-16,35,17,8,43,19,9,4000000.0,Historique Loto de mars 2017 à février 2019
2018-06-18,34,2,7,13,44,8,2000000.0,Historique Loto de mars 2017 à février 2019
2018-06-20,43,33,8,30,6,3,2000000.0,Historique Loto de mars 2017 à février 2019
2018-06-23,41,32,49,10,36,10,3000000.0,Historique Loto de mars 2017 à février 2019
2018-06-25,14,9,21,13,32,5,2000000.0,Historique Loto de mars 2017 à février 2019
2018-06-27,26,11,9,41,8,10,2000000.0,Historique Loto de mars 2017 à février 2019
2018-06-30,5,36,23,29,45,7,3000000.0,Historique Loto de mars 2017 à février 2019
2018-07-02,48,38,36,45,16,8,4000000.0,Historique Loto de mars 2017 à février 2019
2018-07-04,41,23,16,20,45,5,5000000.0,Historique Loto de mars 2017 à février 2019
2018-07-07,41,3,34,11,10,10,6000000.0,Historique Loto de mars 2017 à février 2019
2018-07-09,9,21,19,36,40,1,7000000.0,Historique Loto de mars 2017 à février 2019
2018-07-11,11,46,1,22,42,4,8000000.0,Historique Loto de mars 2017 à février 2019
2018-07-14,47,37,45,3,20,3,14000000.0,Historique Loto de mars 2017 à février 2019
2018-07-16,36,31,9,16,3,1,15000000.0,Historique Loto de mars 2017 à février 2019
2018-07-18,18,26,27,43,35,7,16000000.0,Historique Loto de mars 2017 à février 2019
2018-07-21,44,18,9,28,1,10,8500000.0,Historique Loto de mars 2017 à février 2019
2018-07-23,7,20,41,40,11,6,2000000.0,Historique Loto de mars 2017 à février 2019
2018-07-25,35,27,22,20,30,3,3000000.0,Historique Loto de mars 2017 à février 2019
2018-07-28,7,23,13,18,21,10,4000000.0,Historique Loto de mars 2017 à février 2019
2018-07-30,33,7,13,41,43,2,5000000.0,Historique Loto de mars 2017 à février 2019
2018-08-01,47,15,45,35,17,4,6000000.0,Historique Loto de mars 2017 à février 2019
2018-08-04,41,23,9,32,38,3,7000000.0,Historique Loto de mars 2017 à février 2019
2018-08-06,30,4,37,32,23,6,8000000.0,Historique Loto de mars 2017 à février 2019
2018-08-08,5,19,29,15,24,8,9000000.0,Historique Loto de mars 2017 à février 2019
2018-08-11,41,27,44,46,14,5,10000000.0,Historique Loto de mars 2017 à février 2019
2018-08-13,10,19,21,2,40,6,11000000.0,Historique Loto de mars 2017 à février 2019
2018-08-15,40,21,47,27,6,8,2000000.0,Historique Loto de mars 2017 à février 2019
2018-08-18,33,37,31,16,49,8,3000000.0,Historique Loto de mars 2017 à février 2019
2018-08-20,15,48,42,18,40,10,4000000.0,Historique Loto de mars 2017 à février 2019
2018-08-22,16,42,12,6,40,3,5000000.0,Historique Loto de mars 2017 à février 2019
2018-08-25,29,6,15,44,16,3,2000000.0,Historique Loto de mars 2017 à février 2019
2018-08-27,40,17,24,18,10,2,2000000.0,Historique Loto de mars 2017 à février 2019
2018-08-29,17,45,19,40,31,1,3000000.0,Historique Loto de mars 2017 à février 2019
2018-09-01,32,35,11,41,42,6,4000000.0,Historique Loto de mars 2017 à février 2019
2018-09-03,18,2,15,1,41,10,5000000.0,Historique Loto de mars 2017 à février 2019
2018-09-05,7,39,34,6,15,1,6000000.0,Historique Loto de mars 2017 à février 2019
2018-09-08,6,19,22,34,20,10,7000000.0,Historique Loto de mars 2017 à février 2019
2018-09-10,27,20,19,46,38,10,8000000.0,Historique Loto de mars 2017 à février 2019
2018-09-12,11,33,24,35,4,9,9000000.0,Historique Loto de mars 2017 à février 2019
2018-09-15,11,26,1,46,13,5,2000000.0,Historique Loto de mars 2017 à février 2019
2018-09-17,43,42,8,15,26,5,2000000.0,Historique Loto de mars 2017 à février 2019
2018-09-19,15,42,4,27,25,5,3000000.0,Historique Loto de mars 2017 à février 2019
2018-09-22,14,37,39,18,38,9,4000000.0,Historique Loto de mars 2017 à février 2019
2018-09-24,12,30,17,8,6,3,2000000.0,Historique Loto de mars 2017 à février 2019
2018-09-26,40,18,15,36,10,3,3000000.0,Historique Loto de mars 2017 à février 2019
2018-09-29,31,7,15,10,17,4,4000000.0,Historique Loto de mars 2017 à février 2019
2018-10-01,6,1,40,7,2,4,2000000.0,Historique Loto de mars 2017 à février 2019
2018-10-03,31,24,11,20,32,8,2000000.0,Historique Loto de mars 2017 à février 2019
2018-10-06,49,39,8,48,1,9,3000000.0,Historique Loto de mars 2017 à février 2019
2018-10-08,46,1,4,23,24,2,4000000.0,Historique Loto de mars 2017 à février 2019
2018-10-10,5,24,38,29,4,3,5000000.0,Historique Loto de mars 2017 à février 2019
2018-10-13,1,36,45,4,22,8,6000000.0,Historique Loto de mars 2017 à février 2019
2018-10-15,8,14,25,19,49,5,7000000.0,Historique Loto de mars 2017 à février 2019
2018-10-17,33,13,7,2,41,1,8000000.0,Historique Loto de mars 2017 à février 2019
2018-10-20,7,17,31,12,48,8,9000000.0,Historique Loto de mars 2017 à février 2019
2018-10-22,10,4,29,19,47,6,2000000.0,Historique Loto de mars 2017 à février 2019
2018-10-24,28,45,34,36,9,6,3000000.0,Historique Loto de mars 2017 à février 2019
2018-10-27,26,21,36,29,35,9,4000000.0,Historique Loto de mars 2017 à février 2019
2018-10-29,9,42,24,43,22,7,5000000.0,Historique Loto de mars 2017 à février 2019
2018-10-31,34,14,2,28,38,4,2000000.0,Historique Loto de mars 2017 à février 2019
2018-11-03,6,29,8,9,39,2,3000000.0,Historique Loto de mars 2017 à février 2019
2018-11-05,9,11,39,29,32,8,4000000.0,Historique Loto de mars 2017 à février 2019
2018-11-07,33,27,3,20,6,8,5000000.0,Historique Loto de mars 2017 à février 2019
2018-11-10,20,43,18,44,30,7,6000000.0,Historique Loto de mars 2017 à février 2019
2018-11-12,13,14,37,21,15,7,7000000.0,Historique Loto de mars 2017 à février 2019
2018-11-14,36,41,15,49,48,5,8000000.0,Historique Loto de mars 2017 à février 2019
2018-11-17,42,20,27,22,12,7,9000000.0,Historique Loto de mars 2017 à février 2019
2018-11-19,33,46,21,20,28,7,10000000.0,Historique Loto de mars 2017 à février 2019
2018-11-21,22,45,20,21,23,10,11000000.0,Historique Loto de mars 2017 à février 2019
2018-11-24,15,11,5,22,10,5,4000000.0,Historique Loto de mars 2017 à février 2019
2018-11-26,36,30,34,14,21,2,2000000.0,Historique Loto de mars 2017 à février 2019
2018-11-28,3,38,30,10,15,6,3000000.0,Historique Loto de mars 2017 à février 2019
2018-12-01,15,6,3,23,39,2,4000000.0,Historique Loto de mars 2017 à février 2019
2018-12-03,1,15,9,19,39,5,5000000.0,Historique Loto de mars 2017 à février 2019
2018-12-05,6,19,41,17,18,9,2000000.0,Historique Loto de mars 2017 à février 2019
2018-12-08,25,38,11,29,14,8,3000000.0,Historique Loto de mars 2017 à février 2019
2018-12-10,8,34,16,13,37,10,4000000.0,Historique Loto de mars 2017 à février 2019
2018-12-12,39,21,45,12,44,5,5000000.0,Historique Loto de mars 2017 à février 2019
2018-12-15,38,1,3,32,30,6,6000000.0,Historique Loto de mars 2017 à février 2019
2018-12-17,2,9,25,35,30,9,7000000.0,Historique Loto de mars 2017 à février 2019
2018-12-19,21,3,25,10,11,3,8000000.0,Historique Loto de mars 2017 à février 2019
2018-12-22,44,46,31,11,22,5,2000000.0,Historique Loto de mars 2017 à février 2019
2018-12-24,10,22,34,43,46,2,2000000.0,Historique Loto de mars 2017 à février 2019
2018-12-26,45,9,5,24,11,10,1000000.0,Historique Loto de mars 2017 à février 2019
2018-12-29,26,30,42,38,12,5,2000000.0,Historique Loto de mars 2017 à février 2019
2018-12-31,43,24,34,27,14,10,10000000.0,Historique Loto de mars 2017 à février 2019
2019-01-02,36,12,29,2,26,7,11000000.0,Historique Loto de mars 2017 à février 2019
2019-01-05,48,18,40,7,6,7,2000000.0,Historique Loto de mars 2017 à février 2019
2019-01-07,1,19,12,31,7,10,3000000.0,Historique Loto de mars 2017 à février 2019
2019-01-09,6,19,46,21,15,10,2000000.0,Historique Loto de mars 2017 à février 2019
2019-01-12,19,24,11,34,25,8,3000000.0,Historique Loto de mars 2017 à février 2019
2019-01-14,35,33,44,1,11,10,4000000.0,Historique Loto de mars 2017 à février 2019
2019-01-16,15,11,10,1,31,3,5000000.0,Historique Loto de mars 2017 à février 2019
2019-01-19,37,10,39,16,34,7,2000000.0,Historique Loto de mars 2017 à février 2019
2019-01-21,17,26,30,47,20,6,3000000.0,Historique Loto de mars 2017 à février 2019
2019-01-23,25,17,41,24,38,10,4000000.0,Historique Loto de mars 2017 à février 2019
2019-01-26,30,14,12,16,42,2,5000000.0,Historique Loto de mars 2017 à février 2019
2019-01-28,37,15,30,6,47,6,6000000.0,Historique Loto de mars 2017 à février 2019
2019-01-30,20,47,15,11,30,9,7000000.0,Historique Loto de mars 2017 à février 2019
2019-02-02,32,27,5,7,35,3,8000000.0,Historique Loto de mars 2017 à février 2019
2019-02-04,40,12,37,24,42,1,9000000.0,Historique Loto de mars 2017 à février 2019
2019-02-06,4,15,21,26,22,10,10000000.0,Historique Loto de mars 2017 à février 2019
2019-02-09,47,40,45,42,3,9,11000000.0,Historique Loto de mars 2017 à février 2019
2019-02-11,43,15,13,48,25,5,12000000.0,Historique Loto de mars 2017 à février 2019
2019-02-13,43,41,29,14,7,3,13000000.0,Historique Loto de mars 2017 à février 2019
2019-02-16,8,7,25,11,46,7,14000000.0,Historique Loto de mars 2017 à février 2019
2019-02-18,18,9,11,33,7,9,2000000.0,Historique Loto de mars 2017 à février 2019
2019-02-20,25,29,8,34,15,1,2000000.0,Historique Loto de mars 2017 à février 2019
2019-02-23,3,45,13,4,44,5,3000000.0,Historique Loto de mars 2017 à février 2019
2019-02-25,7,44,37,48,38,7,4000000.0,Historique Loto de mars 2017 à février 2019
2019-02-27,14,1,34,19,4,2,5000000.0,Historique Loto de février 2019 à novembre 2019
2019-03-02,46,42,38,25,16,9,6000000.0,Historique Loto de février 2019 à novembre 2019
2019-03-04,4,15,11,36,33,2,7000000.0,Historique Loto de février 2019 à novembre 2019
2019-03-06,14,23,15,44,46,5,2000000.0,Historique Loto de février 2019 à novembre 2019
2019-03-09,32,47,43,35,15,10,3000000.0,Historique Loto de février 2019 à novembre 2019
2019-03-11,25,24,16,6,5,1,4000000.0,Historique Loto de février 2019 à novembre 2019
2019-03-13,29,5,20,8,32,3,5000000.0,Historique Loto de février 2019 à novembre 2019
2019-03-16,33,19,1,31,22,1,6000000.0,Historique Loto de février 2019 à novembre 2019
2019-03-18,38,23,45,24,44,6,2000000.0,Historique Loto de février 2019 à novembre 2019
2019-03-20,13,3,21,2,40,8,2000000.0,Historique Loto de février 2019 à novembre 2019
2019-03-23,12,1,40,28,26,6,3000000.0,Historique Loto de février 2019 à novembre 2019
2019-03-25,46,47,23,22,24,2,4000000.0,Historique Loto de février 2019 à novembre 2019
2019-03-27,49,45,25,10,19,1,5000000.0,Historique Loto de février 2019 à novembre 2019
2019-03-30,15,44,41,3,2,3,6000000.0,Historique Loto de février 2019 à novembre 2019
2019-04-01,32,14,35,46,11,10,7000000.0,Historique Loto de février 2019 à novembre 2019
2019-04-03,16,38,18,45,10,3,8000000.0,Historique Loto de février 2019 à novembre 2019
2019-04-06,19,26,13,27,24,7,9000000.0,Historique Loto de février 2019 à novembre 2019
2019-04-08,24,9,26,15,13,9,2000000.0,Historique Loto de février 2019 à novembre 2019
2019-04-10,22,23,14,42,16,5,2000000.0,Historique Loto de février 2019 à novembre 2019
2019-04-13,17,9,1,24,46,8,2000000.0,Historique Loto de février 2019 à novembre 2019
2019-04-15,32,44,40,17,38,6,3000000.0,Historique Loto de février 2019 à novembre 2019
2019-04-17,29,17,34,48,8,3,2000000.0,Historique Loto de février 2019 à novembre 2019
2019-04-20,4,30,15,49,45,3,10000000.0,Historique Loto de février 2019 à novembre 2019
2019-04-22,39,7,21,29,5,7,11000000.0,Historique Loto de février 2019 à novembre 2019
2019-04-24,3,11,35,13,15,3,12000000.0,Historique Loto de février 2019 à novembre 2019
2019-04-27,27,17,26,25,33,2,13000000.0,Historique Loto de février 2019 à novembre 2019
2019-04-29,33,43,39,6,29,2,14000000.0,Historique Loto de février 2019 à novembre 2019
2019-05-01,26,48,25,16,34,8,15000000.0,Historique Loto de février 2019 à novembre 2019
2019-05-04,38,18,3,24,29,9,16000000.0,Historique Loto de février 2019 à novembre 2019
2019-05-06,23,38,5,24,35,3,17000000.0,Historique Loto de février 2019 à novembre 2019
2019-05-08,2,16,4,20,35,5,18000000.0,Historique Loto de février 2019 à novembre 2019
2019-05-11,24,44,34,19,45,2,19000000.0,Historique Loto de février 2019 à novembre 2019
2019-05-13,15,24,37,40,41,4,20000000.0,Historique Loto de février 2019 à novembre 2019
2019-05-15,38,44,46,27,42,1,21000000.0,Historique Loto de février 2019 à novembre 2019
2019-05-18,19,4,10,42,46,5,2000000.0,Historique Loto de février 2019 à novembre 2019
2019-05-20,32,14,43,29,41,1,3000000.0,Historique Loto de février 2019 à novembre 2019
2019-05-22,1,48,27,49,37,1,4000000.0,Historique Loto de février 2019 à novembre 2019
2019-05-25,42,47,2,13,43,10,10000000.0,Historique Loto de février 2019 à novembre 2019
2019-05-27,33,13,28,18,42,9,11000000.0,Historique Loto de février 2019 à novembre 2019
2019-05-29,36,48,14,13,6,2,12000000.0,Historique Loto de février 2019 à novembre 2019
2019-06-01,35,26,13,45,20,3,2000000.0,Historique Loto de février 2019 à novembre 2019
2019-06-03,42,12,9,41,33,1,3000000.0,Historique Loto de février 2019 à novembre 2019
2019-06-05,28,47,26,38,17,7,4000000.0,Historique Loto de février 2019 à novembre 2019
2019-06-08,14,41,9,10,45,1,5000000.0,Historique Loto de février 2019 à novembre 2019
2019-06-10,9,24,18,49,39,8,6000000.0,Historique Loto de février 2019 à novembre 2019
2019-06-12,25,31,45,38,3,9,7000000.0,Historique Loto de février 2019 à novembre 2019
2019-06-15,2,13,20,30,37,6,2000000.0,Historique Loto de février 2019 à novembre 2019
2019-06-17,20,49,31,12,13,2,3000000.0,Historique Loto de février 2019 à novembre 2019
2019-06-19,45,46,4,36,18,5,4000000.0,Historique Loto de février 2019 à novembre 2019
2019-06-22,13,20,10,25,27,2,5000000.0,Historique Loto de février 2019 à novembre 2019
2019-06-24,33,16,1,32,45,6,6000000.0,Historique Loto de février 2019 à novembre 2019
2019-06-26,4,47,43,30,7,10,7000000.0,Historique Loto de février 2019 à novembre 2019
2019-06-29,46,42,1,4,3,3,8000000.0,Historique Loto de février 2019 à novembre 2019
2019-07-01,38,23,41,3,17,3,9000000.0,Historique Loto de février 2019 à novembre 2019
2019-07-03,39,38,8,31,45,8,10000000.0,Historique Loto de février 2019 à novembre 2019
2019-07-06,13,6,2,27,12,10,11000000.0,Historique Loto de février 2019 à novembre 2019
2019-07-08,26,11,38,20,33,10,2000000.0,Historique Loto de février 2019 à novembre 2019
2019-07-10,7,21,29,35,47,6,3000000.0,Historique Loto de février 2019 à novembre 2019
2019-07-13,27,18,49,37,48,10,2000000.0,Historique Loto de février 2019 à novembre 2019
2019-07-15,10,1,19,13,3,4,7000000.0,Historique Loto de février 2019 à novembre 2019
2019-07-17,26,4,27,47,28,8,2000000.0,Historique Loto de février 2019 à novembre 2019
2019-07-20,21,17,29,35,18,6,3000000.0,Historique Loto de février 2019 à novembre 2019
2019-07-22,28,37,44,11,7,3,4000000.0,Historique Loto de février 2019 à novembre 2019
2019-07-24,39,25,10,32,40,10,2000000.0,Historique Loto de février 2019 à novembre 2019
2019-07-27,25,28,39,47,31,8,3000000.0,Historique Loto de février 2019 à novembre 2019
2019-07-29,6,29,3,47,21,3,2000000.0,Historique Loto de février 2019 à novembre 2019
2019-07-31,32,18,8,36,30,5,3000000.0,Historique Loto de février 2019 à novembre 2019
2019-08-03,10,4,5,23,7,4,1000000.0,Historique Loto de février 2019 à novembre 2019
2019-08-05,5,45,22,26,33,9,2000000.0,Historique Loto de février 2019 à novembre 2019
2019-08-07,26,28,36,29,5,4,3000000.0,Historique Loto de février 2019 à novembre 2019
2019-08-10,37,4,12,9,18,3,4000000.0,Historique Loto de février 2019 à novembre 2019
2019-08-12,31,30,9,20,34,10,5000000.0,Historique Loto de février 2019 à novembre 2019
2019-08-14,45,17,27,48,34,2,6000000.0,Historique Loto de février 2019 à novembre 2019
2019-08-17,1,21,28,8,37,2,7000000.0,Historique Loto de février 2019 à novembre 2019
2019-08-19,14,31,7,28,2,3,8000000.0,Historique Loto de février 2019 à novembre 2019
2019-08-21,17,3,38,1,25,8,9000000.0,Historique Loto de février 2019 à novembre 2019
2019-08-24,23,31,15,38,17,4,2000000.0,Historique Loto de février 2019 à novembre 2019
2019-08-26,4,21,46,27,47,6,2000000.0,Historique Loto de février 2019 à novembre 2019
2019-08-28,14,25,47,7,42,5,3000000.0,Historique Loto de février 2019 à novembre 2019
2019-08-31,47,21,25,19,38,4,2000000.0,Historique Loto de février 2019 à novembre 2019
2019-09-02,6,2,44,33,21,4,3000000.0,Historique Loto de février 2019 à novembre 2019
2019-09-04,25,2,4,7,35,3,4000000.0,Historique Loto de février 2019 à novembre 2019
2019-09-07,16,12,27,30,2,2,5000000.0,Historique Loto de février 2019 à novembre 2019
2019-09-09,42,2,44,28,5,8,2000000.0,Historique Loto de février 2019 à novembre 2019
2019-09-11,35,19,6,27,14,10,3000000.0,Historique Loto de février 2019 à novembre 2019
2019-09-14,28,23,18,26,19,9,14000000.0,Historique Loto de février 2019 à novembre 2019
2019-09-16,42,35,31,32,13,5,15000000.0,Historique Loto de février 2019 à novembre 2019
2019-09-18,16,6,36,5,3,10,16000000.0,Historique Loto de février 2019 à novembre 2019
2019-09-21,15,42,41,44,8,10,17000000.0,Historique Loto de février 2019 à novembre 2019
2019-09-23,36,20,42,34,29,4,18000000.0,Historique Loto de février 2019 à novembre 2019
2019-09-25,7,1,26,22,15,3,19000000.0,Historique Loto de février 2019 à novembre 2019
2019-09-28,18,15,12,19,40,5,20000000.0,Historique Loto de février 2019 à novembre 2019
2019-09-30,43,2,33,23,47,2,1000000.0,Historique Loto de février 2019 à novembre 2019
2019-10-02,33,37,32,35,49,3,2000000.0,Historique Loto de février 2019 à novembre 2019
2019-10-05,30,2,38,16,31,5,2000000.0,Historique Loto de février 2019 à novembre 2019
2019-10-07,19,4,2,35,11,5,3000000.0,Historique Loto de février 2019 à novembre 2019
2019-10-09,14,39,17,44,36,5,4000000.0,Historique Loto de février 2019 à novembre 2019
2019-10-12,27,16,12,37,10,9,2000000.0,Historique Loto de février 2019 à novembre 2019
2019-10-14,16,48,18,24,6,9,2000000.0,Historique Loto de février 2019 à novembre 2019
2019-10-16,19,30,5,18,35,2,3000000.0,Historique Loto de février 2019 à novembre 2019
2019-10-19,36,23,24,31,32,8,4000000.0,Historique Loto de février 2019 à novembre 2019
2019-10-21,13,42,40,48,3,4,5000000.0,Historique Loto de février 2019 à novembre 2019
2019-10-23,49,44,31,33,40,1,6000000.0,Historique Loto de février 2019 à novembre 2019
2019-10-26,11,30,44,13,20,9,7000000.0,Historique Loto de février 2019 à novembre 2019
2019-10-28,46,17,36,35,18,4,8000000.0,Historique Loto de février 2019 à novembre 2019
2019-10-30,46,13,48,2,22,1,9000000.0,Historique Loto de février 2019 à novembre 2019
2019-11-02,41,1,18,16,13,3,10000000.0,Historique Loto de février 2019 à novembre 2019
2019-11-06,43,27,23,44,42,10,12000000.0,Historique Loto de novembre 2019 à juillet 2026
2019-11-09,26,24,6,18,29,3,13000000.0,Historique Loto de novembre 2019 à juillet 2026
2019-11-11,28,14,27,13,25,5,14000000.0,Historique Loto de novembre 2019 à juillet 2026
2019-11-13,22,13,10,35,19,1,15000000.0,Historique Loto de novembre 2019 à juillet 2026
2019-11-16,10,49,30,12,29,9,16000000.0,Historique Loto de novembre 2019 à juillet 2026
2019-11-18,31,44,6,15,12,7,17000000.0,Historique Loto de novembre 2019 à juillet 2026
2019-11-20,22,23,7,30,37,3,18000000.0,Historique Loto de novembre 2019 à juillet 2026
2019-11-23,4,27,28,9,22,4,19000000.0,Historique Loto de novembre 2019 à juillet 2026
2019-11-25,44,41,35,33,38,8,20000000.0,Historique Loto de novembre 2019 à juillet 2026
2019-11-27,44,2,15,29,18,4,21000000.0,Historique Loto de novembre 2019 à juillet 2026
2019-11-30,7,25,17,48,16,3,2000000.0,Historique Loto de novembre 2019 à juillet 2026
2019-12-02,39,28,14,11,42,9,3000000.0,Historique Loto de novembre 2019 à juillet 2026
2019-12-04,8,30,26,35,40,2,4000000.0,Historique Loto de novembre 2019 à juillet 2026
2019-12-07,40,29,44,38,10,8,5000000.0,Historique Loto de novembre 2019 à juillet 2026
2019-12-09,1,34,15,24,25,8,6000000.0,Historique Loto de novembre 2019 à juillet 2026
2019-12-11,25,33,48,1,40,8,7000000.0,Historique Loto de novembre 2019 à juillet 2026
2019-12-14,3,48,17,4,38,9,2000000.0,Historique Loto de novembre 2019 à juillet 2026
2019-12-16,38,26,39,35,10,6,3000000.0,Historique Loto de novembre 2019 à juillet 2026
2019-12-18,23,6,17,5,7,9,4000000.0,Historique Loto de novembre 2019 à juillet 2026
2019-12-21,48,23,27,19,22,2,5000000.0,Historique Loto de novembre 2019 à juillet 2026
2019-12-23,37,36,32,20,7,2,6000000.0,Historique Loto de novembre 2019 à juillet 2026
2019-12-25,36,40,45,24,15,9,2000000.0,Historique Loto de novembre 2019 à juillet 2026
2019-12-28,24,48,49,18,8,8,3000000.0,Historique Loto de novembre 2019 à juillet 2026
2019-12-30,12,38,34,32,48,6,4000000.0,Historique Loto de novembre 2019 à juillet 2026
2020-01-01,11,7,32,24,4,10,5000000.0,Historique Loto de novembre 2019 à juillet 2026
2020-01-04,22,9,43,31,34,5,2000000.0,Historique Loto de novembre 2019 à juillet 2026
2020-01-06,49,10,19,26,30,3,3000000.0,Historique Loto de novembre 2019 à juillet 2026
2020-01-08,17,44,29,16,37,8,4000000.0,Historique Loto de novembre 2019 à juillet 2026
2020-01-11,48,14,2,23,13,3,5000000.0,Historique Loto de novembre 2019 à juillet 2026
2020-01-13,16,11,25,32,14,9,6000000.0,Historique Loto de novembre 2019 à juillet 2026
2020-01-15,35,19,8,22,46,2,2000000.0,Historique Loto de novembre 2019 à juillet 2026
2020-01-18,12,1,33,13,2,9,3000000.0,Historique Loto de novembre 2019 à juillet 2026
2020-01-20,13,38,31,30,26,1,4000000.0,Historique Loto de novembre 2019 à juillet 2026
2020-01-22,25,28,42,26,12,10,5000000.0,Historique Loto de novembre 2019 à juillet 2026
2020-01-25,36,17,30,7,11,5,6000000.0,Historique Loto de novembre 2019 à juillet 2026
2020-01-27,27,12,10,7,41,1,7000000.0,Historique Loto de novembre 2019 à juillet 2026
2020-01-29,31,30,6,14,45,8,8000000.0,Historique Loto de novembre 2019 à juillet 2026
2020-02-01,36,25,22,21,16,9,9000000.0,Historique Loto de novembre 2019 à juillet 2026
2020-02-03,49,20,7,31,33,4,2000000.0,Historique Loto de novembre 2019 à juillet 2026
2020-02-05,30,21,6,11,29,4,3000000.0,Historique Loto de novembre 2019 à juillet 2026
2020-02-08,47,31,12,45,7,10,4000000.0,Historique Loto de novembre 2019 à juillet 2026
2020-02-10,15,49,37,25,38,8,5000000.0,Historique Loto de novembre 2019 à juillet 2026
2020-02-12,47,38,17,30,43,5,6000000.0,Historique Loto de novembre 2019 à juillet 2026
2020-02-15,48,4,25,5,45,7,2000000.0,Historique Loto de novembre 2019 à juillet 2026
2020-02-17,44,39,7,41,19,1,2000000.0,Historique Loto de novembre 2019 à juillet 2026
2020-02-19,40,16,21,41,46,2,3000000.0,Historique Loto de novembre 2019 à juillet 2026
2020-02-22,4,39,26,5,24,4,2000000.0,Historique Loto de novembre 2019 à juillet 2026
2020-02-24,20,15,27,9,47,7,3000000.0,Historique Loto de novembre 2019 à juillet 2026
2020-02-26,20,6,30,32,45,4,2000000.0,Historique Loto de novembre 2019 à juillet 2026
2020-02-29,37,24,19,10,5,6,3000000.0,Historique Loto de novembre 2019 à juillet 2026
2020-03-02,42,26,21,39,40,5,2000000.0,Historique Loto de novembre 2019 à juillet 2026
2020-03-04,10,17,33,30,49,4,3000000.0,Historique Loto de novembre 2019 à juillet 2026
2020-03-07,5,35,37,4,24,2,4000000.0,Historique Loto de novembre 2019 à juillet 2026
2020-03-09,26,41,5,33,42,7,2000000.0,Historique Loto de novembre 2019 à juillet 2026
2020-03-11,38,45,5,14,46,1,2000000.0,Historique Loto de novembre 2019 à juillet 2026
2020-03-14,28,41,38,31,43,10,14000000.0,Historique Loto de novembre 2019 à juillet 2026
2020-03-16,44,16,4,40,23,3,15000000.0,Historique Loto de novembre 2019 à juillet 2026
2020-03-18,48,10,46,28,29,9,16000000.0,Historique Loto de novembre 2019 à juillet 2026
2020-03-21,16,37,8,7,42,8,17000000.0,Historique Loto de novembre 2019 à juillet 2026
2020-03-23,28,49,5,48,21,2,18000000.0,Historique Loto de novembre 2019 à juillet 2026
2020-03-25,40,45,24,32,34,1,19000000.0,Historique Loto de novembre 2019 à juillet 2026
2020-03-28,35,23,26,32,22,5,20000000.0,Historique Loto de novembre 2019 à juillet 2026
2020-03-30,21,37,12,17,23,7,2000000.0,Historique Loto de novembre 2019 à juillet 2026
2020-04-01,41,48,42,28,3,6,3000000.0,Historique Loto de novembre 2019 à juillet 2026
2020-04-04,40,2,35,39,42,9,4000000.0,Historique Loto de novembre 2019 à juillet 2026
2020-04-06,23,29,18,35,7,4,5000000.0,Historique Loto de novembre 2019 à juillet 2026
2020-04-08,16,9,19,26,6,9,2000000.0,Historique Loto de novembre 2019 à juillet 2026
2020-04-11,8,43,1,48,41,7,3000000.0,Historique Loto de novembre 2019 à juillet 2026
2020-04-13,42,1,19,23,17,9,4000000.0,Historique Loto de novembre 2019 à juillet 2026
2020-04-15,16,1,31,48,3,6,5000000.0,Historique Loto de novembre 2019 à juillet 2026
2020-04-18,45,1,33,47,27,8,6000000.0,Historique Loto de novembre 2019 à juillet 2026
2020-04-20,37,5,9,7,41,6,7000000.0,Historique Loto de novembre 2019 à juillet 2026
2020-04-22,28,30,43,40,41,7,8000000.0,Historique Loto de novembre 2019 à juillet 2026
2020-04-25,49,6,24,13,10,3,2000000.0,Historique Loto de novembre 2019 à juillet 2026
2020-04-27,41,11,19,29,14,9,3000000.0,Historique Loto de novembre 2019 à juillet 2026
2020-04-29,25,29,47,5,7,1,4000000.0,Historique Loto de novembre 2019 à juillet 2026
2020-05-02,43,22,12,30,9,4,2000000.0,Historique Loto de novembre 2019 à juillet 2026
2020-05-04,39,8,9,33,15,10,3000000.0,Historique Loto de novembre 2019 à juillet 2026
2020-05-06,48,36,14,15,10,3,4000000.0,Historique Loto de novembre 2019 à juillet 2026
2020-05-09,48,39,29,47,35,7,5000000.0,Historique Loto de novembre 2019 à juillet 2026
2020-05-11,34,5,33,3,17,10,6000000.0,Historique Loto de novembre 2019 à juillet 2026
2020-05-13,43,4,17,38,49,8,7000000.0,Historique Loto de novembre 2019 à juillet 2026
2020-05-16,26,27,41,46,19,4,8000000.0,Historique Loto de novembre 2019 à juillet 2026
2020-05-18,20,30,35,14,10,9,9000000.0,Historique Loto de novembre 2019 à juillet 2026
2020-05-20,45,14,39,20,47,8,10000000.0,Historique Loto de novembre 2019 à juillet 2026
2020-05-23,22,28,3,23,29,2,11000000.0,Historique Loto de novembre 2019 à juillet 2026
2020-05-25,9,26,30,42,36,4,12000000.0,Historique Loto de novembre 2019 à juillet 2026
2020-05-27,29,6,12,44,31,6,13000000.0,Historique Loto de novembre 2019 à juillet 2026
2020-05-30,5,14,42,44,16,9,14000000.0,Historique Loto de novembre 2019 à juillet 2026
2020-06-01,24,26,2,36,32,7,15000000.0,Historique Loto de novembre 2019 à juillet 2026
2020-06-03,12,13,26,44,16,6,16000000.0,Historique Loto de novembre 2019 à juillet 2026
2020-06-06,14,7,43,44,29,5,17000000.0,Historique Loto de novembre 2019 à juillet 2026
2020-06-08,8,22,26,46,2,1,2000000.0,Historique Loto de novembre 2019 à juillet 2026
2020-06-10,47,36,20,11,9,2,3000000.0,Historique Loto de novembre 2019 à juillet 2026
2020-06-13,25,32,6,5,28,4,4000000.0,Historique Loto de novembre 2019 à juillet 2026
2020-06-15,22,49,26,2,47,2,5000000.0,Historique Loto de novembre 2019 à juillet 2026
2020-06-17,26,13,10,20,46,1,6000000.0,Historique Loto de novembre 2019 à juillet 2026
2020-06-20,8,24,33,38,14,5,7000000.0,Historique Loto de novembre 2019 à juillet 2026
2020-06-22,9,36,5,21,39,5,8000000.0,Historique Loto de novembre 2019 à juillet 2026
2020-06-24,36,8,31,34,17,7,2000000.0,Historique Loto de novembre 2019 à juillet 2026
2020-06-27,1,39,2,6,27,4,3000000.0,Historique Loto de novembre 2019 à juillet 2026
2020-06-29,21,29,20,47,46,7,4000000.0,Historique Loto de novembre 2019 à juillet 2026
2020-07-01,44,47,5,13,14,8,5000000.0,Historique Loto de novembre 2019 à juillet 2026
2020-07-04,23,13,27,44,36,6,2000000.0,Historique Loto de novembre 2019 à juillet 2026
2020-07-06,2,11,42,30,35,6,3000000.0,Historique Loto de novembre 2019 à juillet 2026
2020-07-08,30,48,37,9,26,8,4000000.0,Historique Loto de novembre 2019 à juillet 2026
2020-07-11,32,6,35,28,40,7,2000000.0,Historique Loto de novembre 2019 à juillet 2026
2020-07-13,24,3,35,46,2,8,3000000.0,Historique Loto de novembre 2019 à juillet 2026
2020-07-15,6,12,4,35,44,3,4000000.0,Historique Loto de novembre 2019 à juillet 2026
2020-07-18,11,42,22,34,43,4,5000000.0,Historique Loto de novembre 2019 à juillet 2026
2020-07-20,8,42,22,28,26,2,6000000.0,Historique Loto de novembre 2019 à juillet 2026
2020-07-22,4,28,38,20,18,1,7000000.0,Historique Loto de novembre 2019 à juillet 2026
2020-07-25,18,10,6,15,48,4,2000000.0,Historique Loto de novembre 2019 à juillet 2026
2020-07-27,19,24,45,15,25,3,2000000.0,Historique Loto de novembre 2019 à juillet 2026
2020-07-29,47,46,7,19,39,5,2000000.0,Historique Loto de novembre 2019 à juillet 2026
2020-08-01,17,18,25,38,9,9,3000000.0,Historique Loto de novembre 2019 à juillet 2026
2020-08-03,43,48,42,23,30,7,4000000.0,Historique Loto de novembre 2019 à juillet 2026
2020-08-05,46,32,22,15,17,8,5000000.0,Historique Loto de novembre 2019 à juillet 2026
2020-08-08,35,42,49,4,6,9,6000000.0,Historique Loto de novembre 2019 à juillet 2026
2020-08-10,28,38,2,1,11,6,7000000.0,Historique Loto de novembre 2019 à juillet 2026
2020-08-12,17,47,30,3,44,3,8000000.0,Historique Loto de novembre 2019 à juillet 2026
2020-08-15,5,41,3,42,15,7,9000000.0,Historique Loto de novembre 2019 à juillet 2026
2020-08-17,6,1,39,48,40,6,2000000.0,Historique Loto de novembre 2019 à juillet 2026
2020-08-19,35,11,13,4,34,1,3000000.0,Historique Loto de novembre 2019 à juillet 2026
2020-08-22,7,11,5,32,33,5,4000000.0,Historique Loto de novembre 2019 à juillet 2026
2020-08-24,28,18,22,37,19,2,5000000.0,Historique Loto de novembre 2019 à juillet 2026
2020-08-26,13,45,4,40,31,3,2000000.0,Historique Loto de novembre 2019 à juillet 2026
2020-08-29,23,15,38,21,39,4,3000000.0,Historique Loto de novembre 2019 à juillet 2026
2020-08-31,7,16,17,4,11,10,4000000.0,Historique Loto de novembre 2019 à juillet 2026
2020-09-02,14,23,21,47,3,3,5000000.0,Historique Loto de novembre 2019 à juillet 2026
2020-09-05,22,15,19,24,46,3,6000000.0,Historique Loto de novembre 2019 à juillet 2026
2020-09-07,37,35,31,44,14,7,7000000.0,Historique Loto de novembre 2019 à juillet 2026
2020-09-09,24,48,20,29,45,3,8000000.0,Historique Loto de novembre 2019 à juillet 2026
2020-09-12,16,46,12,21,24,2,9000000.0,Historique Loto de novembre 2019 à juillet 2026
2020-09-14,23,49,5,13,32,2,10000000.0,Historique Loto de novembre 2019 à juillet 2026
2020-09-16,28,19,49,23,17,7,2000000.0,Historique Loto de novembre 2019 à juillet 2026
2020-09-19,33,42,27,46,32,7,2000000.0,Historique Loto de novembre 2019 à juillet 2026
2020-09-21,46,41,38,19,16,9,3000000.0,Historique Loto de novembre 2019 à juillet 2026
2020-09-23,11,5,25,23,33,5,4000000.0,Historique Loto de novembre 2019 à juillet 2026
2020-09-26,4,31,49,8,39,9,5000000.0,Historique Loto de novembre 2019 à juillet 2026
2020-09-28,33,22,44,6,35,2,6000000.0,Historique Loto de novembre 2019 à juillet 2026
2020-09-30,26,24,49,32,2,5,7000000.0,Historique Loto de novembre 2019 à juillet 2026
2020-10-03,31,36,9,33,18,2,8000000.0,Historique Loto de novembre 2019 à juillet 2026
2020-10-05,6,22,19,5,9,5,4500000.0,Historique Loto de novembre 2019 à juillet 2026
2020-10-07,17,30,6,49,19,2,2000000.0,Historique Loto de novembre 2019 à juillet 2026
2020-10-10,48,26,31,47,42,8,3000000.0,Historique Loto de novembre 2019 à juillet 2026
2020-10-12,18,7,21,42,11,3,4000000.0,Historique Loto de novembre 2019 à juillet 2026
2020-10-14,19,42,32,26,39,6,5000000.0,Historique Loto de novembre 2019 à juillet 2026
2020-10-17,28,23,24,9,20,4,6000000.0,Historique Loto de novembre 2019 à juillet 2026
2020-10-19,7,35,48,28,25,1,7000000.0,Historique Loto de novembre 2019 à juillet 2026
2020-10-21,35,48,33,21,15,1,8000000.0,Historique Loto de novembre 2019 à juillet 2026
2020-10-24,8,25,4,12,45,2,9000000.0,Historique Loto de novembre 2019 à juillet 2026
2020-10-26,33,7,8,12,22,5,10000000.0,Historique Loto de novembre 2019 à juillet 2026
2020-10-28,25,43,30,2,19,9,11000000.0,Historique Loto de novembre 2019 à juillet 2026
2020-10-31,22,35,9,28,13,5,12000000.0,Historique Loto de novembre 2019 à juillet 2026
2020-11-02,42,43,38,33,31,3,13000000.0,Historique Loto de novembre 2019 à juillet 2026
2020-11-04,29,10,16,14,9,1,14000000.0,Historique Loto de novembre 2019 à juillet 2026
2020-11-07,45,5,48,42,30,9,15000000.0,Historique Loto de novembre 2019 à juillet 2026
2020-11-09,26,18,41,38,5,10,16000000.0,Historique Loto de novembre 2019 à juillet 2026
2020-11-11,15,17,10,37,16,9,2000000.0,Historique Loto de novembre 2019 à juillet 2026
2020-11-14,40,26,17,24,43,9,14000000.0,Historique Loto de novembre 2019 à juillet 2026
2020-11-16,7,47,16,33,42,7,2000000.0,Historique Loto de novembre 2019 à juillet 2026
2020-11-18,28,11,14,43,41,8,3000000.0,Historique Loto de novembre 2019 à juillet 2026
2020-11-21,49,17,44,5,46,4,4000000.0,Historique Loto de novembre 2019 à juillet 2026
2020-11-23,15,20,12,6,1,1,5000000.0,Historique Loto de novembre 2019 à juillet 2026
2020-11-25,1,26,14,31,10,4,6000000.0,Historique Loto de novembre 2019 à juillet 2026
2020-11-28,9,25,2,47,35,10,7000000.0,Historique Loto de novembre 2019 à juillet 2026
2020-11-30,28,9,26,29,18,3,8000000.0,Historique Loto de novembre 2019 à juillet 2026
2020-12-02,23,14,40,46,27,1,9000000.0,Historique Loto de novembre 2019 à juillet 2026
2020-12-05,34,20,14,35,9,1,10000000.0,Historique Loto de novembre 2019 à juillet 2026
2020-12-07,45,27,48,4,38,4,11000000.0,Historique Loto de novembre 2019 à juillet 2026
2020-12-09,47,17,48,39,24,7,12000000.0,Historique Loto de novembre 2019 à juillet 2026
2020-12-12,14,31,9,45,23,6,13000000.0,Historique Loto de novembre 2019 à juillet 2026
2020-12-14,47,48,13,34,2,6,14000000.0,Historique Loto de novembre 2019 à juillet 2026
2020-12-16,21,6,41,17,16,9,15000000.0,Historique Loto de novembre 2019 à juillet 2026
2020-12-19,30,29,49,23,10,5,16000000.0,Historique Loto de novembre 2019 à juillet 2026
2020-12-21,10,31,36,37,44,5,17000000.0,Historique Loto de novembre 2019 à juillet 2026
2020-12-23,5,3,39,31,38,9,18000000.0,Historique Loto de novembre 2019 à juillet 2026
2020-12-26,31,3,40,35,2,7,2000000.0,Historique Loto de novembre 2019 à juillet 2026
2020-12-28,41,34,42,22,1,5,3000000.0,Historique Loto de novembre 2019 à juillet 2026
2020-12-30,36,20,13,31,38,1,4000000.0,Historique Loto de novembre 2019 à juillet 2026
2021-01-02,5,27,7,24,41,10,2000000.0,Historique Loto de novembre 2019 à juillet 2026
2021-01-04,31,39,30,49,19,8,3000000.0,Historique Loto de novembre 2019 à juillet 2026
2021-01-06,41,21,32,47,11,9,4000000.0,Historique Loto de novembre 2019 à juillet 2026
2021-01-09,49,12,27,11,7,1,5000000.0,Historique Loto de novembre 2019 à juillet 2026
2021-01-11,33,46,8,17,1,5,6000000.0,Historique Loto de novembre 2019 à juillet 2026
2021-01-13,32,42,30,17,41,5,7000000.0,Historique Loto de novembre 2019 à juillet 2026
2021-01-16,44,20,14,22,36,2,8000000.0,Historique Loto de novembre 2019 à juillet 2026
2021-01-18,5,43,10,48,25,10,9000000.0,Historique Loto de novembre 2019 à juillet 2026
2021-01-20,21,11,22,40,32,9,10000000.0,Historique Loto de novembre 2019 à juillet 2026
2021-01-23,1,19,13,24,48,5,11000000.0,Historique Loto de novembre 2019 à juillet 2026
2021-01-25,13,31,49,7,3,5,2000000.0,Historique Loto de novembre 2019 à juillet 2026
2021-01-27,27,44,25,23,6,6,2000000.0,Historique Loto de novembre 2019 à juillet 2026
2021-01-30,17,5,33,9,37,4,3000000.0,Historique Loto de novembre 2019 à juillet 2026
2021-02-01,1,18,45,17,21,9,4000000.0,Historique Loto de novembre 2019 à juillet 2026
2021-02-03,17,31,26,37,21,10,5000000.0,Historique Loto de novembre 2019 à juillet 2026
2021-02-06,44,42,15,9,47,10,6000000.0,Historique Loto de novembre 2019 à juillet 2026
2021-02-08,19,10,9,29,5,8,7000000.0,Historique Loto de novembre 2019 à juillet 2026
2021-02-10,44,13,29,15,33,4,8000000.0,Historique Loto de novembre 2019 à juillet 2026
2021-02-13,13,17,31,28,9,10,14000000.0,Historique Loto de novembre 2019 à juillet 2026
2021-02-15,13,22,17,6,12,7,15000000.0,Historique Loto de novembre 2019 à juillet 2026
2021-02-17,34,31,35,41,29,8,2000000.0,Historique Loto de novembre 2019 à juillet 2026
2021-02-20,21,36,19,39,49,5,2000000.0,Historique Loto de novembre 2019 à juillet 2026
2021-02-22,3,37,26,15,24,7,2000000.0,Historique Loto de novembre 2019 à juillet 2026
2021-02-24,47,18,41,10,19,2,3000000.0,Historique Loto de novembre 2019 à juillet 2026
2021-02-27,4,29,42,43,11,10,4000000.0,Historique Loto de novembre 2019 à juillet 2026
2021-03-01,4,14,21,47,8,9,5000000.0,Historique Loto de novembre 2019 à juillet 2026
2021-03-03,38,8,41,49,19,7,6000000.0,Historique Loto de novembre 2019 à juillet 2026
2021-03-06,11,22,3,13,30,8,7000000.0,Historique Loto de novembre 2019 à juillet 2026
2021-03-08,24,8,38,19,40,10,2000000.0,Historique Loto de novembre 2019 à juillet 2026
2021-03-10,26,42,33,20,34,9,3000000.0,Historique Loto de novembre 2019 à juillet 2026
2021-03-13,47,22,19,4,10,8,4000000.0,Historique Loto de novembre 2019 à juillet 2026
2021-03-15,29,38,33,15,41,2,5000000.0,Historique Loto de novembre 2019 à juillet 2026
2021-03-17,45,18,46,3,30,3,6000000.0,Historique Loto de novembre 2019 à juillet 2026
2021-03-20,42,18,14,4,27,3,1750000.0,Historique Loto de novembre 2019 à juillet 2026
2021-03-22,15,6,34,39,24,4,2000000.0,Historique Loto de novembre 2019 à juillet 2026
2021-03-24,22,38,28,37,9,10,3000000.0,Historique Loto de novembre 2019 à juillet 2026
2021-03-27,16,11,18,8,10,5,4000000.0,Historique Loto de novembre 2019 à juillet 2026
2021-03-29,41,28,18,13,38,1,5000000.0,Historique Loto de novembre 2019 à juillet 2026
2021-03-31,2,27,24,35,22,5,6000000.0,Historique Loto de novembre 2019 à juillet 2026
2021-04-03,17,1,38,2,45,2,10000000.0,Historique Loto de novembre 2019 à juillet 2026
2021-04-05,32,22,2,12,15,8,11000000.0,Historique Loto de novembre 2019 à juillet 2026
2021-04-07,35,19,9,16,43,4,12000000.0,Historique Loto de novembre 2019 à juillet 2026
2021-04-10,9,35,15,8,4,8,13000000.0,Historique Loto de novembre 2019 à juillet 2026
2021-04-12,43,14,26,7,11,7,14000000.0,Historique Loto de novembre 2019 à juillet 2026
2021-04-14,27,25,20,23,47,6,2000000.0,Historique Loto de novembre 2019 à juillet 2026
2021-04-17,38,37,17,34,30,1,3000000.0,Historique Loto de novembre 2019 à juillet 2026
2021-04-19,49,17,36,44,27,1,2000000.0,Historique Loto de novembre 2019 à juillet 2026
2021-04-21,45,31,6,49,39,4,3000000.0,Historique Loto de novembre 2019 à juillet 2026
2021-04-24,41,12,26,42,36,7,4000000.0,Historique Loto de novembre 2019 à juillet 2026
2021-04-26,2,34,41,32,8,6,2000000.0,Historique Loto de novembre 2019 à juillet 2026
2021-04-28,4,15,10,49,12,6,3000000.0,Historique Loto de novembre 2019 à juillet 2026
2021-05-01,27,25,5,34,38,7,4000000.0,Historique Loto de novembre 2019 à juillet 2026
2021-05-03,44,8,11,48,37,6,5000000.0,Historique Loto de novembre 2019 à juillet 2026
2021-05-05,36,48,46,41,8,6,6000000.0,Historique Loto de novembre 2019 à juillet 2026
2021-05-08,41,35,40,6,24,6,7000000.0,Historique Loto de novembre 2019 à juillet 2026
2021-05-10,44,12,13,17,27,10,2000000.0,Historique Loto de novembre 2019 à juillet 2026
2021-05-12,19,11,22,36,9,1,3000000.0,Historique Loto de novembre 2019 à juillet 2026
2021-05-15,7,31,29,24,47,3,4000000.0,Historique Loto de novembre 2019 à juillet 2026
2021-05-17,23,42,3,17,47,4,5000000.0,Historique Loto de novembre 2019 à juillet 2026
2021-05-19,28,17,41,3,23,3,6000000.0,Historique Loto de novembre 2019 à juillet 2026
2021-05-22,9,2,45,19,7,10,14000000.0,Historique Loto de novembre 2019 à juillet 2026
2021-05-24,11,44,47,29,7,9,15000000.0,Historique Loto de novembre 2019 à juillet 2026
2021-05-26,20,1,22,5,42,6,16000000.0,Historique Loto de novembre 2019 à juillet 2026
2021-05-29,32,4,36,44,9,3,8500000.0,Historique Loto de novembre 2019 à juillet 2026
2021-05-31,25,3,13,32,47,9,2000000.0,Historique Loto de novembre 2019 à juillet 2026
2021-06-02,33,34,25,3,26,6,1500000.0,Historique Loto de novembre 2019 à juillet 2026
2021-06-05,45,16,6,37,25,9,2000000.0,Historique Loto de novembre 2019 à juillet 2026
2021-06-07,6,28,34,7,11,8,2000000.0,Historique Loto de novembre 2019 à juillet 2026
2021-06-09,16,33,41,2,24,8,3000000.0,Historique Loto de novembre 2019 à juillet 2026
2021-06-12,9,2,5,29,10,1,2000000.0,Historique Loto de novembre 2019 à juillet 2026
2021-06-14,40,12,47,21,19,7,3000000.0,Historique Loto de novembre 2019 à juillet 2026
2021-06-16,22,23,35,46,3,9,4000000.0,Historique Loto de novembre 2019 à juillet 2026
2021-06-19,3,44,46,27,14,6,5000000.0,Historique Loto de novembre 2019 à juillet 2026
2021-06-21,44,21,25,18,47,10,6000000.0,Historique Loto de novembre 2019 à juillet 2026
2021-06-23,1,16,6,3,40,1,7000000.0,Historique Loto de novembre 2019 à juillet 2026
2021-06-26,37,24,38,13,45,6,2000000.0,Historique Loto de novembre 2019 à juillet 2026
2021-06-28,4,28,48,8,15,1,3000000.0,Historique Loto de novembre 2019 à juillet 2026
2021-06-30,8,44,6,48,31,9,4000000.0,Historique Loto de novembre 2019 à juillet 2026
2021-07-03,33,48,13,2,19,2,10000000.0,Historique Loto de novembre 2019 à juillet 2026
2021-07-05,43,36,3,32,45,2,11000000.0,Historique Loto de novembre 2019 à juillet 2026
2021-07-07,37,18,8,44,46,2,12000000.0,Historique Loto de novembre 2019 à juillet 2026
2021-07-10,43,3,38,42,46,1,2000000.0,Historique Loto de novembre 2019 à juillet 2026
2021-07-12,38,31,8,37,30,1,3000000.0,Historique Loto de novembre 2019 à juillet 2026
2021-07-14,36,18,38,31,29,10,4000000.0,Historique Loto de novembre 2019 à juillet 2026
2021-07-17,31,8,47,11,17,6,2000000.0,Historique Loto de novembre 2019 à juillet 2026
2021-07-19,3,28,15,4,2,5,3000000.0,Historique Loto de novembre 2019 à juillet 2026
2021-07-21,27,25,6,37,32,9,2000000.0,Historique Loto de novembre 2019 à juillet 2026
2021-07-24,24,40,5,31,22,9,3000000.0,Historique Loto de novembre 2019 à juillet 2026
2021-07-26,42,5,34,21,37,10,2000000.0,Historique Loto de novembre 2019 à juillet 2026
2021-07-28,1,28,3,29,8,6,1500000.0,Historique Loto de novembre 2019 à juillet 2026
2021-07-31,22,6,46,7,17,3,2000000.0,Historique Loto de novembre 2019 à juillet 2026
2021-08-02,24,44,46,42,7,2,3000000.0,Historique Loto de novembre 2019 à juillet 2026
2021-08-04,21,36,22,20,44,10,4000000.0,Historique Loto de novembre 2019 à juillet 2026
2021-08-07,7,24,36,6,47,10,5000000.0,Historique Loto de novembre 2019 à juillet 2026
2021-08-09,37,43,45,28,38,3,6000000.0,Historique Loto de novembre 2019 à juillet 2026
2021-08-11,43,13,21,5,6,4,2000000.0,Historique Loto de novembre 2019 à juillet 2026
2021-08-14,4,28,42,49,35,7,14000000.0,Historique Loto de novembre 2019 à juillet 2026
2021-08-16,22,27,13,10,49,4,15000000.0,Historique Loto de novembre 2019 à juillet 2026
2021-08-18,4,7,12,24,25,2,16000000.0,Historique Loto de novembre 2019 à juillet 2026
2021-08-21,46,8,2,19,29,2,17000000.0,Historique Loto de novembre 2019 à juillet 2026
2021-08-23,13,22,31,11,21,6,18000000.0,Historique Loto de novembre 2019 à juillet 2026
2021-08-25,19,9,29,26,3,8,19000000.0,Historique Loto de novembre 2019 à juillet 2026
2021-08-28,48,43,46,11,8,9,20000000.0,Historique Loto de novembre 2019 à juillet 2026
2021-08-30,32,34,18,44,3,9,21000000.0,Historique Loto de novembre 2019 à juillet 2026
2021-09-01,49,27,32,24,17,7,22000000.0,Historique Loto de novembre 2019 à juillet 2026
2021-09-04,41,49,30,45,35,3,23000000.0,Historique Loto de novembre 2019 à juillet 2026
2021-09-06,3,31,36,13,40,9,24000000.0,Historique Loto de novembre 2019 à juillet 2026
2021-09-08,7,34,27,12,15,4,25000000.0,Historique Loto de novembre 2019 à juillet 2026
2021-09-11,5,3,49,33,15,8,26000000.0,Historique Loto de novembre 2019 à juillet 2026
2021-09-13,4,30,24,21,40,4,2000000.0,Historique Loto de novembre 2019 à juillet 2026
2021-09-15,48,22,4,30,27,7,2000000.0,Historique Loto de novembre 2019 à juillet 2026
2021-09-18,39,38,21,2,9,2,3000000.0,Historique Loto de novembre 2019 à juillet 2026
2021-09-20,12,10,45,15,31,5,4000000.0,Historique Loto de novembre 2019 à juillet 2026
2021-09-22,5,40,13,14,9,1,2000000.0,Historique Loto de novembre 2019 à juillet 2026
2021-09-25,20,35,49,18,16,1,3000000.0,Historique Loto de novembre 2019 à juillet 2026
2021-09-27,12,26,31,40,37,3,2000000.0,Historique Loto de novembre 2019 à juillet 2026
2021-09-29,6,39,28,13,33,10,2000000.0,Historique Loto de novembre 2019 à juillet 2026
2021-10-02,6,46,35,20,8,9,3000000.0,Historique Loto de novembre 2019 à juillet 2026
2021-10-04,44,15,5,19,7,1,4000000.0,Historique Loto de novembre 2019 à juillet 2026
2021-10-06,44,34,20,8,41,2,5000000.0,Historique Loto de novembre 2019 à juillet 2026
2021-10-09,22,29,19,15,34,3,6000000.0,Historique Loto de novembre 2019 à juillet 2026
2021-10-11,26,7,1,9,28,3,7000000.0,Historique Loto de novembre 2019 à juillet 2026
2021-10-13,21,20,19,43,49,10,8000000.0,Historique Loto de novembre 2019 à juillet 2026
2021-10-16,23,15,46,5,37,10,9000000.0,Historique Loto de novembre 2019 à juillet 2026
2021-10-18,41,27,36,35,9,6,10000000.0,Historique Loto de novembre 2019 à juillet 2026
2021-10-20,26,35,16,22,42,4,11000000.0,Historique Loto de novembre 2019 à juillet 2026
2021-10-23,6,36,35,10,48,9,12000000.0,Historique Loto de novembre 2019 à juillet 2026
2021-10-25,31,48,43,37,3,10,13000000.0,Historique Loto de novembre 2019 à juillet 2026
2021-10-27,41,16,44,27,15,9,14000000.0,Historique Loto de novembre 2019 à juillet 2026
2021-10-30,46,11,43,12,30,9,15000000.0,Historique Loto de novembre 2019 à juillet 2026
2021-11-01,47,27,26,43,1,6,16000000.0,Historique Loto de novembre 2019 à juillet 2026
2021-11-03,7,39,31,38,42,10,17000000.0,Historique Loto de novembre 2019 à juillet 2026
2021-11-06,19,2,18,22,4,3,18000000.0,Historique Loto de novembre 2019 à juillet 2026
2021-11-08,44,32,11,48,7,3,19000000.0,Historique Loto de novembre 2019 à juillet 2026
2021-11-10,31,12,9,40,41,2,20000000.0,Historique Loto de novembre 2019 à juillet 2026
2021-11-13,39,13,12,31,26,6,21000000.0,Historique Loto de novembre 2019 à juillet 2026
2021-11-15,34,7,8,41,42,8,22000000.0,Historique Loto de novembre 2019 à juillet 2026
2021-11-17,37,40,36,4,43,6,23000000.0,Historique Loto de novembre 2019 à juillet 2026
2021-11-20,44,9,18,17,42,8,24000000.0,Historique Loto de novembre 2019 à juillet 2026
2021-11-22,19,12,8,41,16,5,25000000.0,Historique Loto de novembre 2019 à juillet 2026
2021-11-24,14,34,39,24,47,8,26000000.0,Historique Loto de novembre 2019 à juillet 2026
2021-11-27,25,28,46,12,27,4,27000000.0,Historique Loto de novembre 2019 à juillet 2026
2021-11-29,30,26,35,44,31,4,28000000.0,Historique Loto de novembre 2019 à juillet 2026
2021-12-01,26,18,3,49,46,6,29000000.0,Historique Loto de novembre 2019 à juillet 2026
2021-12-04,23,18,34,5,44,5,30000000.0,Historique Loto de novembre 2019 à juillet 2026
2021-12-06,29,16,36,7,15,6,2000000.0,Historique Loto de novembre 2019 à juillet 2026
2021-12-08,28,26,1,30,16,4,3000000.0,Historique Loto de novembre 2019 à juillet 2026
2021-12-11,16,45,34,42,26,9,4000000.0,Historique Loto de novembre 2019 à juillet 2026
2021-12-13,23,38,36,18,19,1,5000000.0,Historique Loto de novembre 2019 à juillet 2026
2021-12-15,34,47,11,37,38,8,6000000.0,Historique Loto de novembre 2019 à juillet 2026
2021-12-18,10,46,2,31,38,8,7000000.0,Historique Loto de novembre 2019 à juillet 2026
2021-12-20,22,23,12,47,25,1,8000000.0,Historique Loto de novembre 2019 à juillet 2026
2021-12-22,41,20,46,11,24,1,9000000.0,Historique Loto de novembre 2019 à juillet 2026
2021-12-25,6,25,48,21,37,10,2000000.0,Historique Loto de novembre 2019 à juillet 2026
2021-12-27,32,20,6,12,14,8,3000000.0,Historique Loto de novembre 2019 à juillet 2026
2021-12-29,21,18,33,49,48,7,4000000.0,Historique Loto de novembre 2019 à juillet 2026
2022-01-01,30,36,14,6,39,5,2000000.0,Historique Loto de novembre 2019 à juillet 2026
2022-01-03,33,36,34,38,22,5,3000000.0,Historique Loto de novembre 2019 à juillet 2026
2022-01-05,17,45,30,32,6,4,2000000.0,Historique Loto de novembre 2019 à juillet 2026
2022-01-08,22,42,43,17,25,10,3000000.0,Historique Loto de novembre 2019 à juillet 2026
2022-01-10,14,43,34,41,35,9,4000000.0,Historique Loto de novembre 2019 à juillet 2026
2022-01-12,23,20,1,26,44,4,5000000.0,Historique Loto de novembre 2019 à juillet 2026
2022-01-15,19,10,30,13,47,8,6000000.0,Historique Loto de novembre 2019 à juillet 2026
2022-01-17,4,27,5,15,22,9,7000000.0,Historique Loto de novembre 2019 à juillet 2026
2022-01-19,44,27,41,8,43,6,2000000.0,Historique Loto de novembre 2019 à juillet 2026
2022-01-22,26,3,39,17,30,8,3000000.0,Historique Loto de novembre 2019 à juillet 2026
2022-01-24,15,38,7,4,40,2,4000000.0,Historique Loto de novembre 2019 à juillet 2026
2022-01-26,14,16,33,38,45,10,5000000.0,Historique Loto de novembre 2019 à juillet 2026
2022-01-29,42,29,25,46,8,9,6000000.0,Historique Loto de novembre 2019 à juillet 2026
2022-01-31,25,32,31,36,10,8,7000000.0,Historique Loto de novembre 2019 à juillet 2026
2022-02-02,11,37,49,28,40,4,8000000.0,Historique Loto de novembre 2019 à juillet 2026
2022-02-05,48,31,24,11,38,9,9000000.0,Historique Loto de novembre 2019 à juillet 2026
2022-02-07,37,15,18,31,46,3,10000000.0,Historique Loto de novembre 2019 à juillet 2026
2022-02-09,44,48,31,46,21,1,11000000.0,Historique Loto de novembre 2019 à juillet 2026
2022-02-12,45,22,28,40,37,10,6000000.0,Historique Loto de novembre 2019 à juillet 2026
2022-02-14,26,13,29,15,20,5,3333334.0,Historique Loto de novembre 2019 à juillet 2026
2022-02-16,22,24,41,21,32,2,2000000.0,Historique Loto de novembre 2019 à juillet 2026
2022-02-19,32,24,49,39,40,1,3000000.0,Historique Loto de novembre 2019 à juillet 2026
2022-02-21,2,6,10,32,17,5,4000000.0,Historique Loto de novembre 2019 à juillet 2026
2022-02-23,33,15,6,12,14,8,5000000.0,Historique Loto de novembre 2019 à juillet 2026
2022-02-26,29,39,28,22,30,3,6000000.0,Historique Loto de novembre 2019 à juillet 2026
2022-02-28,43,9,21,36,27,2,7000000.0,Historique Loto de novembre 2019 à juillet 2026
2022-03-02,46,4,3,43,22,6,8000000.0,Historique Loto de novembre 2019 à juillet 2026
2022-03-05,37,26,36,14,1,3,9000000.0,Historique Loto de novembre 2019 à juillet 2026
2022-03-07,8,27,29,15,41,4,10000000.0,Historique Loto de novembre 2019 à juillet 2026
2022-03-09,32,8,21,41,25,4,11000000.0,Historique Loto de novembre 2019 à juillet 2026
2022-03-12,16,47,33,21,5,5,12000000.0,Historique Loto de novembre 2019 à juillet 2026
2022-03-14,11,5,32,49,9,6,13000000.0,Historique Loto de novembre 2019 à juillet 2026
2022-03-16,1,49,12,39,24,3,14000000.0,Historique Loto de novembre 2019 à juillet 2026
2022-03-19,44,38,33,49,41,7,15000000.0,Historique Loto de novembre 2019 à juillet 2026
2022-03-21,10,26,46,35,5,9,2000000.0,Historique Loto de novembre 2019 à juillet 2026
2022-03-23,20,2,29,39,18,10,3000000.0,Historique Loto de novembre 2019 à juillet 2026
2022-03-26,40,10,37,34,12,5,2000000.0,Historique Loto de novembre 2019 à juillet 2026
2022-03-28,16,48,21,5,26,10,3000000.0,Historique Loto de novembre 2019 à juillet 2026
2022-03-30,12,34,16,26,10,7,4000000.0,Historique Loto de novembre 2019 à juillet 2026
2022-04-02,15,6,11,28,24,10,14000000.0,Historique Loto de novembre 2019 à juillet 2026
2022-04-04,23,22,33,36,10,6,15000000.0,Historique Loto de novembre 2019 à juillet 2026
2022-04-06,6,20,48,12,38,7,16000000.0,Historique Loto de novembre 2019 à juillet 2026
2022-04-09,3,15,13,29,40,10,17000000.0,Historique Loto de novembre 2019 à juillet 2026
2022-04-11,32,3,22,18,17,10,18000000.0,Historique Loto de novembre 2019 à juillet 2026
2022-04-13,36,29,44,46,35,8,19000000.0,Historique Loto de novembre 2019 à juillet 2026
2022-04-16,4,41,30,27,21,6,20000000.0,Historique Loto de novembre 2019 à juillet 2026
2022-04-18,10,39,33,9,47,5,2000000.0,Historique Loto de novembre 2019 à juillet 2026
2022-04-20,45,46,4,13,33,7,3000000.0,Historique Loto de novembre 2019 à juillet 2026
2022-04-23,44,20,11,9,42,4,4000000.0,Historique Loto de novembre 2019 à juillet 2026
2022-04-25,31,36,42,23,8,7,5000000.0,Historique Loto de novembre 2019 à juillet 2026
2022-04-27,8,13,1,43,31,10,6000000.0,Historique Loto de novembre 2019 à juillet 2026
2022-04-30,6,27,5,21,47,9,7000000.0,Historique Loto de novembre 2019 à juillet 2026
2022-05-02,46,20,13,47,8,7,8000000.0,Historique Loto de novembre 2019 à juillet 2026
2022-05-04,37,30,17,12,41,2,2000000.0,Historique Loto de novembre 2019 à juillet 2026
2022-05-07,23,37,38,7,15,3,2000000.0,Historique Loto de novembre 2019 à juillet 2026
2022-05-09,6,33,7,9,15,2,3000000.0,Historique Loto de novembre 2019 à juillet 2026
2022-05-11,23,45,7,2,46,10,4000000.0,Historique Loto de novembre 2019 à juillet 2026
2022-05-14,4,44,29,32,24,4,14000000.0,Historique Loto de novembre 2019 à juillet 2026
2022-05-16,21,33,4,14,32,1,15000000.0,Historique Loto de novembre 2019 à juillet 2026
2022-05-18,14,23,22,45,36,7,16000000.0,Historique Loto de novembre 2019 à juillet 2026
2022-05-21,1,12,41,7,21,4,2000000.0,Historique Loto de novembre 2019 à juillet 2026
2022-05-23,30,26,48,41,47,6,2000000.0,Historique Loto de novembre 2019 à juillet 2026
2022-05-25,37,30,24,27,45,10,3000000.0,Historique Loto de novembre 2019 à juillet 2026
2022-05-28,20,27,21,26,7,7,4000000.0,Historique Loto de novembre 2019 à juillet 2026
2022-05-30,22,12,38,13,14,2,5000000.0,Historique Loto de novembre 2019 à juillet 2026
2022-06-01,33,4,35,22,2,7,6000000.0,Historique Loto de novembre 2019 à juillet 2026
2022-06-04,9,23,17,42,6,5,7000000.0,Historique Loto de novembre 2019 à juillet 2026
2022-06-06,20,5,22,23,18,5,8000000.0,Historique Loto de novembre 2019 à juillet 2026
2022-06-08,38,33,39,27,26,5,9000000.0,Historique Loto de novembre 2019 à juillet 2026
2022-06-11,7,28,4,11,10,8,5000000.0,Historique Loto de novembre 2019 à juillet 2026
2022-06-13,44,45,46,43,31,10,2000000.0,Historique Loto de novembre 2019 à juillet 2026
2022-06-15,11,37,44,13,21,6,3000000.0,Historique Loto de novembre 2019 à juillet 2026
2022-06-18,31,1,12,32,28,9,2000000.0,Historique Loto de novembre 2019 à juillet 2026
2022-06-20,27,47,23,48,14,3,2000000.0,Historique Loto de novembre 2019 à juillet 2026
2022-06-22,17,40,10,27,23,2,3000000.0,Historique Loto de novembre 2019 à juillet 2026
2022-06-25,2,47,40,31,49,9,4000000.0,Historique Loto de novembre 2019 à juillet 2026
2022-06-27,34,31,36,24,37,1,5000000.0,Historique Loto de novembre 2019 à juillet 2026
2022-06-29,16,47,43,24,26,9,6000000.0,Historique Loto de novembre 2019 à juillet 2026
2022-07-02,32,20,22,46,34,9,14000000.0,Historique Loto de novembre 2019 à juillet 2026
2022-07-04,18,20,4,12,26,8,,Historique Loto de novembre 2019 à juillet 2026
2022-07-06,43,16,10,25,44,4,,Historique Loto de novembre 2019 à juillet 2026
2022-07-09,37,24,34,9,8,2,,Historique Loto de novembre 2019 à juillet 2026
2022-07-11,10,5,49,47,1,1,,Historique Loto de novembre 2019 à juillet 2026
2022-07-13,30,48,7,31,46,3,,Historique Loto de novembre 2019 à juillet 2026
2022-07-16,3,33,4,49,14,3,,Historique Loto de novembre 2019 à juillet 2026
2022-07-18,18,29,49,37,5,8,,Historique Loto de novembre 2019 à juillet 2026
2022-07-20,29,21,31,47,17,4,,Historique Loto de novembre 2019 à juillet 2026
2022-07-23,15,47,39,25,41,9,,Historique Loto de novembre 2019 à juillet 2026
2022-07-25,26,42,13,7,24,2,,Historique Loto de novembre 2019 à juillet 2026
2022-07-27,13,43,31,47,46,10,,Historique Loto de novembre 2019 à juillet 2026
2022-07-30,14,21,24,2,38,6,,Historique Loto de novembre 2019 à juillet 2026
2022-08-01,38,1,4,23,30,6,,Historique Loto de novembre 2019 à juillet 2026
2022-08-03,45,10,5,40,32,5,,Historique Loto de novembre 2019 à juillet 2026
2022-08-06,37,28,23,38,6,1,,Historique Loto de novembre 2019 à juillet 2026
2022-08-08,41,22,3,37,40,2,,Historique Loto de novembre 2019 à juillet 2026
2022-08-10,15,35,11,28,9,2,,Historique Loto de novembre 2019 à juillet 2026
2022-08-13,17,38,37,11,39,2,,Historique Loto de novembre 2019 à juillet 2026
2022-08-15,34,4,48,42,22,3,,Historique Loto de novembre 2019 à juillet 2026
2022-08-17,16,5,14,29,17,3,,Historique Loto de novembre 2019 à juillet 2026
2022-08-20,21,38,17,1,46,2,,Historique Loto de novembre 2019 à juillet 2026
2022-08-22,39,46,2,9,44,9,,Historique Loto de novembre 2019 à juillet 2026
2022-08-24,39,42,36,27,22,10,,Historique Loto de novembre 2019 à juillet 2026
2022-08-27,32,39,22,11,34,3,,Historique Loto de novembre 2019 à juillet 2026
2022-08-29,5,10,28,34,22,4,,Historique Loto de novembre 2019 à juillet 2026
2022-08-31,9,39,10,15,45,7,,Historique Loto de novembre 2019 à juillet 2026
2022-09-03,35,24,44,38,32,6,,Historique Loto de novembre 2019 à juillet 2026
2022-09-05,5,1,35,27,40,4,,Historique Loto de novembre 2019 à juillet 2026
2022-09-07,20,35,30,3,29,9,,Historique Loto de novembre 2019 à juillet 2026
2022-09-10,25,3,8,49,24,5,,Historique Loto de novembre 2019 à juillet 2026
2022-09-12,4,49,20,7,21,10,,Historique Loto de novembre 2019 à juillet 2026
2022-09-14,40,10,38,26,45,1,,Historique Loto de novembre 2019 à juillet 2026
2022-09-17,12,17,1,20,3,3,,Historique Loto de novembre 2019 à juillet 2026
2022-09-19,5,7,44,15,33,1,,Historique Loto de novembre 2019 à juillet 2026
2022-09-21,3,12,22,9,37,10,,Historique Loto de novembre 2019 à juillet 2026
2022-09-24,25,6,32,7,4,10,,Historique Loto de novembre 2019 à juillet 2026
2022-09-26,29,49,35,18,39,1,,Historique Loto de novembre 2019 à juillet 2026
2022-09-28,12,39,26,14,29,10,,Historique Loto de novembre 2019 à juillet 2026
2022-10-01,8,7,35,36,26,2,,Historique Loto de novembre 2019 à juillet 2026
2022-10-03,20,40,31,7,23,1,,Historique Loto de novembre 2019 à juillet 2026
2022-10-05,32,23,39,35,14,7,,Historique Loto de novembre 2019 à juillet 2026
2022-10-08,17,20,48,16,34,7,,Historique Loto de novembre 2019 à juillet 2026
2022-10-10,19,40,32,13,46,7,,Historique Loto de novembre 2019 à juillet 2026
2022-10-12,17,44,7,40,39,3,,Historique Loto de novembre 2019 à juillet 2026
2022-10-15,31,16,27,24,46,1,,Historique Loto de novembre 2019 à juillet 2026
2022-10-17,38,49,20,16,40,2,,Historique Loto de novembre 2019 à juillet 2026
2022-10-19,35,16,38,46,25,8,,Historique Loto de novembre 2019 à juillet 2026
2022-10-22,12,2,25,35,7,10,,Historique Loto de novembre 2019 à juillet 2026
2022-10-24,43,28,33,37,29,1,,Historique Loto de novembre 2019 à juillet 2026
2022-10-26,45,30,4,2,23,5,,Historique Loto de novembre 2019 à juillet 2026
2022-10-29,33,28,48,44,26,4,,Historique Loto de novembre 2019 à juillet 2026
2022-10-31,34,25,45,44,4,7,,Historique Loto de novembre 2019 à juillet 2026
2022-11-02,45,7,38,4,26,2,,Historique Loto de novembre 2019 à juillet 2026
2022-11-05,40,6,38,23,32,10,,Historique Loto de novembre 2019 à juillet 2026
2022-11-07,24,8,9,40,31,7,,Historique Loto de novembre 2019 à juillet 2026
2022-11-09,15,2,1,41,30,9,,Historique Loto de novembre 2019 à juillet 2026
2022-11-12,14,44,34,25,4,7,,Historique Loto de novembre 2019 à juillet 2026
2022-11-14,28,23,34,44,14,5,,Historique Loto de novembre 2019 à juillet 2026
2022-11-16,1,8,48,38,3,1,,Historique Loto de novembre 2019 à juillet 2026
2022-11-19,40,24,19,1,28,8,,Historique Loto de novembre 2019 à juillet 2026
2022-11-21,45,33,47,15,23,7,,Historique Loto de novembre 2019 à juillet 2026
2022-11-23,46,36,45,15,19,4,,Historique Loto de novembre 2019 à juillet 2026
2022-11-26,5,7,28,23,2,5,,Historique Loto de novembre 2019 à juillet 2026
2022-11-28,24,46,9,2,13,6,,Historique Loto de novembre 2019 à juillet 2026
2022-11-30,44,18,28,49,30,5,,Historique Loto de novembre 2019 à juillet 2026
2022-12-03,32,19,34,26,27,9,,Historique Loto de novembre 2019 à juillet 2026
2022-12-05,36,45,9,24,17,7,,Historique Loto de novembre 2019 à juillet 2026
2022-12-07,2,12,38,15,10,5,,Historique Loto de novembre 2019 à juillet 2026
2022-12-10,6,43,29,13,27,2,,Historique Loto de novembre 2019 à juillet 2026
2022-12-12,46,25,47,2,35,10,,Historique Loto de novembre 2019 à juillet 2026
2022-12-14,15,37,4,20,6,10,,Historique Loto de novembre 2019 à juillet 2026
2022-12-17,46,27,42,23,8,3,,Historique Loto de novembre 2019 à juillet 2026
2022-12-19,43,35,6,31,36,4,,Historique Loto de novembre 2019 à juillet 2026
2022-12-21,11,22,15,12,21,7,,Historique Loto de novembre 2019 à juillet 2026
2022-12-24,12,41,47,46,6,6,,Historique Loto de novembre 2019 à juillet 2026
2022-12-26,6,23,32,49,48,4,,Historique Loto de novembre 2019 à juillet 2026
2022-12-28,29,1,3,35,8,8,,Historique Loto de novembre 2019 à juillet 2026
2022-12-31,35,39,16,11,23,8,,Historique Loto de novembre 2019 à juillet 2026
2023-01-02,49,39,45,41,1,5,,Historique Loto de novembre 2019 à juillet 2026
2023-01-04,3,5,49,38,25,10,,Historique Loto de novembre 2019 à juillet 2026
2023-01-07,8,43,7,21,34,6,,Historique Loto de novembre 2019 à juillet 2026
2023-01-09,38,1,48,30,20,3,,Historique Loto de novembre 2019 à juillet 2026
2023-01-11,8,16,17,3,47,9,,Historique Loto de novembre 2019 à juillet 2026
2023-01-14,22,36,40,13,14,9,,Historique Loto de novembre 2019 à juillet 2026
2023-01-16,5,31,10,19,28,4,,Historique Loto de novembre 2019 à juillet 2026
2023-01-18,7,35,48,39,11,8,,Historique Loto de novembre 2019 à juillet 2026
2023-01-21,41,4,45,18,24,6,,Historique Loto de novembre 2019 à juillet 2026
2023-01-23,28,6,10,35,32,9,,Historique Loto de novembre 2019 à juillet 2026
2023-01-25,32,26,44,18,21,10,,Historique Loto de novembre 2019 à juillet 2026
2023-01-28,15,44,5,30,45,5,,Historique Loto de novembre 2019 à juillet 2026
2023-01-30,35,27,8,30,34,5,,Historique Loto de novembre 2019 à juillet 2026
2023-02-01,12,48,38,35,9,5,,Historique Loto de novembre 2019 à juillet 2026
2023-02-04,42,26,31,13,16,2,,Historique Loto de novembre 2019 à juillet 2026
2023-02-06,32,13,5,21,6,3,,Historique Loto de novembre 2019 à juillet 2026
2023-02-08,44,24,16,21,34,7,,Historique Loto de novembre 2019 à juillet 2026
2023-02-11,43,9,15,47,45,9,,Historique Loto de novembre 2019 à juillet 2026
2023-02-13,20,8,33,27,35,2,,Historique Loto de novembre 2019 à juillet 2026
2023-02-15,20,24,5,44,28,6,,Historique Loto de novembre 2019 à juillet 2026
2023-02-18,12,24,1,13,5,9,,Historique Loto de novembre 2019 à juillet 2026
2023-02-20,35,43,41,22,16,7,,Historique Loto de novembre 2019 à juillet 2026
2023-02-22,37,35,3,24,31,4,,Historique Loto de novembre 2019 à juillet 2026
2023-02-25,34,19,3,1,43,3,,Historique Loto de novembre 2019 à juillet 2026
2023-02-27,5,37,14,6,2,1,,Historique Loto de novembre 2019 à juillet 2026
2023-03-01,18,39,45,14,21,8,,Historique Loto de novembre 2019 à juillet 2026
2023-03-04,42,40,35,25,12,6,,Historique Loto de novembre 2019 à juillet 2026
2023-03-06,24,38,41,18,5,7,,Historique Loto de novembre 2019 à juillet 2026
2023-03-08,10,7,46,16,35,5,,Historique Loto de novembre 2019 à juillet 2026
2023-03-11,6,34,14,33,18,6,,Historique Loto de novembre 2019 à juillet 2026
2023-03-13,47,45,35,42,19,2,,Historique Loto de novembre 2019 à juillet 2026
2023-03-15,37,20,15,5,17,2,,Historique Loto de novembre 2019 à juillet 2026
2023-03-18,7,31,8,48,32,5,,Historique Loto de novembre 2019 à juillet 2026
2023-03-20,38,19,10,26,7,8,,Historique Loto de novembre 2019 à juillet 2026
2023-03-22,24,38,33,12,20,2,,Historique Loto de novembre 2019 à juillet 2026
2023-03-25,3,34,29,7,11,4,,Historique Loto de novembre 2019 à juillet 2026
2023-03-27,1,11,23,41,34,9,,Historique Loto de novembre 2019 à juillet 2026
2023-03-29,34,1,32,14,11,9,,Historique Loto de novembre 2019 à juillet 2026
2023-04-01,44,48,17,12,35,8,,Historique Loto de novembre 2019 à juillet 2026
2023-04-03,49,15,39,31,46,4,,Historique Loto de novembre 2019 à juillet 2026
2023-04-05,31,33,16,29,39,2,,Historique Loto de novembre 2019 à juillet 2026
2023-04-08,19,35,48,3,42,10,,Historique Loto de novembre 2019 à juillet 2026
2023-04-10,45,24,15,10,49,2,,Historique Loto de novembre 2019 à juillet 2026
2023-04-12,18,26,10,30,15,7,,Historique Loto de novembre 2019 à juillet 2026
2023-04-15,32,17,15,19,29,10,,Historique Loto de novembre 2019 à juillet 2026
2023-04-17,3,18,42,13,43,9,,Historique Loto de novembre 2019 à juillet 2026
2023-04-19,43,41,5,46,34,5,,Historique Loto de novembre 2019 à juillet 2026
2023-04-22,12,26,48,13,35,1,,Historique Loto de novembre 2019 à juillet 2026
2023-04-24,41,23,25,1,49,2,,Historique Loto de novembre 2019 à juillet 2026
2023-04-26,3,18,24,11,14,10,,Historique Loto de novembre 2019 à juillet 2026
2023-04-29,40,48,36,22,3,5,,Historique Loto de novembre 2019 à juillet 2026
2023-05-01,15,41,33,44,5,10,,Historique Loto de novembre 2019 à juillet 2026
2023-05-03,17,23,13,20,45,8,,Historique Loto de novembre 2019 à juillet 2026
2023-05-06,47,25,42,2,30,10,,Historique Loto de novembre 2019 à juillet 2026
2023-05-08,43,47,16,39,4,5,,Historique Loto de novembre 2019 à juillet 2026
2023-05-10,45,12,44,15,9,1,,Historique Loto de novembre 2019 à juillet 2026
2023-05-13,43,6,25,34,9,5,,Historique Loto de novembre 2019 à juillet 2026
2023-05-15,12,9,48,7,29,4,,Historique Loto de novembre 2019 à juillet 2026
2023-05-17,8,2,11,47,40,7,,Historique Loto de novembre 2019 à juillet 2026
2023-05-20,25,18,3,8,37,6,,Historique Loto de novembre 2019 à juillet 2026
2023-05-22,43,33,42,22,37,4,,Historique Loto de novembre 2019 à juillet 2026
2023-05-24,20,11,36,17,28,10,,Historique Loto de novembre 2019 à juillet 2026
2023-05-27,25,24,31,34,9,9,,Historique Loto de novembre 2019 à juillet 2026
2023-05-29,12,38,28,24,36,3,,Historique Loto de novembre 2019 à juillet 2026
2023-05-31,43,9,40,28,13,3,,Historique Loto de novembre 2019 à juillet 2026
2023-06-03,46,44,37,2,39,4,,Historique Loto de novembre 2019 à juillet 2026
2023-06-05,3,46,25,10,13,5,,Historique Loto de novembre 2019 à juillet 2026
2023-06-07,41,28,3,4,23,8,,Historique Loto de novembre 2019 à juillet 2026
2023-06-10,28,16,11,32,49,10,,Historique Loto de novembre 2019 à juillet 2026
2023-06-12,12,26,28,19,21,2,,Historique Loto de novembre 2019 à juillet 2026
2023-06-14,14,9,16,12,33,2,,Historique Loto de novembre 2019 à juillet 2026
2023-06-17,28,43,29,38,44,3,,Historique Loto de novembre 2019 à juillet 2026
2023-06-19,39,42,38,29,49,3,,Historique Loto de novembre 2019 à juillet 2026
2023-06-21,20,35,27,19,12,4,,Historique Loto de novembre 2019 à juillet 2026
2023-06-24,30,40,3,21,2,4,,Historique Loto de novembre 2019 à juillet 2026
2023-06-26,14,21,48,16,26,3,,Historique Loto de novembre 2019 à juillet 2026
2023-06-28,49,34,36,12,42,10,,Historique Loto de novembre 2019 à juillet 2026
2023-07-01,24,7,18,15,9,10,,Historique Loto de novembre 2019 à juillet 2026
2023-07-03,42,23,2,8,35,7,,Historique Loto de novembre 2019 à juillet 2026
2023-07-05,22,8,19,7,15,5,,Historique Loto de novembre 2019 à juillet 2026
2023-07-08,6,19,48,32,10,5,,Historique Loto de novembre 2019 à juillet 2026
2023-07-10,14,3,10,44,8,2,,Historique Loto de novembre 2019 à juillet 2026
2023-07-12,31,18,34,27,26,8,,Historique Loto de novembre 2019 à juillet 2026
2023-07-15,7,32,42,45,12,6,,Historique Loto de novembre 2019 à juillet 2026
2023-07-17,47,6,20,9,41,9,,Historique Loto de novembre 2019 à juillet 2026
2023-07-19,35,5,39,19,11,9,,Historique Loto de novembre 2019 à juillet 2026
2023-07-22,37,33,42,36,31,3,,Historique Loto de novembre 2019 à juillet 2026
2023-07-24,12,1,31,45,17,7,,Historique Loto de novembre 2019 à juillet 2026
2023-07-26,17,49,18,28,11,7,,Historique Loto de novembre 2019 à juillet 2026
2023-07-29,1,49,29,18,37,4,,Historique Loto de novembre 2019 à juillet 2026
2023-07-31,1,47,22,33,4,1,,Historique Loto de novembre 2019 à juillet 2026
2023-08-02,18,12,32,9,23,9,,Historique Loto de novembre 2019 à juillet 2026
2023-08-05,40,42,2,7,10,2,,Historique Loto de novembre 2019 à juillet 2026
2023-08-07,11,1,15,48,47,7,,Historique Loto de novembre 2019 à juillet 2026
2023-08-09,6,31,45,14,3,9,,Historique Loto de novembre 2019 à juillet 2026
2023-08-12,9,20,44,1,39,9,,Historique Loto de novembre 2019 à juillet 2026
2023-08-14,44,13,3,27,49,9,,Historique Loto de novembre 2019 à juillet 2026
2023-08-16,24,41,19,35,27,9,,Historique Loto de novembre 2019 à juillet 2026
2023-08-19,27,8,32,11,4,10,,Historique Loto de novembre 2019 à juillet 2026
2023-08-21,3,17,4,36,22,6,,Historique Loto de novembre 2019 à juillet 2026
2023-08-23,46,29,25,8,34,7,,Historique Loto de novembre 2019 à juillet 2026
2023-08-26,15,14,21,34,45,5,,Historique Loto de novembre 2019 à juillet 2026
2023-08-28,9,35,23,37,28,7,,Historique Loto de novembre 2019 à juillet 2026
2023-08-30,46,31,20,45,39,10,,Historique Loto de novembre 2019 à juillet 2026
2023-09-02,10,33,47,1,7,10,,Historique Loto de novembre 2019 à juillet 2026
2023-09-04,27,13,2,11,36,10,,Historique Loto de novembre 2019 à juillet 2026
2023-09-06,47,30,15,33,4,10,,Historique Loto de novembre 2019 à juillet 2026
2023-09-09,15,7,3,42,4,4,,Historique Loto de novembre 2019 à juillet 2026
2023-09-11,31,44,40,13,28,6,,Historique Loto de novembre 2019 à juillet 2026
2023-09-13,11,27,30,48,49,8,,Historique Loto de novembre 2019 à juillet 2026
2023-09-16,42,43,32,40,15,4,,Historique Loto de novembre 2019 à juillet 2026
2023-09-18,5,30,40,35,17,6,,Historique Loto de novembre 2019 à juillet 2026
2023-09-20,48,19,37,16,29,1,,Historique Loto de novembre 2019 à juillet 2026
2023-09-23,26,28,40,37,6,8,,Historique Loto de novembre 2019 à juillet 2026
2023-09-25,4,13,27,46,21,4,,Historique Loto de novembre 2019 à juillet 2026
2023-09-27,44,14,30,25,17,3,,Historique Loto de novembre 2019 à juillet 2026
2023-09-30,33,48,25,23,41,1,,Historique Loto de novembre 2019 à juillet 2026
2023-10-02,6,40,17,15,3,1,,Historique Loto de novembre 2019 à juillet 2026
2023-10-04,26,21,40,27,31,1,,Historique Loto de novembre 2019 à juillet 2026
2023-10-07,5,12,42,9,26,2,,Historique Loto de novembre 2019 à juillet 2026
2023-10-09,9,16,32,30,23,6,,Historique Loto de novembre 2019 à juillet 2026
2023-10-11,10,16,15,6,24,8,,Historique Loto de novembre 2019 à juillet 2026
2023-10-14,13,14,27,4,20,1,,Historique Loto de novembre 2019 à juillet 2026
2023-10-16,6,7,37,25,47,9,,Historique Loto de novembre 2019 à juillet 2026
2023-10-18,22,13,46,49,3,1,,Historique Loto de novembre 2019 à juillet 2026
2023-10-21,47,14,28,3,25,10,,Historique Loto de novembre 2019 à juillet 2026
2023-10-23,10,3,40,26,22,4,,Historique Loto de novembre 2019 à juillet 2026
2023-10-25,22,12,30,35,33,10,,Historique Loto de novembre 2019 à juillet 2026
2023-10-28,31,38,22,32,34,2,,Historique Loto de novembre 2019 à juillet 2026
2023-10-30,30,34,8,1,13,4,,Historique Loto de novembre 2019 à juillet 2026
2023-11-01,32,46,27,1,16,1,,Historique Loto de novembre 2019 à juillet 2026
2023-11-04,20,13,46,40,25,7,,Historique Loto de novembre 2019 à juillet 2026
2023-11-06,18,10,40,34,31,10,,Historique Loto de novembre 2019 à juillet 2026
2023-11-08,2,49,1,36,14,9,,Historique Loto de novembre 2019 à juillet 2026
2023-11-11,17,22,35,25,19,6,,Historique Loto de novembre 2019 à juillet 2026
2023-11-13,46,39,23,45,13,7,,Historique Loto de novembre 2019 à juillet 2026
2023-11-15,22,7,16,30,2,1,,Historique Loto de novembre 2019 à juillet 2026
2023-11-18,12,21,48,29,20,3,,Historique Loto de novembre 2019 à juillet 2026
2023-11-20,30,15,34,46,41,2,,Historique Loto de novembre 2019 à juillet 2026
2023-11-22,18,45,41,4,17,2,,Historique Loto de novembre 2019 à juillet 2026
2023-11-25,1,9,19,13,11,8,,Historique Loto de novembre 2019 à juillet 2026
2023-11-27,19,8,46,26,9,9,,Historique Loto de novembre 2019 à juillet 2026
2023-11-29,21,30,6,31,10,1,,Historique Loto de novembre 2019 à juillet 2026
2023-12-02,25,19,12,11,28,4,,Historique Loto de novembre 2019 à juillet 2026
2023-12-04,41,44,38,8,10,2,,Historique Loto de novembre 2019 à juillet 2026
2023-12-06,29,1,43,37,27,7,,Historique Loto de novembre 2019 à juillet 2026
2023-12-09,40,34,36,28,15,10,,Historique Loto de novembre 2019 à juillet 2026
2023-12-11,25,48,16,12,49,10,,Historique Loto de novembre 2019 à juillet 2026
2023-12-13,4,19,22,18,7,10,,Historique Loto de novembre 2019 à juillet 2026
2023-12-16,1,15,12,30,44,1,,Historique Loto de novembre 2019 à juillet 2026
2023-12-18,30,3,15,41,16,9,,Historique Loto de novembre 2019 à juillet 2026
2023-12-20,2,3,29,30,31,10,,Historique Loto de novembre 2019 à juillet 2026
2023-12-23,39,28,26,5,29,10,,Historique Loto de novembre 2019 à juillet 2026
2023-12-25,9,32,7,47,1,1,,Historique Loto de novembre 2019 à juillet 2026
2023-12-27,16,41,26,28,13,8,,Historique Loto de novembre 2019 à juillet 2026
2023-12-30,36,12,7,11,38,6,,Historique Loto de novembre 2019 à juillet 2026
2024-01-01,4,41,16,13,6,10,,Historique Loto de novembre 2019 à juillet 2026
2024-01-03,36,1,45,9,14,3,,Historique Loto de novembre 2019 à juillet 2026
2024-01-06,49,19,22,40,45,2,,Historique Loto de novembre 2019 à juillet 2026
2024-01-08,6,48,11,49,46,2,,Historique Loto de novembre 2019 à juillet 2026
2024-01-10,12,28,32,45,38,9,,Historique Loto de novembre 2019 à juillet 2026
2024-01-13,12,15,21,29,48,6,,Historique Loto de novembre 2019 à juillet 2026
2024-01-15,11,7,15,23,19,4,,Historique Loto de novembre 2019 à juillet 2026
2024-01-17,29,8,37,22,39,10,,Historique Loto de novembre 2019 à juillet 2026
2024-01-20,19,41,42,43,45,2,,Historique Loto de novembre 2019 à juillet 2026
2024-01-22,32,29,37,20,5,9,,Historique Loto de novembre 2019 à juillet 2026
2024-01-24,25,9,34,31,32,5,,Historique Loto de novembre 2019 à juillet 2026
2024-01-27,47,2,14,33,30,5,,Historique Loto de novembre 2019 à juillet 2026
2024-01-29,27,26,8,9,15,4,,Historique Loto de novembre 2019 à juillet 2026
2024-01-31,34,2,13,15,31,8,,Historique Loto de novembre 2019 à juillet 2026
2024-02-03,42,4,23,15,12,1,,Historique Loto de novembre 2019 à juillet 2026
2024-02-05,36,3,33,34,42,2,,Historique Loto de novembre 2019 à juillet 2026
2024-02-07,24,13,23,6,34,4,,Historique Loto de novembre 2019 à juillet 2026
2024-02-10,44,15,37,34,40,8,,Historique Loto de novembre 2019 à juillet 2026
2024-02-12,36,40,5,30,43,1,,Historique Loto de novembre 2019 à juillet 2026
2024-02-14,28,15,3,46,36,2,,Historique Loto de novembre 2019 à juillet 2026
2024-02-17,2,19,13,23,36,3,,Historique Loto de novembre 2019 à juillet 2026
2024-02-19,35,23,16,42,8,2,,Historique Loto de novembre 2019 à juillet 2026
2024-02-21,42,22,9,33,45,3,,Historique Loto de novembre 2019 à juillet 2026
2024-02-24,14,45,37,22,25,3,,Historique Loto de novembre 2019 à juillet 2026
2024-02-26,7,45,30,8,20,10,,Historique Loto de novembre 2019 à juillet 2026
2024-02-28,2,38,46,27,43,3,,Historique Loto de novembre 2019 à juillet 2026
2024-03-02,20,13,27,26,17,4,,Historique Loto de novembre 2019 à juillet 2026
2024-03-04,25,8,18,27,37,8,,Historique Loto de novembre 2019 à juillet 2026
2024-03-06,12,8,43,46,49,8,,Historique Loto de novembre 2019 à juillet 2026
2024-03-09,29,28,25,7,35,2,,Historique Loto de novembre 2019 à juillet 2026
2024-03-11,18,48,36,16,45,10,,Historique Loto de novembre 2019 à juillet 2026
2024-03-13,5,29,4,10,13,1,,Historique Loto de novembre 2019 à juillet 2026
2024-03-16,12,10,37,25,49,2,,Historique Loto de novembre 2019 à juillet 2026
2024-03-18,36,48,30,20,40,8,,Historique Loto de novembre 2019 à juillet 2026
2024-03-20,24,46,3,22,32,5,,Historique Loto de novembre 2019 à juillet 2026
2024-03-23,47,49,20,34,32,1,,Historique Loto de novembre 2019 à juillet 2026
2024-03-25,37,1,22,26,31,5,,Historique Loto de novembre 2019 à juillet 2026
2024-03-27,28,45,2,15,23,7,,Historique Loto de novembre 2019 à juillet 2026
2024-03-30,40,41,28,8,42,2,,Historique Loto de novembre 2019 à juillet 2026
2024-04-01,9,17,15,12,26,8,,Historique Loto de novembre 2019 à juillet 2026
2024-04-03,26,46,5,12,36,4,,Historique Loto de novembre 2019 à juillet 2026
2024-04-06,27,2,36,43,6,5,,Historique Loto de novembre 2019 à juillet 2026
2024-04-08,2,22,46,21,49,9,,Historique Loto de novembre 2019 à juillet 2026
2024-04-10,18,1,33,9,39,2,,Historique Loto de novembre 2019 à juillet 2026
2024-04-13,45,7,29,19,38,8,,Historique Loto de novembre 2019 à juillet 2026
2024-04-15,24,2,21,36,31,6,,Historique Loto de novembre 2019 à juillet 2026
2024-04-17,48,6,8,17,24,10,,Historique Loto de novembre 2019 à juillet 2026
2024-04-20,13,10,22,24,16,7,,Historique Loto de novembre 2019 à juillet 2026
2024-04-22,48,20,39,8,47,1,,Historique Loto de novembre 2019 à juillet 2026
2024-04-24,38,25,40,41,39,7,,Historique Loto de novembre 2019 à juillet 2026
2024-04-27,18,34,27,14,44,6,,Historique Loto de novembre 2019 à juillet 2026
2024-04-29,49,47,20,3,30,7,,Historique Loto de novembre 2019 à juillet 2026
2024-05-01,17,42,25,5,15,7,,Historique Loto de novembre 2019 à juillet 2026
2024-05-04,2,16,19,12,6,3,,Historique Loto de novembre 2019 à juillet 2026
2024-05-06,1,4,35,39,21,5,,Historique Loto de novembre 2019 à juillet 2026
2024-05-08,7,34,6,3,36,7,,Historique Loto de novembre 2019 à juillet 2026
2024-05-11,6,39,24,13,43,8,,Historique Loto de novembre 2019 à juillet 2026
2024-05-13,26,13,25,12,18,4,,Historique Loto de novembre 2019 à juillet 2026
2024-05-15,21,16,9,20,15,1,,Historique Loto de novembre 2019 à juillet 2026
2024-05-18,14,34,37,15,45,2,,Historique Loto de novembre 2019 à juillet 2026
2024-05-20,12,32,36,6,29,8,,Historique Loto de novembre 2019 à juillet 2026
2024-05-22,46,23,21,32,20,10,,Historique Loto de novembre 2019 à juillet 2026
2024-05-25,19,26,42,18,20,1,,Historique Loto de novembre 2019 à juillet 2026
2024-05-27,41,19,32,42,47,1,,Historique Loto de novembre 2019 à juillet 2026
2024-05-29,10,19,28,38,37,7,,Historique Loto de novembre 2019 à juillet 2026
2024-06-01,27,2,48,43,3,8,,Historique Loto de novembre 2019 à juillet 2026
2024-06-03,9,15,39,49,48,7,,Historique Loto de novembre 2019 à juillet 2026
2024-06-05,4,6,35,47,7,1,,Historique Loto de novembre 2019 à juillet 2026
2024-06-08,35,39,18,43,31,7,,Historique Loto de novembre 2019 à juillet 2026
2024-06-10,47,5,34,28,39,8,,Historique Loto de novembre 2019 à juillet 2026
2024-06-12,28,3,6,33,13,4,,Historique Loto de novembre 2019 à juillet 2026
2024-06-15,8,16,42,30,40,2,,Historique Loto de novembre 2019 à juillet 2026
2024-06-17,28,6,11,46,25,2,,Historique Loto de novembre 2019 à juillet 2026
2024-06-19,35,11,18,46,30,2,,Historique Loto de novembre 2019 à juillet 2026
2024-06-22,10,34,25,38,29,3,,Historique Loto de novembre 2019 à juillet 2026
2024-06-24,48,47,6,45,1,6,,Historique Loto de novembre 2019 à juillet 2026
2024-06-26,21,10,38,41,25,8,,Historique Loto de novembre 2019 à juillet 2026
2024-06-29,17,24,30,43,1,7,,Historique Loto de novembre 2019 à juillet 2026
2024-07-01,22,7,28,6,3,7,,Historique Loto de novembre 2019 à juillet 2026
2024-07-03,4,1,24,21,42,3,,Historique Loto de novembre 2019 à juillet 2026
2024-07-06,46,13,47,18,34,5,,Historique Loto de novembre 2019 à juillet 2026
2024-07-08,7,42,31,8,24,6,,Historique Loto de novembre 2019 à juillet 2026
2024-07-10,16,3,5,39,11,9,,Historique Loto de novembre 2019 à juillet 2026
2024-07-13,21,5,6,24,42,8,,Historique Loto de novembre 2019 à juillet 2026
2024-07-15,4,10,30,38,24,10,,Historique Loto de novembre 2019 à juillet 2026
2024-07-17,35,40,17,6,47,4,,Historique Loto de novembre 2019 à juillet 2026
2024-07-20,5,30,16,47,15,7,,Historique Loto de novembre 2019 à juillet 2026
2024-07-22,49,35,25,27,42,9,,Historique Loto de novembre 2019 à juillet 2026
2024-07-24,40,11,18,8,47,2,,Historique Loto de novembre 2019 à juillet 2026
2024-07-27,21,8,28,42,47,4,,Historique Loto de novembre 2019 à juillet 2026
2024-07-29,20,22,32,34,31,7,,Historique Loto de novembre 2019 à juillet 2026
2024-07-31,25,3,45,47,49,7,,Historique Loto de novembre 2019 à juillet 2026
2024-08-03,47,4,2,14,34,2,,Historique Loto de novembre 2019 à juillet 2026
2024-08-05,24,21,7,31,27,3,,Historique Loto de novembre 2019 à juillet 2026
2024-08-07,27,47,24,39,46,9,,Historique Loto de novembre 2019 à juillet 2026
2024-08-10,36,31,37,28,17,10,,Historique Loto de novembre 2019 à juillet 2026
2024-08-12,16,18,45,38,31,8,,Historique Loto de novembre 2019 à juillet 2026
2024-08-14,25,17,46,28,23,5,,Historique Loto de novembre 2019 à juillet 2026
2024-08-17,3,4,22,48,49,1,,Historique Loto de novembre 2019 à juillet 2026
2024-08-19,10,18,20,19,28,5,,Historique Loto de novembre 2019 à juillet 2026
2024-08-21,3,20,15,31,19,7,,Historique Loto de novembre 2019 à juillet 2026
2024-08-24,13,29,30,20,36,5,,Historique Loto de novembre 2019 à juillet 2026
2024-08-26,6,28,3,12,24,2,,Historique Loto de novembre 2019 à juillet 2026
2024-08-28,42,30,11,33,37,3,,Historique Loto de novembre 2019 à juillet 2026
2024-08-31,43,18,28,40,14,1,,Historique Loto de novembre 2019 à juillet 2026
2024-09-02,27,12,26,6,5,6,,Historique Loto de novembre 2019 à juillet 2026
2024-09-04,4,2,26,22,40,8,,Historique Loto de novembre 2019 à juillet 2026
2024-09-07,48,43,31,9,15,9,,Historique Loto de novembre 2019 à juillet 2026
2024-09-09,18,8,41,17,3,3,,Historique Loto de novembre 2019 à juillet 2026
2024-09-11,28,30,10,39,24,5,,Historique Loto de novembre 2019 à juillet 2026
2024-09-14,15,32,11,49,6,4,,Historique Loto de novembre 2019 à juillet 2026
2024-09-16,27,31,48,30,17,8,,Historique Loto de novembre 2019 à juillet 2026
2024-09-18,2,44,42,47,23,5,,Historique Loto de novembre 2019 à juillet 2026
2024-09-21,32,30,4,2,19,9,,Historique Loto de novembre 2019 à juillet 2026
2024-09-23,9,40,28,27,7,6,,Historique Loto de novembre 2019 à juillet 2026
2024-09-25,5,25,10,6,1,9,,Historique Loto de novembre 2019 à juillet 2026
2024-09-28,47,39,4,42,45,1,,Historique Loto de novembre 2019 à juillet 2026
2024-09-30,1,33,49,24,17,9,,Historique Loto de novembre 2019 à juillet 2026
2024-10-02,2,10,4,49,12,9,,Historique Loto de novembre 2019 à juillet 2026
2024-10-05,30,16,7,13,43,6,,Historique Loto de novembre 2019 à juillet 2026
2024-10-07,49,26,5,7,1,8,,Historique Loto de novembre 2019 à juillet 2026
2024-10-09,5,26,22,31,33,7,,Historique Loto de novembre 2019 à juillet 2026
2024-10-12,35,33,43,6,37,6,,Historique Loto de novembre 2019 à juillet 2026
2024-10-14,42,18,47,41,20,2,,Historique Loto de novembre 2019 à juillet 2026
2024-10-16,1,25,48,21,35,3,,Historique Loto de novembre 2019 à juillet 2026
2024-10-19,10,2,44,46,45,5,,Historique Loto de novembre 2019 à juillet 2026
2024-10-21,7,34,19,15,11,7,,Historique Loto de novembre 2019 à juillet 2026
2024-10-23,27,1,34,44,40,2,,Historique Loto de novembre 2019 à juillet 2026
2024-10-26,9,17,30,20,11,8,,Historique Loto de novembre 2019 à juillet 2026
2024-10-28,21,39,43,9,41,3,,Historique Loto de novembre 2019 à juillet 2026
2024-10-30,4,44,10,29,8,1,,Historique Loto de novembre 2019 à juillet 2026
2024-11-02,31,49,43,21,1,6,,Historique Loto de novembre 2019 à juillet 2026
2024-11-04,17,15,16,39,35,2,,Historique Loto de novembre 2019 à juillet 2026
2024-11-06,26,8,23,15,6,5,,Historique Loto de novembre 2019 à juillet 2026
2024-11-09,36,12,35,23,26,8,,Historique Loto de novembre 2019 à juillet 2026
2024-11-11,8,35,46,6,11,6,,Historique Loto de novembre 2019 à juillet 2026
2024-11-13,9,12,32,39,13,10,,Historique Loto de novembre 2019 à juillet 2026
2024-11-16,46,5,29,7,19,4,,Historique Loto de novembre 2019 à juillet 2026
2024-11-18,17,12,3,8,6,9,,Historique Loto de novembre 2019 à juillet 2026
2024-11-20,35,37,45,48,27,5,,Historique Loto de novembre 2019 à juillet 2026
2024-11-23,37,33,36,34,20,2,,Historique Loto de novembre 2019 à juillet 2026
2024-11-25,13,7,37,49,3,5,,Historique Loto de novembre 2019 à juillet 2026
2024-11-27,15,7,31,35,20,6,,Historique Loto de novembre 2019 à juillet 2026
2024-11-30,21,4,10,38,19,1,,Historique Loto de novembre 2019 à juillet 2026
2024-12-02,48,16,22,41,4,10,,Historique Loto de novembre 2019 à juillet 2026
2024-12-04,40,21,7,34,3,1,,Historique Loto de novembre 2019 à juillet 2026
2024-12-07,9,21,24,30,28,9,,Historique Loto de novembre 2019 à juillet 2026
2024-12-09,38,5,9,25,6,6,,Historique Loto de novembre 2019 à juillet 2026
2024-12-11,28,24,8,43,19,6,,Historique Loto de novembre 2019 à juillet 2026
2024-12-14,30,22,44,40,24,7,,Historique Loto de novembre 2019 à juillet 2026
2024-12-16,43,5,26,36,6,3,,Historique Loto de novembre 2019 à juillet 2026
2024-12-18,8,27,26,46,14,2,,Historique Loto de novembre 2019 à juillet 2026
2024-12-21,41,16,6,28,36,8,,Historique Loto de novembre 2019 à juillet 2026
2024-12-23,22,17,38,2,13,7,,Historique Loto de novembre 2019 à juillet 2026
2024-12-25,46,6,22,44,13,8,,Historique Loto de novembre 2019 à juillet 2026
2024-12-28,31,7,37,39,13,6,,Historique Loto de novembre 2019 à juillet 2026
2024-12-30,13,31,29,1,21,10,,Historique Loto de novembre 2019 à juillet 2026
2025-01-01,8,11,2,25,21,4,,Historique Loto de novembre 2019 à juillet 2026
2025-01-04,17,20,9,19,29,2,,Historique Loto de novembre 2019 à juillet 2026
2025-01-06,3,31,8,16,42,7,,Historique Loto de novembre 2019 à juillet 2026
2025-01-08,14,34,38,24,26,8,,Historique Loto de novembre 2019 à juillet 2026
2025-01-11,42,20,6,29,41,9,,Historique Loto de novembre 2019 à juillet 2026
2025-01-13,31,3,24,41,7,2,,Historique Loto de novembre 2019 à juillet 2026
2025-01-15,1,22,40,27,28,2,,Historique Loto de novembre 2019 à juillet 2026
2025-01-18,11,1,4,33,44,7,,Historique Loto de novembre 2019 à juillet 2026
2025-01-20,19,28,36,40,6,2,,Historique Loto de novembre 2019 à juillet 2026
2025-01-22,29,36,23,44,38,9,,Historique Loto de novembre 2019 à juillet 2026
2025-01-25,45,35,44,5,19,8,,Historique Loto de novembre 2019 à juillet 2026
2025-01-27,24,39,48,3,10,3,,Historique Loto de novembre 2019 à juillet 2026
2025-01-29,29,41,17,27,19,2,,Historique Loto de novembre 2019 à juillet 2026
2025-02-01,34,46,11,30,36,5,,Historique Loto de novembre 2019 à juillet 2026
2025-02-03,29,48,32,27,44,8,,Historique Loto de novembre 2019 à juillet 2026
2025-02-05,14,8,24,28,5,9,,Historique Loto de novembre 2019 à juillet 2026
2025-02-08,49,26,11,43,42,8,,Historique Loto de novembre 2019 à juillet 2026
2025-02-10,39,44,12,29,2,6,,Historique Loto de novembre 2019 à juillet 2026
2025-02-12,1,37,41,30,23,5,,Historique Loto de novembre 2019 à juillet 2026
2025-02-15,48,42,13,49,6,3,,Historique Loto de novembre 2019 à juillet 2026
2025-02-17,40,3,14,20,34,6,,Historique Loto de novembre 2019 à juillet 2026
2025-02-19,42,23,16,32,28,5,,Historique Loto de novembre 2019 à juillet 2026
2025-02-22,28,30,23,39,25,7,,Historique Loto de novembre 2019 à juillet 2026
2025-02-24,32,5,13,38,46,5,,Historique Loto de novembre 2019 à juillet 2026
2025-02-26,44,11,3,15,17,9,,Historique Loto de novembre 2019 à juillet 2026
2025-03-01,14,28,33,9,8,4,,Historique Loto de novembre 2019 à juillet 2026
2025-03-03,41,13,28,6,4,1,,Historique Loto de novembre 2019 à juillet 2026
2025-03-05,47,28,7,26,30,4,,Historique Loto de novembre 2019 à juillet 2026
2025-03-08,18,2,10,3,11,2,,Historique Loto de novembre 2019 à juillet 2026
2025-03-10,23,24,13,15,39,1,,Historique Loto de novembre 2019 à juillet 2026
2025-03-12,21,10,24,32,16,7,,Historique Loto de novembre 2019 à juillet 2026
2025-03-15,27,6,31,21,40,7,,Historique Loto de novembre 2019 à juillet 2026
2025-03-17,16,32,26,9,20,7,,Historique Loto de novembre 2019 à juillet 2026
2025-03-19,15,14,3,45,12,3,,Historique Loto de novembre 2019 à juillet 2026
2025-03-22,3,49,36,20,23,6,,Historique Loto de novembre 2019 à juillet 2026
2025-03-24,35,29,47,46,21,1,,Historique Loto de novembre 2019 à juillet 2026
2025-03-26,4,41,21,19,11,7,,Historique Loto de novembre 2019 à juillet 2026
2025-03-29,14,31,41,7,12,5,,Historique Loto de novembre 2019 à juillet 2026
2025-03-31,3,4,28,16,38,4,,Historique Loto de novembre 2019 à juillet 2026
2025-04-02,45,5,34,15,4,9,,Historique Loto de novembre 2019 à juillet 2026
2025-04-05,14,30,22,8,27,7,,Historique Loto de novembre 2019 à juillet 2026
2025-04-07,21,34,13,38,2,1,,Historique Loto de novembre 2019 à juillet 2026
2025-04-09,36,16,12,47,46,9,,Historique Loto de novembre 2019 à juillet 2026
2025-04-12,3,18,10,13,47,1,,Historique Loto de novembre 2019 à juillet 2026
2025-04-14,33,40,25,31,37,9,,Historique Loto de novembre 2019 à juillet 2026
2025-04-16,13,38,27,40,39,10,,Historique Loto de novembre 2019 à juillet 2026
2025-04-19,19,11,32,16,20,6,,Historique Loto de novembre 2019 à juillet 2026
2025-04-21,5,13,30,48,8,5,,Historique Loto de novembre 2019 à juillet 2026
2025-04-23,5,3,35,20,15,8,,Historique Loto de novembre 2019 à juillet 2026
2025-04-26,39,15,23,45,3,9,,Historique Loto de novembre 2019 à juillet 2026
2025-04-28,6,3,14,35,36,2,,Historique Loto de novembre 2019 à juillet 2026
2025-04-30,8,31,42,3,5,8,,Historique Loto de novembre 2019 à juillet 2026
2025-05-03,38,39,37,19,42,5,,Historique Loto de novembre 2019 à juillet 2026
2025-05-05,8,34,38,47,9,3,,Historique Loto de novembre 2019 à juillet 2026
2025-05-07,32,36,1,41,46,9,,Historique Loto de novembre 2019 à juillet 2026
2025-05-10,49,12,42,29,13,9,,Historique Loto de novembre 2019 à juillet 2026
2025-05-12,12,24,6,16,2,4,,Historique Loto de novembre 2019 à juillet 2026
2025-05-14,34,42,31,12,43,10,,Historique Loto de novembre 2019 à juillet 2026
2025-05-17,18,13,9,12,14,3,,Historique Loto de novembre 2019 à juillet 2026
2025-05-19,8,30,43,42,33,4,,Historique Loto de novembre 2019 à juillet 2026
2025-05-21,11,49,10,18,7,3,,Historique Loto de novembre 2019 à juillet 2026
2025-05-24,49,39,45,14,32,9,,Historique Loto de novembre 2019 à juillet 2026
2025-05-26,41,24,36,33,45,7,,Historique Loto de novembre 2019 à juillet 2026
2025-05-28,26,32,25,38,4,4,,Historique Loto de novembre 2019 à juillet 2026
2025-05-31,4,11,27,37,39,3,,Historique Loto de novembre 2019 à juillet 2026
2025-06-02,25,36,29,8,13,2,,Historique Loto de novembre 2019 à juillet 2026
2025-06-04,2,45,41,18,38,8,,Historique Loto de novembre 2019 à juillet 2026
2025-06-07,7,30,40,37,45,1,,Historique Loto de novembre 2019 à juillet 2026
2025-06-09,25,38,5,34,12,10,,Historique Loto de novembre 2019 à juillet 2026
2025-06-11,9,19,7,18,15,6,,Historique Loto de novembre 2019 à juillet 2026
2025-06-14,25,21,31,44,16,8,,Historique Loto de novembre 2019 à juillet 2026
2025-06-16,1,2,13,39,4,1,,Historique Loto de novembre 2019 à juillet 2026
2025-06-18,9,36,13,24,19,3,,Historique Loto de novembre 2019 à juillet 2026
2025-06-21,34,25,49,18,20,2,,Historique Loto de novembre 2019 à juillet 2026
2025-06-23,20,42,38,44,25,10,,Historique Loto de novembre 2019 à juillet 2026
2025-06-25,32,26,2,5,44,10,,Historique Loto de novembre 2019 à juillet 2026
2025-06-28,4,2,20,3,28,6,,Historique Loto de novembre 2019 à juillet 2026
2025-06-30,17,12,8,10,18,4,,Historique Loto de novembre 2019 à juillet 2026
2025-07-02,25,19,29,38,30,10,,Historique Loto de novembre 2019 à juillet 2026
2025-07-05,32,46,37,25,42,10,,Historique Loto de novembre 2019 à juillet 2026
2025-07-07,18,41,27,26,3,6,,Historique Loto de novembre 2019 à juillet 2026
2025-07-09,36,1,45,22,25,4,,Historique Loto de novembre 2019 à juillet 2026
2025-07-12,39,49,36,48,13,7,,Historique Loto de novembre 2019 à juillet 2026
2025-07-14,37,28,27,6,20,3,,Historique Loto de novembre 2019 à juillet 2026
2025-07-16,3,34,45,41,36,4,,Historique Loto de novembre 2019 à juillet 2026
2025-07-19,25,18,19,45,24,1,,Historique Loto de novembre 2019 à juillet 2026
2025-07-21,5,9,26,16,33,8,,Historique Loto de novembre 2019 à juillet 2026
2025-07-23,18,30,5,43,29,2,,Historique Loto de novembre 2019 à juillet 2026
2025-07-26,1,19,44,32,9,3,,Historique Loto de novembre 2019 à juillet 2026
2025-07-28,25,6,22,27,30,5,,Historique Loto de novembre 2019 à juillet 2026
2025-07-30,13,20,3,41,37,3,,Historique Loto de novembre 2019 à juillet 2026
2025-08-02,14,22,15,31,48,2,,Historique Loto de novembre 2019 à juillet 2026
2025-08-04,6,43,10,31,34,5,,Historique Loto de novembre 2019 à juillet 2026
2025-08-06,5,23,18,19,49,8,,Historique Loto de novembre 2019 à juillet 2026
2025-08-09,19,6,38,21,15,8,,Historique Loto de novembre 2019 à juillet 2026
2025-08-11,40,30,44,1,10,2,,Historique Loto de novembre 2019 à juillet 2026
2025-08-13,47,9,31,36,42,1,,Historique Loto de novembre 2019 à juillet 2026
2025-08-16,31,5,18,45,4,7,,Historique Loto de novembre 2019 à juillet 2026
2025-08-18,8,27,21,2,26,6,,Historique Loto de novembre 2019 à juillet 2026
2025-08-20,2,27,36,40,1,7,,Historique Loto de novembre 2019 à juillet 2026
2025-08-23,49,23,15,20,30,9,,Historique Loto de novembre 2019 à juillet 2026
2025-08-25,32,22,42,21,14,2,,Historique Loto de novembre 2019 à juillet 2026
2025-08-27,7,12,31,20,40,6,,Historique Loto de novembre 2019 à juillet 2026
2025-08-30,23,15,34,39,4,10,,Historique Loto de novembre 2019 à juillet 2026
2025-09-01,44,38,33,25,4,4,,Historique Loto de novembre 2019 à juillet 2026
2025-09-03,31,30,24,2,36,5,,Historique Loto de novembre 2019 à juillet 2026
2025-09-06,26,21,18,17,4,1,,Historique Loto de novembre 2019 à juillet 2026
2025-09-08,30,42,21,10,22,8,,Historique Loto de novembre 2019 à juillet 2026
2025-09-10,18,49,14,24,17,7,,Historique Loto de novembre 2019 à juillet 2026
2025-09-13,29,31,6,41,28,10,,Historique Loto de novembre 2019 à juillet 2026
2025-09-15,30,2,10,32,17,5,,Historique Loto de novembre 2019 à juillet 2026
2025-09-17,2,25,47,32,37,3,,Historique Loto de novembre 2019 à juillet 2026
2025-09-20,36,18,10,39,47,7,,Historique Loto de novembre 2019 à juillet 2026
2025-09-22,10,41,5,29,47,4,,Historique Loto de novembre 2019 à juillet 2026
2025-09-24,3,32,21,23,31,4,,Historique Loto de novembre 2019 à juillet 2026
2025-09-27,45,46,3,19,11,4,,Historique Loto de novembre 2019 à juillet 2026
2025-09-29,27,32,44,5,17,4,,Historique Loto de novembre 2019 à juillet 2026
2025-10-01,10,5,41,35,44,7,,Historique Loto de novembre 2019 à juillet 2026
2025-10-04,6,45,31,29,4,8,,Historique Loto de novembre 2019 à juillet 2026
2025-10-06,22,10,30,1,26,9,,Historique Loto de novembre 2019 à juillet 2026
2025-10-08,5,47,39,10,25,7,,Historique Loto de novembre 2019 à juillet 2026
2025-10-11,5,3,40,32,12,4,,Historique Loto de novembre 2019 à juillet 2026
2025-10-13,2,11,36,45,49,7,,Historique Loto de novembre 2019 à juillet 2026
2025-10-15,17,1,22,9,48,5,,Historique Loto de novembre 2019 à juillet 2026
2025-10-18,17,49,47,11,19,1,,Historique Loto de novembre 2019 à juillet 2026
2025-10-20,38,24,12,43,34,1,,Historique Loto de novembre 2019 à juillet 2026
2025-10-22,49,29,31,4,39,1,,Historique Loto de novembre 2019 à juillet 2026
2025-10-25,6,16,4,5,35,1,,Historique Loto de novembre 2019 à juillet 2026
2025-10-27,48,47,23,45,10,8,,Historique Loto de novembre 2019 à juillet 2026
2025-10-29,7,6,45,34,35,8,,Historique Loto de novembre 2019 à juillet 2026
2025-11-01,3,33,17,24,26,6,,Historique Loto de novembre 2019 à juillet 2026
2025-11-03,32,3,49,29,2,2,,Historique Loto de novembre 2019 à juillet 2026
2025-11-05,45,29,31,23,19,4,,Historique Loto de novembre 2019 à juillet 2026
2025-11-08,16,32,48,36,27,8,,Historique Loto de novembre 2019 à juillet 2026
2025-11-10,8,37,9,16,45,2,,Historique Loto de novembre 2019 à juillet 2026
2025-11-12,8,29,33,37,3,2,,Historique Loto de novembre 2019 à juillet 2026
2025-11-15,11,5,23,22,24,3,,Historique Loto de novembre 2019 à juillet 2026
2025-11-17,26,45,28,17,7,6,,Historique Loto de novembre 2019 à juillet 2026
2025-11-19,46,26,33,45,24,2,,Historique Loto de novembre 2019 à juillet 2026
2025-11-22,7,10,45,34,40,6,,Historique Loto de novembre 2019 à juillet 2026
2025-11-24,47,29,36,28,22,1,,Historique Loto de novembre 2019 à juillet 2026
2025-11-26,14,16,26,9,33,5,,Historique Loto de novembre 2019 à juillet 2026
2025-11-29,8,13,20,27,23,3,,Historique Loto de novembre 2019 à juillet 2026
2025-12-01,38,46,11,13,14,1,,Historique Loto de novembre 2019 à juillet 2026
2025-12-03,28,13,10,36,18,8,,Historique Loto de novembre 2019 à juillet 2026
2025-12-06,14,2,24,34,33,1,,Historique Loto de novembre 2019 à juillet 2026
2025-12-08,9,41,8,11,17,1,,Historique Loto de novembre 2019 à juillet 2026
2025-12-10,34,44,33,35,39,10,,Historique Loto de novembre 2019 à juillet 2026
2025-12-13,25,15,7,10,22,7,,Historique Loto de novembre 2019 à juillet 2026
2025-12-15,38,43,32,26,42,6,,Historique Loto de novembre 2019 à juillet 2026
2025-12-17,2,14,49,20,30,2,,Historique Loto de novembre 2019 à juillet 2026
2025-12-20,28,16,42,47,37,2,,Historique Loto de novembre 2019 à juillet 2026
2025-12-22,40,20,49,16,41,9,,Historique Loto de novembre 2019 à juillet 2026
2025-12-24,5,42,45,9,33,1,,Historique Loto de novembre 2019 à juillet 2026
2025-12-27,17,16,41,42,49,10,,Historique Loto de novembre 2019 à juillet 2026
2025-12-29,21,10,47,43,33,3,,Historique Loto de novembre 2019 à juillet 2026
2025-12-31,43,6,19,39,15,1,,Historique Loto de novembre 2019 à juillet 2026
2026-01-03,29,30,31,9,40,2,,Historique Loto de novembre 2019 à juillet 2026
2026-01-05,30,13,23,31,5,6,,Historique Loto de novembre 2019 à juillet 2026
2026-01-07,5,36,35,17,30,3,,Historique Loto de novembre 2019 à juillet 2026
2026-01-10,16,1,36,7,35,3,,Historique Loto de novembre 2019 à juillet 2026
2026-01-12,2,39,32,24,13,6,,Historique Loto de novembre 2019 à juillet 2026
2026-01-14,23,28,5,4,31,5,,Historique Loto de novembre 2019 à juillet 2026
2026-01-17,42,34,26,12,49,6,,Historique Loto de novembre 2019 à juillet 2026
2026-01-19,13,34,16,24,12,4,,Historique Loto de novembre 2019 à juillet 2026
2026-01-21,40,25,29,27,45,10,,Historique Loto de novembre 2019 à juillet 2026
2026-01-24,30,39,10,33,18,8,,Historique Loto de novembre 2019 à juillet 2026
2026-01-26,25,32,28,9,36,4,,Historique Loto de novembre 2019 à juillet 2026
2026-01-28,42,7,11,30,10,4,,Historique Loto de novembre 2019 à juillet 2026
2026-01-31,24,14,4,1,21,4,,Historique Loto de novembre 2019 à juillet 2026
2026-02-02,7,12,11,41,29,5,,Historique Loto de novembre 2019 à juillet 2026
2026-02-04,1,24,37,12,11,9,,Historique Loto de novembre 2019 à juillet 2026
2026-02-07,49,9,41,20,2,9,,Historique Loto de novembre 2019 à juillet 2026
2026-02-09,23,25,42,38,22,3,,Historique Loto de novembre 2019 à juillet 2026
2026-02-11,36,3,44,47,32,8,,Historique Loto de novembre 2019 à juillet 2026
2026-02-14,9,14,27,33,17,6,,Historique Loto de novembre 2019 à juillet 2026
2026-02-16,35,17,21,29,8,3,,Historique Loto de novembre 2019 à juillet 2026
2026-02-18,25,4,22,36,16,7,,Historique Loto de novembre 2019 à juillet 2026
2026-02-21,4,44,32,17,14,9,,Historique Loto de novembre 2019 à juillet 2026
2026-02-23,29,15,20,47,41,4,,Historique Loto de novembre 2019 à juillet 2026
2026-02-25,8,30,26,22,9,8,,Historique Loto de novembre 2019 à juillet 2026
2026-02-28,18,40,49,31,24,2,,Historique Loto de novembre 2019 à juillet 2026
2026-03-02,40,19,37,34,20,6,,Historique Loto de novembre 2019 à juillet 2026
2026-03-04,14,47,46,16,40,4,,Historique Loto de novembre 2019 à juillet 2026
2026-03-07,22,21,11,9,10,9,,Historique Loto de novembre 2019 à juillet 2026
2026-03-09,16,24,5,35,12,4,,Historique Loto de novembre 2019 à juillet 2026
2026-03-11,14,18,12,16,10,3,,Historique Loto de novembre 2019 à juillet 2026
2026-03-14,22,23,10,46,25,3,,Historique Loto de novembre 2019 à juillet 2026
2026-03-16,31,25,42,5,14,4,,Historique Loto de novembre 2019 à juillet 2026
2026-03-18,13,18,8,48,45,7,,Historique Loto de novembre 2019 à juillet 2026
2026-03-21,3,45,33,19,24,10,,Historique Loto de novembre 2019 à juillet 2026
2026-03-23,30,9,42,38,3,4,,Historique Loto de novembre 2019 à juillet 2026
2026-03-25,48,30,19,28,35,5,,Historique Loto de novembre 2019 à juillet 2026
2026-03-28,38,30,28,17,45,6,,Historique Loto de novembre 2019 à juillet 2026
2026-03-30,10,47,8,28,29,5,,Historique Loto de novembre 2019 à juillet 2026
2026-04-01,43,34,47,23,3,5,,Historique Loto de novembre 2019 à juillet 2026
2026-04-04,5,6,36,7,21,6,,Historique Loto de novembre 2019 à juillet 2026
2026-04-06,33,29,19,3,23,3,,Historique Loto de novembre 2019 à juillet 2026
2026-04-08,23,16,46,13,26,1,,Historique Loto de novembre 2019 à juillet 2026
2026-04-11,48,7,45,41,39,9,,Historique Loto de novembre 2019 à juillet 2026
2026-04-13,22,4,10,18,16,4,,Historique Loto de novembre 2019 à juillet 2026
2026-04-15,44,21,2,48,47,10,,Historique Loto de novembre 2019 à juillet 2026
2026-04-18,22,25,24,5,23,10,,Historique Loto de novembre 2019 à juillet 2026
2026-04-20,21,29,33,2,12,6,,Historique Loto de novembre 2019 à juillet 2026
2026-04-22,37,30,40,38,43,1,,Historique Loto de novembre 2019 à juillet 2026
2026-04-25,25,9,22,17,49,3,,Historique Loto de novembre 2019 à juillet 2026
2026-04-27,6,27,43,23,15,4,,Historique Loto de novembre 2019 à juillet 2026
2026-04-29,30,2,37,3,31,8,,Historique Loto de novembre 2019 à juillet 2026
2026-05-02,17,29,19,10,41,7,,Historique Loto de novembre 2019 à juillet 2026
2026-05-04,46,15,4,18,8,2,,Historique Loto de novembre 2019 à juillet 2026
2026-05-06,7,18,27,35,48,5,,Historique Loto de novembre 2019 à juillet 2026
2026-05-09,25,21,16,31,26,1,,Historique Loto de novembre 2019 à juillet 2026
2026-05-11,18,30,39,17,34,9,,Historique Loto de novembre 2019 à juillet 2026
2026-05-13,46,17,41,35,38,2,,Historique Loto de novembre 2019 à juillet 2026
2026-05-16,30,1,34,32,12,4,,Historique Loto de novembre 2019 à juillet 2026
2026-05-18,32,14,36,33,49,3,,Historique Loto de novembre 2019 à juillet 2026
2026-05-20,28,30,8,48,15,7,,Historique Loto de novembre 2019 à juillet 2026
2026-05-23,20,36,23,21,38,2,,Historique Loto de novembre 2019 à juillet 2026
2026-05-25,31,27,19,22,49,3,,Historique Loto de novembre 2019 à juillet 2026
2026-05-27,15,3,17,41,4,4,,Historique Loto de novembre 2019 à juillet 2026
2026-05-30,31,10,34,3,47,5,,Historique Loto de novembre 2019 à juillet 2026
2026-06-01,5,33,30,26,19,2,,Historique Loto de novembre 2019 à juillet 2026
2026-06-03,30,16,18,17,4,1,,Historique Loto de novembre 2019 à juillet 2026
2026-06-06,32,43,13,19,24,2,,Historique Loto de novembre 2019 à juillet 2026
2026-06-08,41,43,39,24,48,3,,Historique Loto de novembre 2019 à juillet 2026
2026-06-10,12,2,38,47,14,5,,Historique Loto de novembre 2019 à juillet 2026
2026-06-13,39,28,41,27,11,3,,Historique Loto de novembre 2019 à juillet 2026
2026-06-15,49,23,25,29,46,1,,Historique Loto de novembre 2019 à juillet 2026
2026-06-17,37,32,1,39,15,1,,Historique Loto de novembre 2019 à juillet 2026
2026-06-20,5,16,37,41,31,5,,Historique Loto de novembre 2019 à juillet 2026
2026-06-22,13,31,7,47,30,7,,Historique Loto de novembre 2019 à juillet 2026
2026-06-24,8,29,32,38,26,7,,Historique Loto de novembre 2019 à juillet 2026
2026-06-27,18,35,21,24,36,3,,Historique Loto de novembre 2019 à juillet 2026
2026-06-29,1,41,27,13,32,2,,Historique Loto de novembre 2019 à juillet 2026
2026-07-01,8,9,31,10,25,5,,Historique Loto de novembre 2019 à juillet 2026
2026-07-04,15,48,49,31,41,3,,Historique Loto de novembre 2019 à juillet 2026
2026-07-06,36,16,29,46,31,7,,Historique Loto de novembre 2019 à juillet 2026
2026-07-08,16,28,18,7,35,8,,Historique Loto de novembre 2019 à juillet 2026
2026-07-11,3,16,35,38,34,2,,Historique Loto de novembre 2019 à juillet 2026
2026-07-13,45,29,26,18,5,7,,Historique Loto de novembre 2019 à juillet 2026
2026-07-15,1,21,37,9,13,3,,Historique Loto de novembre 2019 à juillet 2026
2026-07-18,27,24,36,11,10,7,,Historique Loto de novembre 2019 à juillet 2026
